{
  "type": "FeatureCollection",
  "features": [
    {
      "type": "Feature",
      "geometry": {
        "type": "Point",
        "coordinates": [
          3.449552,
          6.599428
        ]
      },
      "properties": {
        "node_id": "J2276",
        "hours_flooded": 4.89,
        "max_rate_cms": 159.693,
        "total_vol_10e6l": 1238.003,
        "max_ponded_m": 0.0,
        "elevation_m": 3.55,
        "flood_class": "Severe",
        "colour": "#C62828",
        "pct_nonconverging": null,
        "label": "J2276 | Severe | rate=159.69cms | flooded=4.9h | vol=1238.0e6L"
      }
    },
    {
      "type": "Feature",
      "geometry": {
        "type": "Point",
        "coordinates": [
          3.473044,
          6.55275
        ]
      },
      "properties": {
        "node_id": "J1683",
        "hours_flooded": 5.33,
        "max_rate_cms": 114.977,
        "total_vol_10e6l": 898.625,
        "max_ponded_m": 0.0,
        "elevation_m": 1.43,
        "flood_class": "Severe",
        "colour": "#C62828",
        "pct_nonconverging": null,
        "label": "J1683 | Severe | rate=114.98cms | flooded=5.3h | vol=898.6e6L"
      }
    },
    {
      "type": "Feature",
      "geometry": {
        "type": "Point",
        "coordinates": [
          3.469538,
          6.625823
        ]
      },
      "properties": {
        "node_id": "J2283",
        "hours_flooded": 4.93,
        "max_rate_cms": 108.876,
        "total_vol_10e6l": 927.831,
        "max_ponded_m": 0.0,
        "elevation_m": 0.95,
        "flood_class": "Severe",
        "colour": "#C62828",
        "pct_nonconverging": null,
        "label": "J2283 | Severe | rate=108.88cms | flooded=4.9h | vol=927.8e6L"
      }
    },
    {
      "type": "Feature",
      "geometry": {
        "type": "Point",
        "coordinates": [
          3.40639,
          6.54849
        ]
      },
      "properties": {
        "node_id": "J1777",
        "hours_flooded": 5.36,
        "max_rate_cms": 107.042,
        "total_vol_10e6l": 826.505,
        "max_ponded_m": 0.0,
        "elevation_m": 8.03,
        "flood_class": "Severe",
        "colour": "#C62828",
        "pct_nonconverging": null,
        "label": "J1777 | Severe | rate=107.04cms | flooded=5.4h | vol=826.5e6L"
      }
    },
    {
      "type": "Feature",
      "geometry": {
        "type": "Point",
        "coordinates": [
          3.422726,
          6.609342
        ]
      },
      "properties": {
        "node_id": "J1412",
        "hours_flooded": 5.35,
        "max_rate_cms": 100.111,
        "total_vol_10e6l": 764.862,
        "max_ponded_m": 0.0,
        "elevation_m": 3.03,
        "flood_class": "Severe",
        "colour": "#C62828",
        "pct_nonconverging": null,
        "label": "J1412 | Severe | rate=100.11cms | flooded=5.3h | vol=764.9e6L"
      }
    },
    {
      "type": "Feature",
      "geometry": {
        "type": "Point",
        "coordinates": [
          3.453333,
          6.608803
        ]
      },
      "properties": {
        "node_id": "J2279",
        "hours_flooded": 4.84,
        "max_rate_cms": 96.819,
        "total_vol_10e6l": 668.961,
        "max_ponded_m": 0.0,
        "elevation_m": 3.01,
        "flood_class": "Severe",
        "colour": "#C62828",
        "pct_nonconverging": null,
        "label": "J2279 | Severe | rate=96.82cms | flooded=4.8h | vol=669.0e6L"
      }
    },
    {
      "type": "Feature",
      "geometry": {
        "type": "Point",
        "coordinates": [
          3.415606,
          6.596812
        ]
      },
      "properties": {
        "node_id": "J1424",
        "hours_flooded": 5.28,
        "max_rate_cms": 58.736,
        "total_vol_10e6l": 409.88,
        "max_ponded_m": 0.0,
        "elevation_m": 1.88,
        "flood_class": "Severe",
        "colour": "#C62828",
        "pct_nonconverging": null,
        "label": "J1424 | Severe | rate=58.74cms | flooded=5.3h | vol=409.9e6L"
      }
    },
    {
      "type": "Feature",
      "geometry": {
        "type": "Point",
        "coordinates": [
          3.37921,
          6.644751
        ]
      },
      "properties": {
        "node_id": "J1374",
        "hours_flooded": 5.2,
        "max_rate_cms": 44.529,
        "total_vol_10e6l": 270.448,
        "max_ponded_m": 0.0,
        "elevation_m": 34.73,
        "flood_class": "Severe",
        "colour": "#C62828",
        "pct_nonconverging": null,
        "label": "J1374 | Severe | rate=44.53cms | flooded=5.2h | vol=270.4e6L"
      }
    },
    {
      "type": "Feature",
      "geometry": {
        "type": "Point",
        "coordinates": [
          3.392331,
          6.624727
        ]
      },
      "properties": {
        "node_id": "J2037",
        "hours_flooded": 4.08,
        "max_rate_cms": 39.154,
        "total_vol_10e6l": 241.43,
        "max_ponded_m": 0.0,
        "elevation_m": 15.97,
        "flood_class": "Severe",
        "colour": "#C62828",
        "pct_nonconverging": null,
        "label": "J2037 | Severe | rate=39.15cms | flooded=4.1h | vol=241.4e6L"
      }
    },
    {
      "type": "Feature",
      "geometry": {
        "type": "Point",
        "coordinates": [
          3.40154,
          6.574722
        ]
      },
      "properties": {
        "node_id": "J0953",
        "hours_flooded": 3.74,
        "max_rate_cms": 31.983,
        "total_vol_10e6l": 179.442,
        "max_ponded_m": 0.0,
        "elevation_m": 3.12,
        "flood_class": "Severe",
        "colour": "#C62828",
        "pct_nonconverging": null,
        "label": "J0953 | Severe | rate=31.98cms | flooded=3.7h | vol=179.4e6L"
      }
    },
    {
      "type": "Feature",
      "geometry": {
        "type": "Point",
        "coordinates": [
          3.485509,
          6.625831
        ]
      },
      "properties": {
        "node_id": "J2179",
        "hours_flooded": 5.3,
        "max_rate_cms": 31.705,
        "total_vol_10e6l": 209.625,
        "max_ponded_m": 0.0,
        "elevation_m": 8.11,
        "flood_class": "Severe",
        "colour": "#C62828",
        "pct_nonconverging": null,
        "label": "J2179 | Severe | rate=31.70cms | flooded=5.3h | vol=209.6e6L"
      }
    },
    {
      "type": "Feature",
      "geometry": {
        "type": "Point",
        "coordinates": [
          3.41407,
          6.610977
        ]
      },
      "properties": {
        "node_id": "J1433",
        "hours_flooded": 5.36,
        "max_rate_cms": 29.293,
        "total_vol_10e6l": 208.371,
        "max_ponded_m": 0.0,
        "elevation_m": 2.77,
        "flood_class": "Severe",
        "colour": "#C62828",
        "pct_nonconverging": null,
        "label": "J1433 | Severe | rate=29.29cms | flooded=5.4h | vol=208.4e6L"
      }
    },
    {
      "type": "Feature",
      "geometry": {
        "type": "Point",
        "coordinates": [
          3.46466,
          6.624047
        ]
      },
      "properties": {
        "node_id": "J2284",
        "hours_flooded": 1.02,
        "max_rate_cms": 23.92,
        "total_vol_10e6l": 52.292,
        "max_ponded_m": 0.0,
        "elevation_m": 3.12,
        "flood_class": "Severe",
        "colour": "#C62828",
        "pct_nonconverging": null,
        "label": "J2284 | Severe | rate=23.92cms | flooded=1.0h | vol=52.3e6L"
      }
    },
    {
      "type": "Feature",
      "geometry": {
        "type": "Point",
        "coordinates": [
          3.40555,
          6.542225
        ]
      },
      "properties": {
        "node_id": "J1833",
        "hours_flooded": 5.37,
        "max_rate_cms": 23.706,
        "total_vol_10e6l": 157.651,
        "max_ponded_m": 0.0,
        "elevation_m": 1.26,
        "flood_class": "Severe",
        "colour": "#C62828",
        "pct_nonconverging": null,
        "label": "J1833 | Severe | rate=23.71cms | flooded=5.4h | vol=157.7e6L"
      }
    },
    {
      "type": "Feature",
      "geometry": {
        "type": "Point",
        "coordinates": [
          3.485436,
          6.603764
        ]
      },
      "properties": {
        "node_id": "J0704",
        "hours_flooded": 5.16,
        "max_rate_cms": 23.635,
        "total_vol_10e6l": 157.177,
        "max_ponded_m": 0.0,
        "elevation_m": 1.71,
        "flood_class": "Severe",
        "colour": "#C62828",
        "pct_nonconverging": null,
        "label": "J0704 | Severe | rate=23.64cms | flooded=5.2h | vol=157.2e6L"
      }
    },
    {
      "type": "Feature",
      "geometry": {
        "type": "Point",
        "coordinates": [
          3.393695,
          6.623629
        ]
      },
      "properties": {
        "node_id": "J2056",
        "hours_flooded": 5.35,
        "max_rate_cms": 23.481,
        "total_vol_10e6l": 168.68,
        "max_ponded_m": 0.0,
        "elevation_m": 4.13,
        "flood_class": "Severe",
        "colour": "#C62828",
        "pct_nonconverging": null,
        "label": "J2056 | Severe | rate=23.48cms | flooded=5.3h | vol=168.7e6L"
      }
    },
    {
      "type": "Feature",
      "geometry": {
        "type": "Point",
        "coordinates": [
          3.412679,
          6.611091
        ]
      },
      "properties": {
        "node_id": "J1439",
        "hours_flooded": 4.9,
        "max_rate_cms": 20.601,
        "total_vol_10e6l": 129.53,
        "max_ponded_m": 0.0,
        "elevation_m": 4.86,
        "flood_class": "Severe",
        "colour": "#C62828",
        "pct_nonconverging": null,
        "label": "J1439 | Severe | rate=20.60cms | flooded=4.9h | vol=129.5e6L"
      }
    },
    {
      "type": "Feature",
      "geometry": {
        "type": "Point",
        "coordinates": [
          3.476163,
          6.650644
        ]
      },
      "properties": {
        "node_id": "J2246",
        "hours_flooded": 5.24,
        "max_rate_cms": 19.532,
        "total_vol_10e6l": 123.118,
        "max_ponded_m": 0.0,
        "elevation_m": 10.34,
        "flood_class": "Severe",
        "colour": "#C62828",
        "pct_nonconverging": null,
        "label": "J2246 | Severe | rate=19.53cms | flooded=5.2h | vol=123.1e6L"
      }
    },
    {
      "type": "Feature",
      "geometry": {
        "type": "Point",
        "coordinates": [
          3.391322,
          6.5584
        ]
      },
      "properties": {
        "node_id": "J1409",
        "hours_flooded": 5.32,
        "max_rate_cms": 19.138,
        "total_vol_10e6l": 121.446,
        "max_ponded_m": 0.0,
        "elevation_m": 8.72,
        "flood_class": "Severe",
        "colour": "#C62828",
        "pct_nonconverging": null,
        "label": "J1409 | Severe | rate=19.14cms | flooded=5.3h | vol=121.4e6L"
      }
    },
    {
      "type": "Feature",
      "geometry": {
        "type": "Point",
        "coordinates": [
          3.392222,
          6.624562
        ]
      },
      "properties": {
        "node_id": "J1382",
        "hours_flooded": 3.38,
        "max_rate_cms": 17.17,
        "total_vol_10e6l": 90.035,
        "max_ponded_m": 0.0,
        "elevation_m": 15.97,
        "flood_class": "Severe",
        "colour": "#C62828",
        "pct_nonconverging": null,
        "label": "J1382 | Severe | rate=17.17cms | flooded=3.4h | vol=90.0e6L"
      }
    },
    {
      "type": "Feature",
      "geometry": {
        "type": "Point",
        "coordinates": [
          3.501166,
          6.612822
        ]
      },
      "properties": {
        "node_id": "J1535",
        "hours_flooded": 5.35,
        "max_rate_cms": 16.347,
        "total_vol_10e6l": 107.105,
        "max_ponded_m": 0.0,
        "elevation_m": 14.61,
        "flood_class": "Severe",
        "colour": "#C62828",
        "pct_nonconverging": null,
        "label": "J1535 | Severe | rate=16.35cms | flooded=5.3h | vol=107.1e6L"
      }
    },
    {
      "type": "Feature",
      "geometry": {
        "type": "Point",
        "coordinates": [
          3.40186,
          6.576386
        ]
      },
      "properties": {
        "node_id": "J2068",
        "hours_flooded": 4.26,
        "max_rate_cms": 14.801,
        "total_vol_10e6l": 90.122,
        "max_ponded_m": 0.0,
        "elevation_m": 2.31,
        "flood_class": "Severe",
        "colour": "#C62828",
        "pct_nonconverging": null,
        "label": "J2068 | Severe | rate=14.80cms | flooded=4.3h | vol=90.1e6L"
      }
    },
    {
      "type": "Feature",
      "geometry": {
        "type": "Point",
        "coordinates": [
          3.489654,
          6.582067
        ]
      },
      "properties": {
        "node_id": "J1594",
        "hours_flooded": 2.99,
        "max_rate_cms": 14.015,
        "total_vol_10e6l": 77.308,
        "max_ponded_m": 0.0,
        "elevation_m": 5.53,
        "flood_class": "Severe",
        "colour": "#C62828",
        "pct_nonconverging": null,
        "label": "J1594 | Severe | rate=14.02cms | flooded=3.0h | vol=77.3e6L"
      }
    },
    {
      "type": "Feature",
      "geometry": {
        "type": "Point",
        "coordinates": [
          3.401912,
          6.584145
        ]
      },
      "properties": {
        "node_id": "J0974",
        "hours_flooded": 4.84,
        "max_rate_cms": 13.135,
        "total_vol_10e6l": 80.699,
        "max_ponded_m": 0.0,
        "elevation_m": 2.09,
        "flood_class": "Severe",
        "colour": "#C62828",
        "pct_nonconverging": null,
        "label": "J0974 | Severe | rate=13.13cms | flooded=4.8h | vol=80.7e6L"
      }
    },
    {
      "type": "Feature",
      "geometry": {
        "type": "Point",
        "coordinates": [
          3.416342,
          6.598097
        ]
      },
      "properties": {
        "node_id": "J1423",
        "hours_flooded": 5.31,
        "max_rate_cms": 13.059,
        "total_vol_10e6l": 91.319,
        "max_ponded_m": 0.0,
        "elevation_m": 0.92,
        "flood_class": "Severe",
        "colour": "#C62828",
        "pct_nonconverging": null,
        "label": "J1423 | Severe | rate=13.06cms | flooded=5.3h | vol=91.3e6L"
      }
    },
    {
      "type": "Feature",
      "geometry": {
        "type": "Point",
        "coordinates": [
          3.495691,
          6.60573
        ]
      },
      "properties": {
        "node_id": "J1514",
        "hours_flooded": 5.3,
        "max_rate_cms": 12.75,
        "total_vol_10e6l": 85.828,
        "max_ponded_m": 0.0,
        "elevation_m": 3.02,
        "flood_class": "Severe",
        "colour": "#C62828",
        "pct_nonconverging": null,
        "label": "J1514 | Severe | rate=12.75cms | flooded=5.3h | vol=85.8e6L"
      }
    },
    {
      "type": "Feature",
      "geometry": {
        "type": "Point",
        "coordinates": [
          3.477405,
          6.565121
        ]
      },
      "properties": {
        "node_id": "J1642",
        "hours_flooded": 2.61,
        "max_rate_cms": 12.734,
        "total_vol_10e6l": 62.118,
        "max_ponded_m": 0.0,
        "elevation_m": 6.23,
        "flood_class": "Severe",
        "colour": "#C62828",
        "pct_nonconverging": null,
        "label": "J1642 | Severe | rate=12.73cms | flooded=2.6h | vol=62.1e6L"
      }
    },
    {
      "type": "Feature",
      "geometry": {
        "type": "Point",
        "coordinates": [
          3.485753,
          6.603734
        ]
      },
      "properties": {
        "node_id": "J0707",
        "hours_flooded": 5.16,
        "max_rate_cms": 12.677,
        "total_vol_10e6l": 98.108,
        "max_ponded_m": 0.0,
        "elevation_m": 1.71,
        "flood_class": "Severe",
        "colour": "#C62828",
        "pct_nonconverging": null,
        "label": "J0707 | Severe | rate=12.68cms | flooded=5.2h | vol=98.1e6L"
      }
    },
    {
      "type": "Feature",
      "geometry": {
        "type": "Point",
        "coordinates": [
          3.394482,
          6.622807
        ]
      },
      "properties": {
        "node_id": "J2055",
        "hours_flooded": 2.94,
        "max_rate_cms": 12.521,
        "total_vol_10e6l": 59.872,
        "max_ponded_m": 0.0,
        "elevation_m": 13.53,
        "flood_class": "Severe",
        "colour": "#C62828",
        "pct_nonconverging": null,
        "label": "J2055 | Severe | rate=12.52cms | flooded=2.9h | vol=59.9e6L"
      }
    },
    {
      "type": "Feature",
      "geometry": {
        "type": "Point",
        "coordinates": [
          3.394665,
          6.622594
        ]
      },
      "properties": {
        "node_id": "J2054",
        "hours_flooded": 3.27,
        "max_rate_cms": 12.467,
        "total_vol_10e6l": 71.301,
        "max_ponded_m": 0.0,
        "elevation_m": 13.53,
        "flood_class": "Severe",
        "colour": "#C62828",
        "pct_nonconverging": null,
        "label": "J2054 | Severe | rate=12.47cms | flooded=3.3h | vol=71.3e6L"
      }
    },
    {
      "type": "Feature",
      "geometry": {
        "type": "Point",
        "coordinates": [
          3.479252,
          6.567795
        ]
      },
      "properties": {
        "node_id": "J1635",
        "hours_flooded": 5.25,
        "max_rate_cms": 12.166,
        "total_vol_10e6l": 109.047,
        "max_ponded_m": 0.0,
        "elevation_m": 4.58,
        "flood_class": "Severe",
        "colour": "#C62828",
        "pct_nonconverging": null,
        "label": "J1635 | Severe | rate=12.17cms | flooded=5.2h | vol=109.0e6L"
      }
    },
    {
      "type": "Feature",
      "geometry": {
        "type": "Point",
        "coordinates": [
          3.386037,
          6.580321
        ]
      },
      "properties": {
        "node_id": "J0910",
        "hours_flooded": 5.23,
        "max_rate_cms": 11.965,
        "total_vol_10e6l": 102.574,
        "max_ponded_m": 0.0,
        "elevation_m": 5.88,
        "flood_class": "Severe",
        "colour": "#C62828",
        "pct_nonconverging": null,
        "label": "J0910 | Severe | rate=11.96cms | flooded=5.2h | vol=102.6e6L"
      }
    },
    {
      "type": "Feature",
      "geometry": {
        "type": "Point",
        "coordinates": [
          3.417801,
          6.600685
        ]
      },
      "properties": {
        "node_id": "J1422",
        "hours_flooded": 4.73,
        "max_rate_cms": 11.312,
        "total_vol_10e6l": 69.083,
        "max_ponded_m": 0.0,
        "elevation_m": 2.16,
        "flood_class": "Severe",
        "colour": "#C62828",
        "pct_nonconverging": null,
        "label": "J1422 | Severe | rate=11.31cms | flooded=4.7h | vol=69.1e6L"
      }
    },
    {
      "type": "Feature",
      "geometry": {
        "type": "Point",
        "coordinates": [
          3.480718,
          6.641346
        ]
      },
      "properties": {
        "node_id": "J2209",
        "hours_flooded": 3.51,
        "max_rate_cms": 11.225,
        "total_vol_10e6l": 59.957,
        "max_ponded_m": 0.0,
        "elevation_m": 10.99,
        "flood_class": "Severe",
        "colour": "#C62828",
        "pct_nonconverging": null,
        "label": "J2209 | Severe | rate=11.22cms | flooded=3.5h | vol=60.0e6L"
      }
    },
    {
      "type": "Feature",
      "geometry": {
        "type": "Point",
        "coordinates": [
          3.401839,
          6.576087
        ]
      },
      "properties": {
        "node_id": "J2067",
        "hours_flooded": 3.79,
        "max_rate_cms": 11.206,
        "total_vol_10e6l": 65.834,
        "max_ponded_m": 0.0,
        "elevation_m": 2.31,
        "flood_class": "Severe",
        "colour": "#C62828",
        "pct_nonconverging": null,
        "label": "J2067 | Severe | rate=11.21cms | flooded=3.8h | vol=65.8e6L"
      }
    },
    {
      "type": "Feature",
      "geometry": {
        "type": "Point",
        "coordinates": [
          3.479042,
          6.567571
        ]
      },
      "properties": {
        "node_id": "J1636",
        "hours_flooded": 5.25,
        "max_rate_cms": 11.193,
        "total_vol_10e6l": 100.803,
        "max_ponded_m": 0.0,
        "elevation_m": 4.58,
        "flood_class": "Severe",
        "colour": "#C62828",
        "pct_nonconverging": null,
        "label": "J1636 | Severe | rate=11.19cms | flooded=5.2h | vol=100.8e6L"
      }
    },
    {
      "type": "Feature",
      "geometry": {
        "type": "Point",
        "coordinates": [
          3.39714,
          6.57149
        ]
      },
      "properties": {
        "node_id": "J0304",
        "hours_flooded": 5.3,
        "max_rate_cms": 11.058,
        "total_vol_10e6l": 67.74,
        "max_ponded_m": 0.0,
        "elevation_m": 9.16,
        "flood_class": "Severe",
        "colour": "#C62828",
        "pct_nonconverging": null,
        "label": "J0304 | Severe | rate=11.06cms | flooded=5.3h | vol=67.7e6L"
      }
    },
    {
      "type": "Feature",
      "geometry": {
        "type": "Point",
        "coordinates": [
          3.475654,
          6.560126
        ]
      },
      "properties": {
        "node_id": "J1656",
        "hours_flooded": 2.62,
        "max_rate_cms": 10.924,
        "total_vol_10e6l": 47.142,
        "max_ponded_m": 0.0,
        "elevation_m": 6.87,
        "flood_class": "Severe",
        "colour": "#C62828",
        "pct_nonconverging": null,
        "label": "J1656 | Severe | rate=10.92cms | flooded=2.6h | vol=47.1e6L"
      }
    },
    {
      "type": "Feature",
      "geometry": {
        "type": "Point",
        "coordinates": [
          3.475746,
          6.560375
        ]
      },
      "properties": {
        "node_id": "J1655",
        "hours_flooded": 2.98,
        "max_rate_cms": 10.852,
        "total_vol_10e6l": 57.253,
        "max_ponded_m": 0.0,
        "elevation_m": 6.69,
        "flood_class": "Severe",
        "colour": "#C62828",
        "pct_nonconverging": null,
        "label": "J1655 | Severe | rate=10.85cms | flooded=3.0h | vol=57.3e6L"
      }
    },
    {
      "type": "Feature",
      "geometry": {
        "type": "Point",
        "coordinates": [
          3.47688,
          6.562151
        ]
      },
      "properties": {
        "node_id": "J1721",
        "hours_flooded": 5.05,
        "max_rate_cms": 10.399,
        "total_vol_10e6l": 74.79,
        "max_ponded_m": 0.0,
        "elevation_m": 4.97,
        "flood_class": "Severe",
        "colour": "#C62828",
        "pct_nonconverging": null,
        "label": "J1721 | Severe | rate=10.40cms | flooded=5.0h | vol=74.8e6L"
      }
    },
    {
      "type": "Feature",
      "geometry": {
        "type": "Point",
        "coordinates": [
          3.481166,
          6.639684
        ]
      },
      "properties": {
        "node_id": "J2208",
        "hours_flooded": 4.54,
        "max_rate_cms": 10.382,
        "total_vol_10e6l": 64.274,
        "max_ponded_m": 0.0,
        "elevation_m": 10.32,
        "flood_class": "Severe",
        "colour": "#C62828",
        "pct_nonconverging": null,
        "label": "J2208 | Severe | rate=10.38cms | flooded=4.5h | vol=64.3e6L"
      }
    },
    {
      "type": "Feature",
      "geometry": {
        "type": "Point",
        "coordinates": [
          3.413737,
          6.611057
        ]
      },
      "properties": {
        "node_id": "J1434",
        "hours_flooded": 3.08,
        "max_rate_cms": 10.166,
        "total_vol_10e6l": 50.279,
        "max_ponded_m": 0.0,
        "elevation_m": 4.86,
        "flood_class": "Severe",
        "colour": "#C62828",
        "pct_nonconverging": null,
        "label": "J1434 | Severe | rate=10.17cms | flooded=3.1h | vol=50.3e6L"
      }
    },
    {
      "type": "Feature",
      "geometry": {
        "type": "Point",
        "coordinates": [
          3.371504,
          6.556234
        ]
      },
      "properties": {
        "node_id": "J1694",
        "hours_flooded": 5.18,
        "max_rate_cms": 9.97,
        "total_vol_10e6l": 73.603,
        "max_ponded_m": 0.0,
        "elevation_m": 7.72,
        "flood_class": "Severe",
        "colour": "#C62828",
        "pct_nonconverging": null,
        "label": "J1694 | Severe | rate=9.97cms | flooded=5.2h | vol=73.6e6L"
      }
    },
    {
      "type": "Feature",
      "geometry": {
        "type": "Point",
        "coordinates": [
          3.477793,
          6.565948
        ]
      },
      "properties": {
        "node_id": "J1640",
        "hours_flooded": 3.02,
        "max_rate_cms": 9.492,
        "total_vol_10e6l": 57.531,
        "max_ponded_m": 0.0,
        "elevation_m": 5.92,
        "flood_class": "Severe",
        "colour": "#C62828",
        "pct_nonconverging": null,
        "label": "J1640 | Severe | rate=9.49cms | flooded=3.0h | vol=57.5e6L"
      }
    },
    {
      "type": "Feature",
      "geometry": {
        "type": "Point",
        "coordinates": [
          3.476357,
          6.650152
        ]
      },
      "properties": {
        "node_id": "J2247",
        "hours_flooded": 5.21,
        "max_rate_cms": 9.351,
        "total_vol_10e6l": 56.356,
        "max_ponded_m": 0.0,
        "elevation_m": 10.34,
        "flood_class": "Severe",
        "colour": "#C62828",
        "pct_nonconverging": null,
        "label": "J2247 | Severe | rate=9.35cms | flooded=5.2h | vol=56.4e6L"
      }
    },
    {
      "type": "Feature",
      "geometry": {
        "type": "Point",
        "coordinates": [
          3.39252,
          6.624591
        ]
      },
      "properties": {
        "node_id": "J2059",
        "hours_flooded": 2.8,
        "max_rate_cms": 9.282,
        "total_vol_10e6l": 42.529,
        "max_ponded_m": 0.0,
        "elevation_m": 15.97,
        "flood_class": "Severe",
        "colour": "#C62828",
        "pct_nonconverging": null,
        "label": "J2059 | Severe | rate=9.28cms | flooded=2.8h | vol=42.5e6L"
      }
    },
    {
      "type": "Feature",
      "geometry": {
        "type": "Point",
        "coordinates": [
          3.477326,
          6.613896
        ]
      },
      "properties": {
        "node_id": "J0685",
        "hours_flooded": 5.13,
        "max_rate_cms": 9.177,
        "total_vol_10e6l": 79.194,
        "max_ponded_m": 0.0,
        "elevation_m": 1.72,
        "flood_class": "Severe",
        "colour": "#C62828",
        "pct_nonconverging": null,
        "label": "J0685 | Severe | rate=9.18cms | flooded=5.1h | vol=79.2e6L"
      }
    },
    {
      "type": "Feature",
      "geometry": {
        "type": "Point",
        "coordinates": [
          3.477578,
          6.565574
        ]
      },
      "properties": {
        "node_id": "J1641",
        "hours_flooded": 2.41,
        "max_rate_cms": 9.175,
        "total_vol_10e6l": 37.663,
        "max_ponded_m": 0.0,
        "elevation_m": 6.23,
        "flood_class": "Severe",
        "colour": "#C62828",
        "pct_nonconverging": null,
        "label": "J1641 | Severe | rate=9.18cms | flooded=2.4h | vol=37.7e6L"
      }
    },
    {
      "type": "Feature",
      "geometry": {
        "type": "Point",
        "coordinates": [
          3.475495,
          6.554227
        ]
      },
      "properties": {
        "node_id": "J1716",
        "hours_flooded": 3.68,
        "max_rate_cms": 8.94,
        "total_vol_10e6l": 60.027,
        "max_ponded_m": 0.0,
        "elevation_m": 4.79,
        "flood_class": "Severe",
        "colour": "#C62828",
        "pct_nonconverging": null,
        "label": "J1716 | Severe | rate=8.94cms | flooded=3.7h | vol=60.0e6L"
      }
    },
    {
      "type": "Feature",
      "geometry": {
        "type": "Point",
        "coordinates": [
          3.476275,
          6.614402
        ]
      },
      "properties": {
        "node_id": "J0683",
        "hours_flooded": 5.13,
        "max_rate_cms": 8.91,
        "total_vol_10e6l": 65.62,
        "max_ponded_m": 0.0,
        "elevation_m": 1.72,
        "flood_class": "Severe",
        "colour": "#C62828",
        "pct_nonconverging": null,
        "label": "J0683 | Severe | rate=8.91cms | flooded=5.1h | vol=65.6e6L"
      }
    },
    {
      "type": "Feature",
      "geometry": {
        "type": "Point",
        "coordinates": [
          3.413406,
          6.611109
        ]
      },
      "properties": {
        "node_id": "J1435",
        "hours_flooded": 3.57,
        "max_rate_cms": 8.862,
        "total_vol_10e6l": 51.436,
        "max_ponded_m": 0.0,
        "elevation_m": 4.86,
        "flood_class": "Severe",
        "colour": "#C62828",
        "pct_nonconverging": null,
        "label": "J1435 | Severe | rate=8.86cms | flooded=3.6h | vol=51.4e6L"
      }
    },
    {
      "type": "Feature",
      "geometry": {
        "type": "Point",
        "coordinates": [
          3.378837,
          6.637409
        ]
      },
      "properties": {
        "node_id": "J0462",
        "hours_flooded": 3.04,
        "max_rate_cms": 8.664,
        "total_vol_10e6l": 42.001,
        "max_ponded_m": 0.0,
        "elevation_m": 31.34,
        "flood_class": "Severe",
        "colour": "#C62828",
        "pct_nonconverging": null,
        "label": "J0462 | Severe | rate=8.66cms | flooded=3.0h | vol=42.0e6L"
      }
    },
    {
      "type": "Feature",
      "geometry": {
        "type": "Point",
        "coordinates": [
          3.421912,
          6.607581
        ]
      },
      "properties": {
        "node_id": "J1415",
        "hours_flooded": 3.67,
        "max_rate_cms": 8.524,
        "total_vol_10e6l": 47.792,
        "max_ponded_m": 0.0,
        "elevation_m": 3.15,
        "flood_class": "Severe",
        "colour": "#C62828",
        "pct_nonconverging": null,
        "label": "J1415 | Severe | rate=8.52cms | flooded=3.7h | vol=47.8e6L"
      }
    },
    {
      "type": "Feature",
      "geometry": {
        "type": "Point",
        "coordinates": [
          3.490799,
          6.583844
        ]
      },
      "properties": {
        "node_id": "J1589",
        "hours_flooded": 5.25,
        "max_rate_cms": 8.477,
        "total_vol_10e6l": 83.539,
        "max_ponded_m": 0.0,
        "elevation_m": 2.92,
        "flood_class": "Severe",
        "colour": "#C62828",
        "pct_nonconverging": null,
        "label": "J1589 | Severe | rate=8.48cms | flooded=5.2h | vol=83.5e6L"
      }
    },
    {
      "type": "Feature",
      "geometry": {
        "type": "Point",
        "coordinates": [
          3.481501,
          6.638459
        ]
      },
      "properties": {
        "node_id": "J2207",
        "hours_flooded": 5.24,
        "max_rate_cms": 8.477,
        "total_vol_10e6l": 62.727,
        "max_ponded_m": 0.0,
        "elevation_m": 10.07,
        "flood_class": "Severe",
        "colour": "#C62828",
        "pct_nonconverging": null,
        "label": "J2207 | Severe | rate=8.48cms | flooded=5.2h | vol=62.7e6L"
      }
    },
    {
      "type": "Feature",
      "geometry": {
        "type": "Point",
        "coordinates": [
          3.475619,
          6.559978
        ]
      },
      "properties": {
        "node_id": "J1657",
        "hours_flooded": 2.77,
        "max_rate_cms": 8.407,
        "total_vol_10e6l": 44.587,
        "max_ponded_m": 0.0,
        "elevation_m": 6.87,
        "flood_class": "Severe",
        "colour": "#C62828",
        "pct_nonconverging": null,
        "label": "J1657 | Severe | rate=8.41cms | flooded=2.8h | vol=44.6e6L"
      }
    },
    {
      "type": "Feature",
      "geometry": {
        "type": "Point",
        "coordinates": [
          3.378921,
          6.637931
        ]
      },
      "properties": {
        "node_id": "J2006",
        "hours_flooded": 3.72,
        "max_rate_cms": 8.213,
        "total_vol_10e6l": 53.946,
        "max_ponded_m": 0.0,
        "elevation_m": 31.34,
        "flood_class": "Severe",
        "colour": "#C62828",
        "pct_nonconverging": null,
        "label": "J2006 | Severe | rate=8.21cms | flooded=3.7h | vol=53.9e6L"
      }
    },
    {
      "type": "Feature",
      "geometry": {
        "type": "Point",
        "coordinates": [
          3.474651,
          6.553301
        ]
      },
      "properties": {
        "node_id": "J1676",
        "hours_flooded": 2.74,
        "max_rate_cms": 8.21,
        "total_vol_10e6l": 40.264,
        "max_ponded_m": 0.0,
        "elevation_m": 4.79,
        "flood_class": "Severe",
        "colour": "#C62828",
        "pct_nonconverging": null,
        "label": "J1676 | Severe | rate=8.21cms | flooded=2.7h | vol=40.3e6L"
      }
    },
    {
      "type": "Feature",
      "geometry": {
        "type": "Point",
        "coordinates": [
          3.375456,
          6.643024
        ]
      },
      "properties": {
        "node_id": "J1379",
        "hours_flooded": 5.28,
        "max_rate_cms": 8.169,
        "total_vol_10e6l": 54.803,
        "max_ponded_m": 0.0,
        "elevation_m": 34.11,
        "flood_class": "Severe",
        "colour": "#C62828",
        "pct_nonconverging": null,
        "label": "J1379 | Severe | rate=8.17cms | flooded=5.3h | vol=54.8e6L"
      }
    },
    {
      "type": "Feature",
      "geometry": {
        "type": "Point",
        "coordinates": [
          3.375637,
          6.629043
        ]
      },
      "properties": {
        "node_id": "J0414",
        "hours_flooded": 3.34,
        "max_rate_cms": 8.153,
        "total_vol_10e6l": 44.313,
        "max_ponded_m": 0.0,
        "elevation_m": 21.15,
        "flood_class": "Severe",
        "colour": "#C62828",
        "pct_nonconverging": null,
        "label": "J0414 | Severe | rate=8.15cms | flooded=3.3h | vol=44.3e6L"
      }
    },
    {
      "type": "Feature",
      "geometry": {
        "type": "Point",
        "coordinates": [
          3.404323,
          6.603502
        ]
      },
      "properties": {
        "node_id": "J1856",
        "hours_flooded": 5.31,
        "max_rate_cms": 8.145,
        "total_vol_10e6l": 49.122,
        "max_ponded_m": 0.0,
        "elevation_m": 2.72,
        "flood_class": "Severe",
        "colour": "#C62828",
        "pct_nonconverging": null,
        "label": "J1856 | Severe | rate=8.14cms | flooded=5.3h | vol=49.1e6L"
      }
    },
    {
      "type": "Feature",
      "geometry": {
        "type": "Point",
        "coordinates": [
          3.479227,
          6.613112
        ]
      },
      "properties": {
        "node_id": "J0687",
        "hours_flooded": 2.66,
        "max_rate_cms": 8.119,
        "total_vol_10e6l": 43.037,
        "max_ponded_m": 0.0,
        "elevation_m": 2.36,
        "flood_class": "Severe",
        "colour": "#C62828",
        "pct_nonconverging": null,
        "label": "J0687 | Severe | rate=8.12cms | flooded=2.7h | vol=43.0e6L"
      }
    },
    {
      "type": "Feature",
      "geometry": {
        "type": "Point",
        "coordinates": [
          3.500017,
          6.61076
        ]
      },
      "properties": {
        "node_id": "J1530",
        "hours_flooded": 2.59,
        "max_rate_cms": 8.115,
        "total_vol_10e6l": 34.421,
        "max_ponded_m": 0.0,
        "elevation_m": 22.23,
        "flood_class": "Severe",
        "colour": "#C62828",
        "pct_nonconverging": null,
        "label": "J1530 | Severe | rate=8.12cms | flooded=2.6h | vol=34.4e6L"
      }
    },
    {
      "type": "Feature",
      "geometry": {
        "type": "Point",
        "coordinates": [
          3.397392,
          6.571613
        ]
      },
      "properties": {
        "node_id": "J0323",
        "hours_flooded": 5.29,
        "max_rate_cms": 7.98,
        "total_vol_10e6l": 47.966,
        "max_ponded_m": 0.0,
        "elevation_m": 9.16,
        "flood_class": "Severe",
        "colour": "#C62828",
        "pct_nonconverging": null,
        "label": "J0323 | Severe | rate=7.98cms | flooded=5.3h | vol=48.0e6L"
      }
    },
    {
      "type": "Feature",
      "geometry": {
        "type": "Point",
        "coordinates": [
          3.421024,
          6.606208
        ]
      },
      "properties": {
        "node_id": "J1417",
        "hours_flooded": 5.32,
        "max_rate_cms": 7.89,
        "total_vol_10e6l": 55.744,
        "max_ponded_m": 0.0,
        "elevation_m": 2.24,
        "flood_class": "Severe",
        "colour": "#C62828",
        "pct_nonconverging": null,
        "label": "J1417 | Severe | rate=7.89cms | flooded=5.3h | vol=55.7e6L"
      }
    },
    {
      "type": "Feature",
      "geometry": {
        "type": "Point",
        "coordinates": [
          3.371905,
          6.555846
        ]
      },
      "properties": {
        "node_id": "J1693",
        "hours_flooded": 5.18,
        "max_rate_cms": 7.631,
        "total_vol_10e6l": 46.975,
        "max_ponded_m": 0.0,
        "elevation_m": 7.72,
        "flood_class": "Severe",
        "colour": "#C62828",
        "pct_nonconverging": null,
        "label": "J1693 | Severe | rate=7.63cms | flooded=5.2h | vol=47.0e6L"
      }
    },
    {
      "type": "Feature",
      "geometry": {
        "type": "Point",
        "coordinates": [
          3.401639,
          6.58144
        ]
      },
      "properties": {
        "node_id": "J0995",
        "hours_flooded": 5.29,
        "max_rate_cms": 7.343,
        "total_vol_10e6l": 52.897,
        "max_ponded_m": 0.0,
        "elevation_m": 1.58,
        "flood_class": "Severe",
        "colour": "#C62828",
        "pct_nonconverging": null,
        "label": "J0995 | Severe | rate=7.34cms | flooded=5.3h | vol=52.9e6L"
      }
    },
    {
      "type": "Feature",
      "geometry": {
        "type": "Point",
        "coordinates": [
          3.483998,
          6.571862
        ]
      },
      "properties": {
        "node_id": "J1624",
        "hours_flooded": 3.71,
        "max_rate_cms": 7.267,
        "total_vol_10e6l": 52.044,
        "max_ponded_m": 0.0,
        "elevation_m": 5.64,
        "flood_class": "Severe",
        "colour": "#C62828",
        "pct_nonconverging": null,
        "label": "J1624 | Severe | rate=7.27cms | flooded=3.7h | vol=52.0e6L"
      }
    },
    {
      "type": "Feature",
      "geometry": {
        "type": "Point",
        "coordinates": [
          3.42003,
          6.604604
        ]
      },
      "properties": {
        "node_id": "J1418",
        "hours_flooded": 3.82,
        "max_rate_cms": 7.069,
        "total_vol_10e6l": 39.762,
        "max_ponded_m": 0.0,
        "elevation_m": 2.97,
        "flood_class": "Severe",
        "colour": "#C62828",
        "pct_nonconverging": null,
        "label": "J1418 | Severe | rate=7.07cms | flooded=3.8h | vol=39.8e6L"
      }
    },
    {
      "type": "Feature",
      "geometry": {
        "type": "Point",
        "coordinates": [
          3.476615,
          6.649743
        ]
      },
      "properties": {
        "node_id": "J2248",
        "hours_flooded": 4.29,
        "max_rate_cms": 7.049,
        "total_vol_10e6l": 40.384,
        "max_ponded_m": 0.0,
        "elevation_m": 10.34,
        "flood_class": "Severe",
        "colour": "#C62828",
        "pct_nonconverging": null,
        "label": "J2248 | Severe | rate=7.05cms | flooded=4.3h | vol=40.4e6L"
      }
    },
    {
      "type": "Feature",
      "geometry": {
        "type": "Point",
        "coordinates": [
          3.485768,
          6.573585
        ]
      },
      "properties": {
        "node_id": "J1725",
        "hours_flooded": 2.73,
        "max_rate_cms": 7.001,
        "total_vol_10e6l": 33.27,
        "max_ponded_m": 0.0,
        "elevation_m": 6.25,
        "flood_class": "Severe",
        "colour": "#C62828",
        "pct_nonconverging": null,
        "label": "J1725 | Severe | rate=7.00cms | flooded=2.7h | vol=33.3e6L"
      }
    },
    {
      "type": "Feature",
      "geometry": {
        "type": "Point",
        "coordinates": [
          3.394903,
          6.62226
        ]
      },
      "properties": {
        "node_id": "J2053",
        "hours_flooded": 2.89,
        "max_rate_cms": 6.877,
        "total_vol_10e6l": 32.187,
        "max_ponded_m": 0.0,
        "elevation_m": 13.53,
        "flood_class": "Severe",
        "colour": "#C62828",
        "pct_nonconverging": null,
        "label": "J2053 | Severe | rate=6.88cms | flooded=2.9h | vol=32.2e6L"
      }
    },
    {
      "type": "Feature",
      "geometry": {
        "type": "Point",
        "coordinates": [
          3.374571,
          6.581059
        ]
      },
      "properties": {
        "node_id": "J2104",
        "hours_flooded": 2.5,
        "max_rate_cms": 6.877,
        "total_vol_10e6l": 39.794,
        "max_ponded_m": 0.0,
        "elevation_m": 2.93,
        "flood_class": "Severe",
        "colour": "#C62828",
        "pct_nonconverging": null,
        "label": "J2104 | Severe | rate=6.88cms | flooded=2.5h | vol=39.8e6L"
      }
    },
    {
      "type": "Feature",
      "geometry": {
        "type": "Point",
        "coordinates": [
          3.484845,
          6.572741
        ]
      },
      "properties": {
        "node_id": "J1621",
        "hours_flooded": 3.8,
        "max_rate_cms": 6.864,
        "total_vol_10e6l": 54.189,
        "max_ponded_m": 0.0,
        "elevation_m": 5.64,
        "flood_class": "Severe",
        "colour": "#C62828",
        "pct_nonconverging": null,
        "label": "J1621 | Severe | rate=6.86cms | flooded=3.8h | vol=54.2e6L"
      }
    },
    {
      "type": "Feature",
      "geometry": {
        "type": "Point",
        "coordinates": [
          3.392995,
          6.541354
        ]
      },
      "properties": {
        "node_id": "J0184",
        "hours_flooded": 5.09,
        "max_rate_cms": 6.822,
        "total_vol_10e6l": 47.658,
        "max_ponded_m": 0.0,
        "elevation_m": 0.71,
        "flood_class": "Severe",
        "colour": "#C62828",
        "pct_nonconverging": null,
        "label": "J0184 | Severe | rate=6.82cms | flooded=5.1h | vol=47.7e6L"
      }
    },
    {
      "type": "Feature",
      "geometry": {
        "type": "Point",
        "coordinates": [
          3.488484,
          6.576879
        ]
      },
      "properties": {
        "node_id": "J1609",
        "hours_flooded": 3.85,
        "max_rate_cms": 6.822,
        "total_vol_10e6l": 57.759,
        "max_ponded_m": 0.0,
        "elevation_m": 5.44,
        "flood_class": "Severe",
        "colour": "#C62828",
        "pct_nonconverging": null,
        "label": "J1609 | Severe | rate=6.82cms | flooded=3.9h | vol=57.8e6L"
      }
    },
    {
      "type": "Feature",
      "geometry": {
        "type": "Point",
        "coordinates": [
          3.500055,
          6.542227
        ]
      },
      "properties": {
        "node_id": "J0741",
        "hours_flooded": 4.48,
        "max_rate_cms": 6.801,
        "total_vol_10e6l": 48.779,
        "max_ponded_m": 0.0,
        "elevation_m": 3.35,
        "flood_class": "Severe",
        "colour": "#C62828",
        "pct_nonconverging": null,
        "label": "J0741 | Severe | rate=6.80cms | flooded=4.5h | vol=48.8e6L"
      }
    },
    {
      "type": "Feature",
      "geometry": {
        "type": "Point",
        "coordinates": [
          3.477116,
          6.563499
        ]
      },
      "properties": {
        "node_id": "J1646",
        "hours_flooded": 4.29,
        "max_rate_cms": 6.79,
        "total_vol_10e6l": 61.509,
        "max_ponded_m": 0.0,
        "elevation_m": 4.97,
        "flood_class": "Severe",
        "colour": "#C62828",
        "pct_nonconverging": null,
        "label": "J1646 | Severe | rate=6.79cms | flooded=4.3h | vol=61.5e6L"
      }
    },
    {
      "type": "Feature",
      "geometry": {
        "type": "Point",
        "coordinates": [
          3.500158,
          6.542427
        ]
      },
      "properties": {
        "node_id": "J0742",
        "hours_flooded": 3.97,
        "max_rate_cms": 6.64,
        "total_vol_10e6l": 38.542,
        "max_ponded_m": 0.0,
        "elevation_m": 3.35,
        "flood_class": "Severe",
        "colour": "#C62828",
        "pct_nonconverging": null,
        "label": "J0742 | Severe | rate=6.64cms | flooded=4.0h | vol=38.5e6L"
      }
    },
    {
      "type": "Feature",
      "geometry": {
        "type": "Point",
        "coordinates": [
          3.480941,
          6.5692
        ]
      },
      "properties": {
        "node_id": "J1630",
        "hours_flooded": 2.93,
        "max_rate_cms": 6.55,
        "total_vol_10e6l": 41.225,
        "max_ponded_m": 0.0,
        "elevation_m": 5.9,
        "flood_class": "Severe",
        "colour": "#C62828",
        "pct_nonconverging": null,
        "label": "J1630 | Severe | rate=6.55cms | flooded=2.9h | vol=41.2e6L"
      }
    },
    {
      "type": "Feature",
      "geometry": {
        "type": "Point",
        "coordinates": [
          3.390588,
          6.575723
        ]
      },
      "properties": {
        "node_id": "J0922",
        "hours_flooded": 2.06,
        "max_rate_cms": 6.522,
        "total_vol_10e6l": 25.92,
        "max_ponded_m": 0.0,
        "elevation_m": 21.86,
        "flood_class": "Severe",
        "colour": "#C62828",
        "pct_nonconverging": null,
        "label": "J0922 | Severe | rate=6.52cms | flooded=2.1h | vol=25.9e6L"
      }
    },
    {
      "type": "Feature",
      "geometry": {
        "type": "Point",
        "coordinates": [
          3.397129,
          6.618314
        ]
      },
      "properties": {
        "node_id": "J2047",
        "hours_flooded": 3.11,
        "max_rate_cms": 6.491,
        "total_vol_10e6l": 34.719,
        "max_ponded_m": 0.0,
        "elevation_m": 13.7,
        "flood_class": "Severe",
        "colour": "#C62828",
        "pct_nonconverging": null,
        "label": "J2047 | Severe | rate=6.49cms | flooded=3.1h | vol=34.7e6L"
      }
    },
    {
      "type": "Feature",
      "geometry": {
        "type": "Point",
        "coordinates": [
          3.371171,
          6.609647
        ]
      },
      "properties": {
        "node_id": "J0372",
        "hours_flooded": 5.33,
        "max_rate_cms": 6.359,
        "total_vol_10e6l": 42.742,
        "max_ponded_m": 0.0,
        "elevation_m": 28.16,
        "flood_class": "Severe",
        "colour": "#C62828",
        "pct_nonconverging": null,
        "label": "J0372 | Severe | rate=6.36cms | flooded=5.3h | vol=42.7e6L"
      }
    },
    {
      "type": "Feature",
      "geometry": {
        "type": "Point",
        "coordinates": [
          3.38102,
          6.590989
        ]
      },
      "properties": {
        "node_id": "J0101",
        "hours_flooded": 5.18,
        "max_rate_cms": 6.305,
        "total_vol_10e6l": 33.656,
        "max_ponded_m": 0.0,
        "elevation_m": 24.68,
        "flood_class": "Severe",
        "colour": "#C62828",
        "pct_nonconverging": null,
        "label": "J0101 | Severe | rate=6.30cms | flooded=5.2h | vol=33.7e6L"
      }
    },
    {
      "type": "Feature",
      "geometry": {
        "type": "Point",
        "coordinates": [
          3.476019,
          6.651889
        ]
      },
      "properties": {
        "node_id": "J2245",
        "hours_flooded": 5.24,
        "max_rate_cms": 6.264,
        "total_vol_10e6l": 36.696,
        "max_ponded_m": 0.0,
        "elevation_m": 10.34,
        "flood_class": "Severe",
        "colour": "#C62828",
        "pct_nonconverging": null,
        "label": "J2245 | Severe | rate=6.26cms | flooded=5.2h | vol=36.7e6L"
      }
    },
    {
      "type": "Feature",
      "geometry": {
        "type": "Point",
        "coordinates": [
          3.476217,
          6.614555
        ]
      },
      "properties": {
        "node_id": "J0717",
        "hours_flooded": 5.13,
        "max_rate_cms": 6.224,
        "total_vol_10e6l": 54.475,
        "max_ponded_m": 0.0,
        "elevation_m": 1.72,
        "flood_class": "Severe",
        "colour": "#C62828",
        "pct_nonconverging": null,
        "label": "J0717 | Severe | rate=6.22cms | flooded=5.1h | vol=54.5e6L"
      }
    },
    {
      "type": "Feature",
      "geometry": {
        "type": "Point",
        "coordinates": [
          3.39515,
          6.621853
        ]
      },
      "properties": {
        "node_id": "J2052",
        "hours_flooded": 5.3,
        "max_rate_cms": 6.219,
        "total_vol_10e6l": 46.524,
        "max_ponded_m": 0.0,
        "elevation_m": 11.35,
        "flood_class": "Severe",
        "colour": "#C62828",
        "pct_nonconverging": null,
        "label": "J2052 | Severe | rate=6.22cms | flooded=5.3h | vol=46.5e6L"
      }
    },
    {
      "type": "Feature",
      "geometry": {
        "type": "Point",
        "coordinates": [
          3.483053,
          6.571025
        ]
      },
      "properties": {
        "node_id": "J1626",
        "hours_flooded": 3.09,
        "max_rate_cms": 6.218,
        "total_vol_10e6l": 38.055,
        "max_ponded_m": 0.0,
        "elevation_m": 5.89,
        "flood_class": "Severe",
        "colour": "#C62828",
        "pct_nonconverging": null,
        "label": "J1626 | Severe | rate=6.22cms | flooded=3.1h | vol=38.1e6L"
      }
    },
    {
      "type": "Feature",
      "geometry": {
        "type": "Point",
        "coordinates": [
          3.480156,
          6.643084
        ]
      },
      "properties": {
        "node_id": "J2216",
        "hours_flooded": 3.92,
        "max_rate_cms": 6.195,
        "total_vol_10e6l": 34.624,
        "max_ponded_m": 0.0,
        "elevation_m": 10.92,
        "flood_class": "Severe",
        "colour": "#C62828",
        "pct_nonconverging": null,
        "label": "J2216 | Severe | rate=6.20cms | flooded=3.9h | vol=34.6e6L"
      }
    },
    {
      "type": "Feature",
      "geometry": {
        "type": "Point",
        "coordinates": [
          3.484674,
          6.625715
        ]
      },
      "properties": {
        "node_id": "J2224",
        "hours_flooded": 2.79,
        "max_rate_cms": 6.162,
        "total_vol_10e6l": 28.656,
        "max_ponded_m": 0.0,
        "elevation_m": 9.55,
        "flood_class": "Severe",
        "colour": "#C62828",
        "pct_nonconverging": null,
        "label": "J2224 | Severe | rate=6.16cms | flooded=2.8h | vol=28.7e6L"
      }
    },
    {
      "type": "Feature",
      "geometry": {
        "type": "Point",
        "coordinates": [
          3.482876,
          6.611305
        ]
      },
      "properties": {
        "node_id": "J0692",
        "hours_flooded": 2.1,
        "max_rate_cms": 6.153,
        "total_vol_10e6l": 29.21,
        "max_ponded_m": 0.0,
        "elevation_m": 3.13,
        "flood_class": "Severe",
        "colour": "#C62828",
        "pct_nonconverging": null,
        "label": "J0692 | Severe | rate=6.15cms | flooded=2.1h | vol=29.2e6L"
      }
    },
    {
      "type": "Feature",
      "geometry": {
        "type": "Point",
        "coordinates": [
          3.378869,
          6.639197
        ]
      },
      "properties": {
        "node_id": "J2008",
        "hours_flooded": 2.66,
        "max_rate_cms": 6.133,
        "total_vol_10e6l": 30.236,
        "max_ponded_m": 0.0,
        "elevation_m": 37.74,
        "flood_class": "Severe",
        "colour": "#C62828",
        "pct_nonconverging": null,
        "label": "J2008 | Severe | rate=6.13cms | flooded=2.7h | vol=30.2e6L"
      }
    },
    {
      "type": "Feature",
      "geometry": {
        "type": "Point",
        "coordinates": [
          3.37445,
          6.590309
        ]
      },
      "properties": {
        "node_id": "J0557",
        "hours_flooded": 4.96,
        "max_rate_cms": 6.02,
        "total_vol_10e6l": 30.702,
        "max_ponded_m": 0.0,
        "elevation_m": 23.43,
        "flood_class": "Severe",
        "colour": "#C62828",
        "pct_nonconverging": null,
        "label": "J0557 | Severe | rate=6.02cms | flooded=5.0h | vol=30.7e6L"
      }
    },
    {
      "type": "Feature",
      "geometry": {
        "type": "Point",
        "coordinates": [
          3.413236,
          6.611119
        ]
      },
      "properties": {
        "node_id": "J1436",
        "hours_flooded": 3.83,
        "max_rate_cms": 6.018,
        "total_vol_10e6l": 34.906,
        "max_ponded_m": 0.0,
        "elevation_m": 4.86,
        "flood_class": "Severe",
        "colour": "#C62828",
        "pct_nonconverging": null,
        "label": "J1436 | Severe | rate=6.02cms | flooded=3.8h | vol=34.9e6L"
      }
    },
    {
      "type": "Feature",
      "geometry": {
        "type": "Point",
        "coordinates": [
          3.496674,
          6.598286
        ]
      },
      "properties": {
        "node_id": "J1951",
        "hours_flooded": 5.2,
        "max_rate_cms": 5.984,
        "total_vol_10e6l": 33.524,
        "max_ponded_m": 0.0,
        "elevation_m": 5.6,
        "flood_class": "Severe",
        "colour": "#C62828",
        "pct_nonconverging": null,
        "label": "J1951 | Severe | rate=5.98cms | flooded=5.2h | vol=33.5e6L"
      }
    },
    {
      "type": "Feature",
      "geometry": {
        "type": "Point",
        "coordinates": [
          3.388963,
          6.577383
        ]
      },
      "properties": {
        "node_id": "J0937",
        "hours_flooded": 2.39,
        "max_rate_cms": 5.855,
        "total_vol_10e6l": 29.02,
        "max_ponded_m": 0.0,
        "elevation_m": 17.66,
        "flood_class": "Severe",
        "colour": "#C62828",
        "pct_nonconverging": null,
        "label": "J0937 | Severe | rate=5.86cms | flooded=2.4h | vol=29.0e6L"
      }
    },
    {
      "type": "Feature",
      "geometry": {
        "type": "Point",
        "coordinates": [
          3.482275,
          6.570333
        ]
      },
      "properties": {
        "node_id": "J1627",
        "hours_flooded": 2.62,
        "max_rate_cms": 5.733,
        "total_vol_10e6l": 25.259,
        "max_ponded_m": 0.0,
        "elevation_m": 6.09,
        "flood_class": "Severe",
        "colour": "#C62828",
        "pct_nonconverging": null,
        "label": "J1627 | Severe | rate=5.73cms | flooded=2.6h | vol=25.3e6L"
      }
    },
    {
      "type": "Feature",
      "geometry": {
        "type": "Point",
        "coordinates": [
          3.475769,
          6.554942
        ]
      },
      "properties": {
        "node_id": "J1671",
        "hours_flooded": 5.24,
        "max_rate_cms": 5.72,
        "total_vol_10e6l": 67.147,
        "max_ponded_m": 0.0,
        "elevation_m": 4.09,
        "flood_class": "Severe",
        "colour": "#C62828",
        "pct_nonconverging": null,
        "label": "J1671 | Severe | rate=5.72cms | flooded=5.2h | vol=67.1e6L"
      }
    },
    {
      "type": "Feature",
      "geometry": {
        "type": "Point",
        "coordinates": [
          3.401281,
          6.574542
        ]
      },
      "properties": {
        "node_id": "J1821",
        "hours_flooded": 3.82,
        "max_rate_cms": 5.684,
        "total_vol_10e6l": 32.708,
        "max_ponded_m": 0.0,
        "elevation_m": 3.12,
        "flood_class": "Severe",
        "colour": "#C62828",
        "pct_nonconverging": null,
        "label": "J1821 | Severe | rate=5.68cms | flooded=3.8h | vol=32.7e6L"
      }
    },
    {
      "type": "Feature",
      "geometry": {
        "type": "Point",
        "coordinates": [
          3.397388,
          6.551492
        ]
      },
      "properties": {
        "node_id": "J0272",
        "hours_flooded": 5.33,
        "max_rate_cms": 5.659,
        "total_vol_10e6l": 42.457,
        "max_ponded_m": 0.0,
        "elevation_m": 2.88,
        "flood_class": "Severe",
        "colour": "#C62828",
        "pct_nonconverging": null,
        "label": "J0272 | Severe | rate=5.66cms | flooded=5.3h | vol=42.5e6L"
      }
    },
    {
      "type": "Feature",
      "geometry": {
        "type": "Point",
        "coordinates": [
          3.401765,
          6.575718
        ]
      },
      "properties": {
        "node_id": "J0958",
        "hours_flooded": 2.63,
        "max_rate_cms": 5.632,
        "total_vol_10e6l": 24.477,
        "max_ponded_m": 0.0,
        "elevation_m": 2.31,
        "flood_class": "Severe",
        "colour": "#C62828",
        "pct_nonconverging": null,
        "label": "J0958 | Severe | rate=5.63cms | flooded=2.6h | vol=24.5e6L"
      }
    },
    {
      "type": "Feature",
      "geometry": {
        "type": "Point",
        "coordinates": [
          3.380036,
          6.548483
        ]
      },
      "properties": {
        "node_id": "J0846",
        "hours_flooded": 4.72,
        "max_rate_cms": 5.581,
        "total_vol_10e6l": 37.262,
        "max_ponded_m": 0.0,
        "elevation_m": 3.45,
        "flood_class": "Severe",
        "colour": "#C62828",
        "pct_nonconverging": null,
        "label": "J0846 | Severe | rate=5.58cms | flooded=4.7h | vol=37.3e6L"
      }
    },
    {
      "type": "Feature",
      "geometry": {
        "type": "Point",
        "coordinates": [
          3.482633,
          6.634272
        ]
      },
      "properties": {
        "node_id": "J2199",
        "hours_flooded": 5.25,
        "max_rate_cms": 5.58,
        "total_vol_10e6l": 42.77,
        "max_ponded_m": 0.0,
        "elevation_m": 9.51,
        "flood_class": "Severe",
        "colour": "#C62828",
        "pct_nonconverging": null,
        "label": "J2199 | Severe | rate=5.58cms | flooded=5.2h | vol=42.8e6L"
      }
    },
    {
      "type": "Feature",
      "geometry": {
        "type": "Point",
        "coordinates": [
          3.484894,
          6.606148
        ]
      },
      "properties": {
        "node_id": "J0701",
        "hours_flooded": 3.21,
        "max_rate_cms": 5.517,
        "total_vol_10e6l": 37.181,
        "max_ponded_m": 0.0,
        "elevation_m": 1.83,
        "flood_class": "Severe",
        "colour": "#C62828",
        "pct_nonconverging": null,
        "label": "J0701 | Severe | rate=5.52cms | flooded=3.2h | vol=37.2e6L"
      }
    },
    {
      "type": "Feature",
      "geometry": {
        "type": "Point",
        "coordinates": [
          3.479729,
          6.644962
        ]
      },
      "properties": {
        "node_id": "J2213",
        "hours_flooded": 2.97,
        "max_rate_cms": 5.509,
        "total_vol_10e6l": 28.883,
        "max_ponded_m": 0.0,
        "elevation_m": 10.86,
        "flood_class": "Severe",
        "colour": "#C62828",
        "pct_nonconverging": null,
        "label": "J2213 | Severe | rate=5.51cms | flooded=3.0h | vol=28.9e6L"
      }
    },
    {
      "type": "Feature",
      "geometry": {
        "type": "Point",
        "coordinates": [
          3.491866,
          6.584716
        ]
      },
      "properties": {
        "node_id": "J1584",
        "hours_flooded": 5.25,
        "max_rate_cms": 5.386,
        "total_vol_10e6l": 47.911,
        "max_ponded_m": 0.0,
        "elevation_m": 2.92,
        "flood_class": "Severe",
        "colour": "#C62828",
        "pct_nonconverging": null,
        "label": "J1584 | Severe | rate=5.39cms | flooded=5.2h | vol=47.9e6L"
      }
    },
    {
      "type": "Feature",
      "geometry": {
        "type": "Point",
        "coordinates": [
          3.493541,
          6.596383
        ]
      },
      "properties": {
        "node_id": "J1562",
        "hours_flooded": 5.21,
        "max_rate_cms": 5.366,
        "total_vol_10e6l": 31.25,
        "max_ponded_m": 0.0,
        "elevation_m": 2.77,
        "flood_class": "Severe",
        "colour": "#C62828",
        "pct_nonconverging": null,
        "label": "J1562 | Severe | rate=5.37cms | flooded=5.2h | vol=31.2e6L"
      }
    },
    {
      "type": "Feature",
      "geometry": {
        "type": "Point",
        "coordinates": [
          3.387243,
          6.548926
        ]
      },
      "properties": {
        "node_id": "J0076",
        "hours_flooded": 5.12,
        "max_rate_cms": 5.341,
        "total_vol_10e6l": 33.088,
        "max_ponded_m": 0.0,
        "elevation_m": 5.24,
        "flood_class": "Severe",
        "colour": "#C62828",
        "pct_nonconverging": null,
        "label": "J0076 | Severe | rate=5.34cms | flooded=5.1h | vol=33.1e6L"
      }
    },
    {
      "type": "Feature",
      "geometry": {
        "type": "Point",
        "coordinates": [
          3.486476,
          6.574432
        ]
      },
      "properties": {
        "node_id": "J1615",
        "hours_flooded": 2.75,
        "max_rate_cms": 5.28,
        "total_vol_10e6l": 34.094,
        "max_ponded_m": 0.0,
        "elevation_m": 6.25,
        "flood_class": "Severe",
        "colour": "#C62828",
        "pct_nonconverging": null,
        "label": "J1615 | Severe | rate=5.28cms | flooded=2.8h | vol=34.1e6L"
      }
    },
    {
      "type": "Feature",
      "geometry": {
        "type": "Point",
        "coordinates": [
          3.398573,
          6.551685
        ]
      },
      "properties": {
        "node_id": "J0274",
        "hours_flooded": 2.58,
        "max_rate_cms": 5.276,
        "total_vol_10e6l": 23.072,
        "max_ponded_m": 0.0,
        "elevation_m": 7.98,
        "flood_class": "Severe",
        "colour": "#C62828",
        "pct_nonconverging": null,
        "label": "J0274 | Severe | rate=5.28cms | flooded=2.6h | vol=23.1e6L"
      }
    },
    {
      "type": "Feature",
      "geometry": {
        "type": "Point",
        "coordinates": [
          3.499939,
          6.541544
        ]
      },
      "properties": {
        "node_id": "J0738",
        "hours_flooded": 3.25,
        "max_rate_cms": 5.264,
        "total_vol_10e6l": 29.036,
        "max_ponded_m": 0.0,
        "elevation_m": 3.96,
        "flood_class": "Severe",
        "colour": "#C62828",
        "pct_nonconverging": null,
        "label": "J0738 | Severe | rate=5.26cms | flooded=3.2h | vol=29.0e6L"
      }
    },
    {
      "type": "Feature",
      "geometry": {
        "type": "Point",
        "coordinates": [
          3.372108,
          6.55511
        ]
      },
      "properties": {
        "node_id": "J1691",
        "hours_flooded": 5.09,
        "max_rate_cms": 5.241,
        "total_vol_10e6l": 30.034,
        "max_ponded_m": 0.0,
        "elevation_m": 6.55,
        "flood_class": "Severe",
        "colour": "#C62828",
        "pct_nonconverging": null,
        "label": "J1691 | Severe | rate=5.24cms | flooded=5.1h | vol=30.0e6L"
      }
    },
    {
      "type": "Feature",
      "geometry": {
        "type": "Point",
        "coordinates": [
          3.475253,
          6.618118
        ]
      },
      "properties": {
        "node_id": "J0675",
        "hours_flooded": 2.82,
        "max_rate_cms": 5.194,
        "total_vol_10e6l": 36.524,
        "max_ponded_m": 0.0,
        "elevation_m": 3.85,
        "flood_class": "Severe",
        "colour": "#C62828",
        "pct_nonconverging": null,
        "label": "J0675 | Severe | rate=5.19cms | flooded=2.8h | vol=36.5e6L"
      }
    },
    {
      "type": "Feature",
      "geometry": {
        "type": "Point",
        "coordinates": [
          3.475897,
          6.557096
        ]
      },
      "properties": {
        "node_id": "J1665",
        "hours_flooded": 3.29,
        "max_rate_cms": 5.187,
        "total_vol_10e6l": 41.302,
        "max_ponded_m": 0.0,
        "elevation_m": 5.9,
        "flood_class": "Severe",
        "colour": "#C62828",
        "pct_nonconverging": null,
        "label": "J1665 | Severe | rate=5.19cms | flooded=3.3h | vol=41.3e6L"
      }
    },
    {
      "type": "Feature",
      "geometry": {
        "type": "Point",
        "coordinates": [
          3.405386,
          6.548706
        ]
      },
      "properties": {
        "node_id": "J1775",
        "hours_flooded": 5.36,
        "max_rate_cms": 5.18,
        "total_vol_10e6l": 36.472,
        "max_ponded_m": 0.0,
        "elevation_m": 8.03,
        "flood_class": "Severe",
        "colour": "#C62828",
        "pct_nonconverging": null,
        "label": "J1775 | Severe | rate=5.18cms | flooded=5.4h | vol=36.5e6L"
      }
    },
    {
      "type": "Feature",
      "geometry": {
        "type": "Point",
        "coordinates": [
          3.395601,
          6.621071
        ]
      },
      "properties": {
        "node_id": "J2051",
        "hours_flooded": 5.3,
        "max_rate_cms": 5.169,
        "total_vol_10e6l": 30.235,
        "max_ponded_m": 0.0,
        "elevation_m": 11.35,
        "flood_class": "Severe",
        "colour": "#C62828",
        "pct_nonconverging": null,
        "label": "J2051 | Severe | rate=5.17cms | flooded=5.3h | vol=30.2e6L"
      }
    },
    {
      "type": "Feature",
      "geometry": {
        "type": "Point",
        "coordinates": [
          3.480252,
          6.642976
        ]
      },
      "properties": {
        "node_id": "J2210",
        "hours_flooded": 3.88,
        "max_rate_cms": 5.115,
        "total_vol_10e6l": 29.859,
        "max_ponded_m": 0.0,
        "elevation_m": 10.92,
        "flood_class": "Severe",
        "colour": "#C62828",
        "pct_nonconverging": null,
        "label": "J2210 | Severe | rate=5.12cms | flooded=3.9h | vol=29.9e6L"
      }
    },
    {
      "type": "Feature",
      "geometry": {
        "type": "Point",
        "coordinates": [
          3.476718,
          6.614148
        ]
      },
      "properties": {
        "node_id": "J0684",
        "hours_flooded": 5.13,
        "max_rate_cms": 5.059,
        "total_vol_10e6l": 29.613,
        "max_ponded_m": 0.0,
        "elevation_m": 1.72,
        "flood_class": "Severe",
        "colour": "#C62828",
        "pct_nonconverging": null,
        "label": "J0684 | Severe | rate=5.06cms | flooded=5.1h | vol=29.6e6L"
      }
    },
    {
      "type": "Feature",
      "geometry": {
        "type": "Point",
        "coordinates": [
          3.388564,
          6.555716
        ]
      },
      "properties": {
        "node_id": "J0013",
        "hours_flooded": 1.44,
        "max_rate_cms": 5.0,
        "total_vol_10e6l": 13.235,
        "max_ponded_m": 0.0,
        "elevation_m": 14.38,
        "flood_class": "Severe",
        "colour": "#C62828",
        "pct_nonconverging": null,
        "label": "J0013 | Severe | rate=5.00cms | flooded=1.4h | vol=13.2e6L"
      }
    },
    {
      "type": "Feature",
      "geometry": {
        "type": "Point",
        "coordinates": [
          3.369391,
          6.558587
        ]
      },
      "properties": {
        "node_id": "J1699",
        "hours_flooded": 1.55,
        "max_rate_cms": 4.986,
        "total_vol_10e6l": 15.553,
        "max_ponded_m": 0.0,
        "elevation_m": 23.36,
        "flood_class": "Severe",
        "colour": "#C62828",
        "pct_nonconverging": null,
        "label": "J1699 | Severe | rate=4.99cms | flooded=1.6h | vol=15.6e6L"
      }
    },
    {
      "type": "Feature",
      "geometry": {
        "type": "Point",
        "coordinates": [
          3.372953,
          6.627875
        ]
      },
      "properties": {
        "node_id": "J0404",
        "hours_flooded": 2.72,
        "max_rate_cms": 4.978,
        "total_vol_10e6l": 22.283,
        "max_ponded_m": 0.0,
        "elevation_m": 19.15,
        "flood_class": "Severe",
        "colour": "#C62828",
        "pct_nonconverging": null,
        "label": "J0404 | Severe | rate=4.98cms | flooded=2.7h | vol=22.3e6L"
      }
    },
    {
      "type": "Feature",
      "geometry": {
        "type": "Point",
        "coordinates": [
          3.49339,
          6.595042
        ]
      },
      "properties": {
        "node_id": "J1566",
        "hours_flooded": 5.21,
        "max_rate_cms": 4.968,
        "total_vol_10e6l": 41.794,
        "max_ponded_m": 0.0,
        "elevation_m": 2.77,
        "flood_class": "Severe",
        "colour": "#C62828",
        "pct_nonconverging": null,
        "label": "J1566 | Severe | rate=4.97cms | flooded=5.2h | vol=41.8e6L"
      }
    },
    {
      "type": "Feature",
      "geometry": {
        "type": "Point",
        "coordinates": [
          3.379903,
          6.54816
        ]
      },
      "properties": {
        "node_id": "J0844",
        "hours_flooded": 5.13,
        "max_rate_cms": 4.945,
        "total_vol_10e6l": 32.927,
        "max_ponded_m": 0.0,
        "elevation_m": 3.45,
        "flood_class": "Severe",
        "colour": "#C62828",
        "pct_nonconverging": null,
        "label": "J0844 | Severe | rate=4.95cms | flooded=5.1h | vol=32.9e6L"
      }
    },
    {
      "type": "Feature",
      "geometry": {
        "type": "Point",
        "coordinates": [
          3.415266,
          6.605163
        ]
      },
      "properties": {
        "node_id": "J1425",
        "hours_flooded": 2.91,
        "max_rate_cms": 4.937,
        "total_vol_10e6l": 23.313,
        "max_ponded_m": 0.0,
        "elevation_m": 4.56,
        "flood_class": "Severe",
        "colour": "#C62828",
        "pct_nonconverging": null,
        "label": "J1425 | Severe | rate=4.94cms | flooded=2.9h | vol=23.3e6L"
      }
    },
    {
      "type": "Feature",
      "geometry": {
        "type": "Point",
        "coordinates": [
          3.47545,
          6.619547
        ]
      },
      "properties": {
        "node_id": "J0706",
        "hours_flooded": 1.63,
        "max_rate_cms": 4.912,
        "total_vol_10e6l": 15.473,
        "max_ponded_m": 0.0,
        "elevation_m": 5.49,
        "flood_class": "Severe",
        "colour": "#C62828",
        "pct_nonconverging": null,
        "label": "J0706 | Severe | rate=4.91cms | flooded=1.6h | vol=15.5e6L"
      }
    },
    {
      "type": "Feature",
      "geometry": {
        "type": "Point",
        "coordinates": [
          3.392931,
          6.581709
        ]
      },
      "properties": {
        "node_id": "J2077",
        "hours_flooded": 3.46,
        "max_rate_cms": 4.902,
        "total_vol_10e6l": 25.684,
        "max_ponded_m": 0.0,
        "elevation_m": 3.45,
        "flood_class": "Severe",
        "colour": "#C62828",
        "pct_nonconverging": null,
        "label": "J2077 | Severe | rate=4.90cms | flooded=3.5h | vol=25.7e6L"
      }
    },
    {
      "type": "Feature",
      "geometry": {
        "type": "Point",
        "coordinates": [
          3.418526,
          6.602031
        ]
      },
      "properties": {
        "node_id": "J1421",
        "hours_flooded": 3.3,
        "max_rate_cms": 4.896,
        "total_vol_10e6l": 25.17,
        "max_ponded_m": 0.0,
        "elevation_m": 3.05,
        "flood_class": "Severe",
        "colour": "#C62828",
        "pct_nonconverging": null,
        "label": "J1421 | Severe | rate=4.90cms | flooded=3.3h | vol=25.2e6L"
      }
    },
    {
      "type": "Feature",
      "geometry": {
        "type": "Point",
        "coordinates": [
          3.401813,
          6.575943
        ]
      },
      "properties": {
        "node_id": "J2066",
        "hours_flooded": 3.1,
        "max_rate_cms": 4.896,
        "total_vol_10e6l": 26.917,
        "max_ponded_m": 0.0,
        "elevation_m": 2.31,
        "flood_class": "Severe",
        "colour": "#C62828",
        "pct_nonconverging": null,
        "label": "J2066 | Severe | rate=4.90cms | flooded=3.1h | vol=26.9e6L"
      }
    },
    {
      "type": "Feature",
      "geometry": {
        "type": "Point",
        "coordinates": [
          3.481761,
          6.569888
        ]
      },
      "properties": {
        "node_id": "J1628",
        "hours_flooded": 2.6,
        "max_rate_cms": 4.85,
        "total_vol_10e6l": 23.494,
        "max_ponded_m": 0.0,
        "elevation_m": 6.09,
        "flood_class": "Severe",
        "colour": "#C62828",
        "pct_nonconverging": null,
        "label": "J1628 | Severe | rate=4.85cms | flooded=2.6h | vol=23.5e6L"
      }
    },
    {
      "type": "Feature",
      "geometry": {
        "type": "Point",
        "coordinates": [
          3.475935,
          6.560704
        ]
      },
      "properties": {
        "node_id": "J1654",
        "hours_flooded": 3.34,
        "max_rate_cms": 4.838,
        "total_vol_10e6l": 36.545,
        "max_ponded_m": 0.0,
        "elevation_m": 5.99,
        "flood_class": "Severe",
        "colour": "#C62828",
        "pct_nonconverging": null,
        "label": "J1654 | Severe | rate=4.84cms | flooded=3.3h | vol=36.5e6L"
      }
    },
    {
      "type": "Feature",
      "geometry": {
        "type": "Point",
        "coordinates": [
          3.475901,
          6.555019
        ]
      },
      "properties": {
        "node_id": "J1717",
        "hours_flooded": 1.51,
        "max_rate_cms": 4.817,
        "total_vol_10e6l": 12.965,
        "max_ponded_m": 0.0,
        "elevation_m": 6.48,
        "flood_class": "Severe",
        "colour": "#C62828",
        "pct_nonconverging": null,
        "label": "J1717 | Severe | rate=4.82cms | flooded=1.5h | vol=13.0e6L"
      }
    },
    {
      "type": "Feature",
      "geometry": {
        "type": "Point",
        "coordinates": [
          3.388,
          6.548785
        ]
      },
      "properties": {
        "node_id": "J0871",
        "hours_flooded": 5.15,
        "max_rate_cms": 4.809,
        "total_vol_10e6l": 36.172,
        "max_ponded_m": 0.0,
        "elevation_m": 5.24,
        "flood_class": "Severe",
        "colour": "#C62828",
        "pct_nonconverging": null,
        "label": "J0871 | Severe | rate=4.81cms | flooded=5.2h | vol=36.2e6L"
      }
    },
    {
      "type": "Feature",
      "geometry": {
        "type": "Point",
        "coordinates": [
          3.488429,
          6.602768
        ]
      },
      "properties": {
        "node_id": "J0727",
        "hours_flooded": 2.47,
        "max_rate_cms": 4.784,
        "total_vol_10e6l": 28.597,
        "max_ponded_m": 0.0,
        "elevation_m": 2.82,
        "flood_class": "Severe",
        "colour": "#C62828",
        "pct_nonconverging": null,
        "label": "J0727 | Severe | rate=4.78cms | flooded=2.5h | vol=28.6e6L"
      }
    },
    {
      "type": "Feature",
      "geometry": {
        "type": "Point",
        "coordinates": [
          3.493559,
          6.595382
        ]
      },
      "properties": {
        "node_id": "J1740",
        "hours_flooded": 5.21,
        "max_rate_cms": 4.741,
        "total_vol_10e6l": 28.221,
        "max_ponded_m": 0.0,
        "elevation_m": 2.77,
        "flood_class": "Severe",
        "colour": "#C62828",
        "pct_nonconverging": null,
        "label": "J1740 | Severe | rate=4.74cms | flooded=5.2h | vol=28.2e6L"
      }
    },
    {
      "type": "Feature",
      "geometry": {
        "type": "Point",
        "coordinates": [
          3.49198,
          6.584857
        ]
      },
      "properties": {
        "node_id": "J1583",
        "hours_flooded": 5.25,
        "max_rate_cms": 4.739,
        "total_vol_10e6l": 47.75,
        "max_ponded_m": 0.0,
        "elevation_m": 2.92,
        "flood_class": "Severe",
        "colour": "#C62828",
        "pct_nonconverging": null,
        "label": "J1583 | Severe | rate=4.74cms | flooded=5.2h | vol=47.8e6L"
      }
    },
    {
      "type": "Feature",
      "geometry": {
        "type": "Point",
        "coordinates": [
          3.480337,
          6.568724
        ]
      },
      "properties": {
        "node_id": "J1631",
        "hours_flooded": 2.12,
        "max_rate_cms": 4.713,
        "total_vol_10e6l": 20.49,
        "max_ponded_m": 0.0,
        "elevation_m": 5.9,
        "flood_class": "Severe",
        "colour": "#C62828",
        "pct_nonconverging": null,
        "label": "J1631 | Severe | rate=4.71cms | flooded=2.1h | vol=20.5e6L"
      }
    },
    {
      "type": "Feature",
      "geometry": {
        "type": "Point",
        "coordinates": [
          3.48307,
          6.632023
        ]
      },
      "properties": {
        "node_id": "J2193",
        "hours_flooded": 2.41,
        "max_rate_cms": 4.707,
        "total_vol_10e6l": 20.988,
        "max_ponded_m": 0.0,
        "elevation_m": 10.13,
        "flood_class": "Severe",
        "colour": "#C62828",
        "pct_nonconverging": null,
        "label": "J2193 | Severe | rate=4.71cms | flooded=2.4h | vol=21.0e6L"
      }
    },
    {
      "type": "Feature",
      "geometry": {
        "type": "Point",
        "coordinates": [
          3.482944,
          6.632767
        ]
      },
      "properties": {
        "node_id": "J2195",
        "hours_flooded": 3.85,
        "max_rate_cms": 4.659,
        "total_vol_10e6l": 33.505,
        "max_ponded_m": 0.0,
        "elevation_m": 9.51,
        "flood_class": "Severe",
        "colour": "#C62828",
        "pct_nonconverging": null,
        "label": "J2195 | Severe | rate=4.66cms | flooded=3.9h | vol=33.5e6L"
      }
    },
    {
      "type": "Feature",
      "geometry": {
        "type": "Point",
        "coordinates": [
          3.484297,
          6.608744
        ]
      },
      "properties": {
        "node_id": "J0698",
        "hours_flooded": 2.34,
        "max_rate_cms": 4.641,
        "total_vol_10e6l": 21.647,
        "max_ponded_m": 0.0,
        "elevation_m": 2.82,
        "flood_class": "Severe",
        "colour": "#C62828",
        "pct_nonconverging": null,
        "label": "J0698 | Severe | rate=4.64cms | flooded=2.3h | vol=21.6e6L"
      }
    },
    {
      "type": "Feature",
      "geometry": {
        "type": "Point",
        "coordinates": [
          3.38907,
          6.555067
        ]
      },
      "properties": {
        "node_id": "J1485",
        "hours_flooded": 2.5,
        "max_rate_cms": 4.572,
        "total_vol_10e6l": 26.319,
        "max_ponded_m": 0.0,
        "elevation_m": 12.84,
        "flood_class": "Severe",
        "colour": "#C62828",
        "pct_nonconverging": null,
        "label": "J1485 | Severe | rate=4.57cms | flooded=2.5h | vol=26.3e6L"
      }
    },
    {
      "type": "Feature",
      "geometry": {
        "type": "Point",
        "coordinates": [
          3.384136,
          6.585519
        ]
      },
      "properties": {
        "node_id": "J0891",
        "hours_flooded": 5.21,
        "max_rate_cms": 4.569,
        "total_vol_10e6l": 36.07,
        "max_ponded_m": 0.0,
        "elevation_m": 5.26,
        "flood_class": "Severe",
        "colour": "#C62828",
        "pct_nonconverging": null,
        "label": "J0891 | Severe | rate=4.57cms | flooded=5.2h | vol=36.1e6L"
      }
    },
    {
      "type": "Feature",
      "geometry": {
        "type": "Point",
        "coordinates": [
          3.375119,
          6.552628
        ]
      },
      "properties": {
        "node_id": "J0858",
        "hours_flooded": 2.81,
        "max_rate_cms": 4.557,
        "total_vol_10e6l": 23.497,
        "max_ponded_m": 0.0,
        "elevation_m": 8.58,
        "flood_class": "Severe",
        "colour": "#C62828",
        "pct_nonconverging": null,
        "label": "J0858 | Severe | rate=4.56cms | flooded=2.8h | vol=23.5e6L"
      }
    },
    {
      "type": "Feature",
      "geometry": {
        "type": "Point",
        "coordinates": [
          3.476013,
          6.556193
        ]
      },
      "properties": {
        "node_id": "J1719",
        "hours_flooded": 1.96,
        "max_rate_cms": 4.551,
        "total_vol_10e6l": 17.049,
        "max_ponded_m": 0.0,
        "elevation_m": 6.48,
        "flood_class": "Severe",
        "colour": "#C62828",
        "pct_nonconverging": null,
        "label": "J1719 | Severe | rate=4.55cms | flooded=2.0h | vol=17.0e6L"
      }
    },
    {
      "type": "Feature",
      "geometry": {
        "type": "Point",
        "coordinates": [
          3.382571,
          6.592487
        ]
      },
      "properties": {
        "node_id": "J1230",
        "hours_flooded": 5.1,
        "max_rate_cms": 4.531,
        "total_vol_10e6l": 27.64,
        "max_ponded_m": 0.0,
        "elevation_m": 24.56,
        "flood_class": "Severe",
        "colour": "#C62828",
        "pct_nonconverging": null,
        "label": "J1230 | Severe | rate=4.53cms | flooded=5.1h | vol=27.6e6L"
      }
    },
    {
      "type": "Feature",
      "geometry": {
        "type": "Point",
        "coordinates": [
          3.396422,
          6.619632
        ]
      },
      "properties": {
        "node_id": "J2049",
        "hours_flooded": 3.58,
        "max_rate_cms": 4.526,
        "total_vol_10e6l": 25.343,
        "max_ponded_m": 0.0,
        "elevation_m": 13.7,
        "flood_class": "Severe",
        "colour": "#C62828",
        "pct_nonconverging": null,
        "label": "J2049 | Severe | rate=4.53cms | flooded=3.6h | vol=25.3e6L"
      }
    },
    {
      "type": "Feature",
      "geometry": {
        "type": "Point",
        "coordinates": [
          3.389462,
          6.576735
        ]
      },
      "properties": {
        "node_id": "J0915",
        "hours_flooded": 2.46,
        "max_rate_cms": 4.51,
        "total_vol_10e6l": 24.148,
        "max_ponded_m": 0.0,
        "elevation_m": 18.62,
        "flood_class": "Severe",
        "colour": "#C62828",
        "pct_nonconverging": null,
        "label": "J0915 | Severe | rate=4.51cms | flooded=2.5h | vol=24.1e6L"
      }
    },
    {
      "type": "Feature",
      "geometry": {
        "type": "Point",
        "coordinates": [
          3.489046,
          6.57995
        ]
      },
      "properties": {
        "node_id": "J1598",
        "hours_flooded": 2.93,
        "max_rate_cms": 4.507,
        "total_vol_10e6l": 28.937,
        "max_ponded_m": 0.0,
        "elevation_m": 5.64,
        "flood_class": "Severe",
        "colour": "#C62828",
        "pct_nonconverging": null,
        "label": "J1598 | Severe | rate=4.51cms | flooded=2.9h | vol=28.9e6L"
      }
    },
    {
      "type": "Feature",
      "geometry": {
        "type": "Point",
        "coordinates": [
          3.492432,
          6.589444
        ]
      },
      "properties": {
        "node_id": "J1574",
        "hours_flooded": 2.35,
        "max_rate_cms": 4.489,
        "total_vol_10e6l": 21.9,
        "max_ponded_m": 0.0,
        "elevation_m": 7.9,
        "flood_class": "Severe",
        "colour": "#C62828",
        "pct_nonconverging": null,
        "label": "J1574 | Severe | rate=4.49cms | flooded=2.4h | vol=21.9e6L"
      }
    },
    {
      "type": "Feature",
      "geometry": {
        "type": "Point",
        "coordinates": [
          3.370764,
          6.576151
        ]
      },
      "properties": {
        "node_id": "J2129",
        "hours_flooded": 2.45,
        "max_rate_cms": 4.475,
        "total_vol_10e6l": 23.149,
        "max_ponded_m": 0.0,
        "elevation_m": 17.22,
        "flood_class": "Severe",
        "colour": "#C62828",
        "pct_nonconverging": null,
        "label": "J2129 | Severe | rate=4.47cms | flooded=2.5h | vol=23.1e6L"
      }
    },
    {
      "type": "Feature",
      "geometry": {
        "type": "Point",
        "coordinates": [
          3.383562,
          6.586608
        ]
      },
      "properties": {
        "node_id": "J0885",
        "hours_flooded": 1.57,
        "max_rate_cms": 4.44,
        "total_vol_10e6l": 13.037,
        "max_ponded_m": 0.0,
        "elevation_m": 5.94,
        "flood_class": "Severe",
        "colour": "#C62828",
        "pct_nonconverging": null,
        "label": "J0885 | Severe | rate=4.44cms | flooded=1.6h | vol=13.0e6L"
      }
    },
    {
      "type": "Feature",
      "geometry": {
        "type": "Point",
        "coordinates": [
          3.385999,
          6.597201
        ]
      },
      "properties": {
        "node_id": "J1235",
        "hours_flooded": 5.19,
        "max_rate_cms": 4.313,
        "total_vol_10e6l": 23.495,
        "max_ponded_m": 0.0,
        "elevation_m": 16.7,
        "flood_class": "Severe",
        "colour": "#C62828",
        "pct_nonconverging": null,
        "label": "J1235 | Severe | rate=4.31cms | flooded=5.2h | vol=23.5e6L"
      }
    },
    {
      "type": "Feature",
      "geometry": {
        "type": "Point",
        "coordinates": [
          3.393281,
          6.623971
        ]
      },
      "properties": {
        "node_id": "J2057",
        "hours_flooded": 2.12,
        "max_rate_cms": 4.308,
        "total_vol_10e6l": 15.772,
        "max_ponded_m": 0.0,
        "elevation_m": 10.65,
        "flood_class": "Severe",
        "colour": "#C62828",
        "pct_nonconverging": null,
        "label": "J2057 | Severe | rate=4.31cms | flooded=2.1h | vol=15.8e6L"
      }
    },
    {
      "type": "Feature",
      "geometry": {
        "type": "Point",
        "coordinates": [
          3.374191,
          6.628237
        ]
      },
      "properties": {
        "node_id": "J0408",
        "hours_flooded": 3.27,
        "max_rate_cms": 4.265,
        "total_vol_10e6l": 23.196,
        "max_ponded_m": 0.0,
        "elevation_m": 19.15,
        "flood_class": "Severe",
        "colour": "#C62828",
        "pct_nonconverging": null,
        "label": "J0408 | Severe | rate=4.26cms | flooded=3.3h | vol=23.2e6L"
      }
    },
    {
      "type": "Feature",
      "geometry": {
        "type": "Point",
        "coordinates": [
          3.394743,
          6.547539
        ]
      },
      "properties": {
        "node_id": "J0234",
        "hours_flooded": 2.61,
        "max_rate_cms": 4.263,
        "total_vol_10e6l": 22.55,
        "max_ponded_m": 0.0,
        "elevation_m": 2.79,
        "flood_class": "Severe",
        "colour": "#C62828",
        "pct_nonconverging": null,
        "label": "J0234 | Severe | rate=4.26cms | flooded=2.6h | vol=22.6e6L"
      }
    },
    {
      "type": "Feature",
      "geometry": {
        "type": "Point",
        "coordinates": [
          3.483192,
          6.571149
        ]
      },
      "properties": {
        "node_id": "J1625",
        "hours_flooded": 2.71,
        "max_rate_cms": 4.233,
        "total_vol_10e6l": 18.894,
        "max_ponded_m": 0.0,
        "elevation_m": 5.89,
        "flood_class": "Severe",
        "colour": "#C62828",
        "pct_nonconverging": null,
        "label": "J1625 | Severe | rate=4.23cms | flooded=2.7h | vol=18.9e6L"
      }
    },
    {
      "type": "Feature",
      "geometry": {
        "type": "Point",
        "coordinates": [
          3.391231,
          6.552867
        ]
      },
      "properties": {
        "node_id": "J1481",
        "hours_flooded": 2.75,
        "max_rate_cms": 4.211,
        "total_vol_10e6l": 22.082,
        "max_ponded_m": 0.0,
        "elevation_m": 9.95,
        "flood_class": "Severe",
        "colour": "#C62828",
        "pct_nonconverging": null,
        "label": "J1481 | Severe | rate=4.21cms | flooded=2.8h | vol=22.1e6L"
      }
    },
    {
      "type": "Feature",
      "geometry": {
        "type": "Point",
        "coordinates": [
          3.485171,
          6.604922
        ]
      },
      "properties": {
        "node_id": "J0702",
        "hours_flooded": 5.15,
        "max_rate_cms": 4.149,
        "total_vol_10e6l": 32.831,
        "max_ponded_m": 0.0,
        "elevation_m": 1.71,
        "flood_class": "Severe",
        "colour": "#C62828",
        "pct_nonconverging": null,
        "label": "J0702 | Severe | rate=4.15cms | flooded=5.2h | vol=32.8e6L"
      }
    },
    {
      "type": "Feature",
      "geometry": {
        "type": "Point",
        "coordinates": [
          3.474857,
          6.553464
        ]
      },
      "properties": {
        "node_id": "J1675",
        "hours_flooded": 2.85,
        "max_rate_cms": 4.138,
        "total_vol_10e6l": 22.184,
        "max_ponded_m": 0.0,
        "elevation_m": 4.79,
        "flood_class": "Severe",
        "colour": "#C62828",
        "pct_nonconverging": null,
        "label": "J1675 | Severe | rate=4.14cms | flooded=2.9h | vol=22.2e6L"
      }
    },
    {
      "type": "Feature",
      "geometry": {
        "type": "Point",
        "coordinates": [
          3.478079,
          6.566354
        ]
      },
      "properties": {
        "node_id": "J1639",
        "hours_flooded": 2.39,
        "max_rate_cms": 4.062,
        "total_vol_10e6l": 18.865,
        "max_ponded_m": 0.0,
        "elevation_m": 5.92,
        "flood_class": "Severe",
        "colour": "#C62828",
        "pct_nonconverging": null,
        "label": "J1639 | Severe | rate=4.06cms | flooded=2.4h | vol=18.9e6L"
      }
    },
    {
      "type": "Feature",
      "geometry": {
        "type": "Point",
        "coordinates": [
          3.397383,
          6.616244
        ]
      },
      "properties": {
        "node_id": "J1404",
        "hours_flooded": 3.68,
        "max_rate_cms": 4.033,
        "total_vol_10e6l": 33.412,
        "max_ponded_m": 0.0,
        "elevation_m": 3.58,
        "flood_class": "Severe",
        "colour": "#C62828",
        "pct_nonconverging": null,
        "label": "J1404 | Severe | rate=4.03cms | flooded=3.7h | vol=33.4e6L"
      }
    },
    {
      "type": "Feature",
      "geometry": {
        "type": "Point",
        "coordinates": [
          3.374772,
          6.605015
        ]
      },
      "properties": {
        "node_id": "J0378",
        "hours_flooded": 3.36,
        "max_rate_cms": 4.029,
        "total_vol_10e6l": 22.848,
        "max_ponded_m": 0.0,
        "elevation_m": 35.41,
        "flood_class": "Severe",
        "colour": "#C62828",
        "pct_nonconverging": null,
        "label": "J0378 | Severe | rate=4.03cms | flooded=3.4h | vol=22.8e6L"
      }
    },
    {
      "type": "Feature",
      "geometry": {
        "type": "Point",
        "coordinates": [
          3.372265,
          6.6413
        ]
      },
      "properties": {
        "node_id": "J1999",
        "hours_flooded": 4.58,
        "max_rate_cms": 3.994,
        "total_vol_10e6l": 21.383,
        "max_ponded_m": 0.0,
        "elevation_m": 37.79,
        "flood_class": "Severe",
        "colour": "#C62828",
        "pct_nonconverging": null,
        "label": "J1999 | Severe | rate=3.99cms | flooded=4.6h | vol=21.4e6L"
      }
    },
    {
      "type": "Feature",
      "geometry": {
        "type": "Point",
        "coordinates": [
          3.384508,
          6.584223
        ]
      },
      "properties": {
        "node_id": "J0940",
        "hours_flooded": 5.21,
        "max_rate_cms": 3.952,
        "total_vol_10e6l": 21.324,
        "max_ponded_m": 0.0,
        "elevation_m": 5.26,
        "flood_class": "Severe",
        "colour": "#C62828",
        "pct_nonconverging": null,
        "label": "J0940 | Severe | rate=3.95cms | flooded=5.2h | vol=21.3e6L"
      }
    },
    {
      "type": "Feature",
      "geometry": {
        "type": "Point",
        "coordinates": [
          3.497372,
          6.607095
        ]
      },
      "properties": {
        "node_id": "J1520",
        "hours_flooded": 1.52,
        "max_rate_cms": 3.948,
        "total_vol_10e6l": 10.773,
        "max_ponded_m": 0.0,
        "elevation_m": 21.63,
        "flood_class": "Severe",
        "colour": "#C62828",
        "pct_nonconverging": null,
        "label": "J1520 | Severe | rate=3.95cms | flooded=1.5h | vol=10.8e6L"
      }
    },
    {
      "type": "Feature",
      "geometry": {
        "type": "Point",
        "coordinates": [
          3.475029,
          6.553635
        ]
      },
      "properties": {
        "node_id": "J1674",
        "hours_flooded": 2.75,
        "max_rate_cms": 3.936,
        "total_vol_10e6l": 17.759,
        "max_ponded_m": 0.0,
        "elevation_m": 4.79,
        "flood_class": "Severe",
        "colour": "#C62828",
        "pct_nonconverging": null,
        "label": "J1674 | Severe | rate=3.94cms | flooded=2.8h | vol=17.8e6L"
      }
    },
    {
      "type": "Feature",
      "geometry": {
        "type": "Point",
        "coordinates": [
          3.397141,
          6.614455
        ]
      },
      "properties": {
        "node_id": "J1407",
        "hours_flooded": 5.27,
        "max_rate_cms": 3.93,
        "total_vol_10e6l": 35.266,
        "max_ponded_m": 0.0,
        "elevation_m": 2.12,
        "flood_class": "Severe",
        "colour": "#C62828",
        "pct_nonconverging": null,
        "label": "J1407 | Severe | rate=3.93cms | flooded=5.3h | vol=35.3e6L"
      }
    },
    {
      "type": "Feature",
      "geometry": {
        "type": "Point",
        "coordinates": [
          3.418922,
          6.602762
        ]
      },
      "properties": {
        "node_id": "J1420",
        "hours_flooded": 3.65,
        "max_rate_cms": 3.916,
        "total_vol_10e6l": 22.191,
        "max_ponded_m": 0.0,
        "elevation_m": 3.05,
        "flood_class": "Severe",
        "colour": "#C62828",
        "pct_nonconverging": null,
        "label": "J1420 | Severe | rate=3.92cms | flooded=3.6h | vol=22.2e6L"
      }
    },
    {
      "type": "Feature",
      "geometry": {
        "type": "Point",
        "coordinates": [
          3.480053,
          6.643743
        ]
      },
      "properties": {
        "node_id": "J2211",
        "hours_flooded": 3.94,
        "max_rate_cms": 3.894,
        "total_vol_10e6l": 24.47,
        "max_ponded_m": 0.0,
        "elevation_m": 10.86,
        "flood_class": "Severe",
        "colour": "#C62828",
        "pct_nonconverging": null,
        "label": "J2211 | Severe | rate=3.89cms | flooded=3.9h | vol=24.5e6L"
      }
    },
    {
      "type": "Feature",
      "geometry": {
        "type": "Point",
        "coordinates": [
          3.396884,
          6.618795
        ]
      },
      "properties": {
        "node_id": "J2048",
        "hours_flooded": 3.38,
        "max_rate_cms": 3.884,
        "total_vol_10e6l": 21.571,
        "max_ponded_m": 0.0,
        "elevation_m": 13.7,
        "flood_class": "Severe",
        "colour": "#C62828",
        "pct_nonconverging": null,
        "label": "J2048 | Severe | rate=3.88cms | flooded=3.4h | vol=21.6e6L"
      }
    },
    {
      "type": "Feature",
      "geometry": {
        "type": "Point",
        "coordinates": [
          3.372479,
          6.579865
        ]
      },
      "properties": {
        "node_id": "J2139",
        "hours_flooded": 5.16,
        "max_rate_cms": 3.868,
        "total_vol_10e6l": 40.12,
        "max_ponded_m": 0.0,
        "elevation_m": 2.43,
        "flood_class": "Severe",
        "colour": "#C62828",
        "pct_nonconverging": null,
        "label": "J2139 | Severe | rate=3.87cms | flooded=5.2h | vol=40.1e6L"
      }
    },
    {
      "type": "Feature",
      "geometry": {
        "type": "Point",
        "coordinates": [
          3.48183,
          6.63726
        ]
      },
      "properties": {
        "node_id": "J2205",
        "hours_flooded": 2.78,
        "max_rate_cms": 3.822,
        "total_vol_10e6l": 19.637,
        "max_ponded_m": 0.0,
        "elevation_m": 10.76,
        "flood_class": "Severe",
        "colour": "#C62828",
        "pct_nonconverging": null,
        "label": "J2205 | Severe | rate=3.82cms | flooded=2.8h | vol=19.6e6L"
      }
    },
    {
      "type": "Feature",
      "geometry": {
        "type": "Point",
        "coordinates": [
          3.48205,
          6.636494
        ]
      },
      "properties": {
        "node_id": "J2203",
        "hours_flooded": 2.44,
        "max_rate_cms": 3.813,
        "total_vol_10e6l": 15.471,
        "max_ponded_m": 0.0,
        "elevation_m": 10.76,
        "flood_class": "Severe",
        "colour": "#C62828",
        "pct_nonconverging": null,
        "label": "J2203 | Severe | rate=3.81cms | flooded=2.4h | vol=15.5e6L"
      }
    },
    {
      "type": "Feature",
      "geometry": {
        "type": "Point",
        "coordinates": [
          3.482859,
          6.633236
        ]
      },
      "properties": {
        "node_id": "J2196",
        "hours_flooded": 3.98,
        "max_rate_cms": 3.808,
        "total_vol_10e6l": 21.805,
        "max_ponded_m": 0.0,
        "elevation_m": 9.51,
        "flood_class": "Severe",
        "colour": "#C62828",
        "pct_nonconverging": null,
        "label": "J2196 | Severe | rate=3.81cms | flooded=4.0h | vol=21.8e6L"
      }
    },
    {
      "type": "Feature",
      "geometry": {
        "type": "Point",
        "coordinates": [
          3.372971,
          6.580313
        ]
      },
      "properties": {
        "node_id": "J2096",
        "hours_flooded": 4.13,
        "max_rate_cms": 3.758,
        "total_vol_10e6l": 30.778,
        "max_ponded_m": 0.0,
        "elevation_m": 2.43,
        "flood_class": "Severe",
        "colour": "#C62828",
        "pct_nonconverging": null,
        "label": "J2096 | Severe | rate=3.76cms | flooded=4.1h | vol=30.8e6L"
      }
    },
    {
      "type": "Feature",
      "geometry": {
        "type": "Point",
        "coordinates": [
          3.369918,
          6.575093
        ]
      },
      "properties": {
        "node_id": "J2125",
        "hours_flooded": 2.13,
        "max_rate_cms": 3.755,
        "total_vol_10e6l": 14.668,
        "max_ponded_m": 0.0,
        "elevation_m": 19.59,
        "flood_class": "Severe",
        "colour": "#C62828",
        "pct_nonconverging": null,
        "label": "J2125 | Severe | rate=3.75cms | flooded=2.1h | vol=14.7e6L"
      }
    },
    {
      "type": "Feature",
      "geometry": {
        "type": "Point",
        "coordinates": [
          3.482298,
          6.611857
        ]
      },
      "properties": {
        "node_id": "J0714",
        "hours_flooded": 1.94,
        "max_rate_cms": 3.73,
        "total_vol_10e6l": 13.839,
        "max_ponded_m": 0.0,
        "elevation_m": 3.13,
        "flood_class": "Severe",
        "colour": "#C62828",
        "pct_nonconverging": null,
        "label": "J0714 | Severe | rate=3.73cms | flooded=1.9h | vol=13.8e6L"
      }
    },
    {
      "type": "Feature",
      "geometry": {
        "type": "Point",
        "coordinates": [
          3.487871,
          6.575858
        ]
      },
      "properties": {
        "node_id": "J1611",
        "hours_flooded": 1.61,
        "max_rate_cms": 3.728,
        "total_vol_10e6l": 10.215,
        "max_ponded_m": 0.0,
        "elevation_m": 6.58,
        "flood_class": "Severe",
        "colour": "#C62828",
        "pct_nonconverging": null,
        "label": "J1611 | Severe | rate=3.73cms | flooded=1.6h | vol=10.2e6L"
      }
    },
    {
      "type": "Feature",
      "geometry": {
        "type": "Point",
        "coordinates": [
          3.390596,
          6.584493
        ]
      },
      "properties": {
        "node_id": "J2168",
        "hours_flooded": 4.25,
        "max_rate_cms": 3.708,
        "total_vol_10e6l": 21.295,
        "max_ponded_m": 0.0,
        "elevation_m": 3.34,
        "flood_class": "Severe",
        "colour": "#C62828",
        "pct_nonconverging": null,
        "label": "J2168 | Severe | rate=3.71cms | flooded=4.2h | vol=21.3e6L"
      }
    },
    {
      "type": "Feature",
      "geometry": {
        "type": "Point",
        "coordinates": [
          3.401551,
          6.574922
        ]
      },
      "properties": {
        "node_id": "J0954",
        "hours_flooded": 5.32,
        "max_rate_cms": 3.697,
        "total_vol_10e6l": 61.168,
        "max_ponded_m": 0.0,
        "elevation_m": 1.51,
        "flood_class": "Severe",
        "colour": "#C62828",
        "pct_nonconverging": null,
        "label": "J0954 | Severe | rate=3.70cms | flooded=5.3h | vol=61.2e6L"
      }
    },
    {
      "type": "Feature",
      "geometry": {
        "type": "Point",
        "coordinates": [
          3.396874,
          6.576218
        ]
      },
      "properties": {
        "node_id": "J0324",
        "hours_flooded": 5.26,
        "max_rate_cms": 3.694,
        "total_vol_10e6l": 21.343,
        "max_ponded_m": 0.0,
        "elevation_m": 3.12,
        "flood_class": "Severe",
        "colour": "#C62828",
        "pct_nonconverging": null,
        "label": "J0324 | Severe | rate=3.69cms | flooded=5.3h | vol=21.3e6L"
      }
    },
    {
      "type": "Feature",
      "geometry": {
        "type": "Point",
        "coordinates": [
          3.510698,
          6.560192
        ]
      },
      "properties": {
        "node_id": "J0801",
        "hours_flooded": 3.84,
        "max_rate_cms": 3.682,
        "total_vol_10e6l": 20.665,
        "max_ponded_m": 0.0,
        "elevation_m": 4.36,
        "flood_class": "Severe",
        "colour": "#C62828",
        "pct_nonconverging": null,
        "label": "J0801 | Severe | rate=3.68cms | flooded=3.8h | vol=20.7e6L"
      }
    },
    {
      "type": "Feature",
      "geometry": {
        "type": "Point",
        "coordinates": [
          3.368008,
          6.571886
        ]
      },
      "properties": {
        "node_id": "J2112",
        "hours_flooded": 1.38,
        "max_rate_cms": 3.67,
        "total_vol_10e6l": 8.585,
        "max_ponded_m": 0.0,
        "elevation_m": 30.43,
        "flood_class": "Severe",
        "colour": "#C62828",
        "pct_nonconverging": null,
        "label": "J2112 | Severe | rate=3.67cms | flooded=1.4h | vol=8.6e6L"
      }
    },
    {
      "type": "Feature",
      "geometry": {
        "type": "Point",
        "coordinates": [
          3.473505,
          6.553061
        ]
      },
      "properties": {
        "node_id": "J1681",
        "hours_flooded": 5.33,
        "max_rate_cms": 3.651,
        "total_vol_10e6l": 41.352,
        "max_ponded_m": 0.0,
        "elevation_m": 1.43,
        "flood_class": "Severe",
        "colour": "#C62828",
        "pct_nonconverging": null,
        "label": "J1681 | Severe | rate=3.65cms | flooded=5.3h | vol=41.4e6L"
      }
    },
    {
      "type": "Feature",
      "geometry": {
        "type": "Point",
        "coordinates": [
          3.479974,
          6.644036
        ]
      },
      "properties": {
        "node_id": "J2212",
        "hours_flooded": 3.3,
        "max_rate_cms": 3.637,
        "total_vol_10e6l": 20.123,
        "max_ponded_m": 0.0,
        "elevation_m": 10.86,
        "flood_class": "Severe",
        "colour": "#C62828",
        "pct_nonconverging": null,
        "label": "J2212 | Severe | rate=3.64cms | flooded=3.3h | vol=20.1e6L"
      }
    },
    {
      "type": "Feature",
      "geometry": {
        "type": "Point",
        "coordinates": [
          3.475431,
          6.616018
        ]
      },
      "properties": {
        "node_id": "J0718",
        "hours_flooded": 2.28,
        "max_rate_cms": 3.619,
        "total_vol_10e6l": 21.97,
        "max_ponded_m": 0.0,
        "elevation_m": 3.35,
        "flood_class": "Severe",
        "colour": "#C62828",
        "pct_nonconverging": null,
        "label": "J0718 | Severe | rate=3.62cms | flooded=2.3h | vol=22.0e6L"
      }
    },
    {
      "type": "Feature",
      "geometry": {
        "type": "Point",
        "coordinates": [
          3.388327,
          6.548877
        ]
      },
      "properties": {
        "node_id": "J0872",
        "hours_flooded": 5.15,
        "max_rate_cms": 3.616,
        "total_vol_10e6l": 24.324,
        "max_ponded_m": 0.0,
        "elevation_m": 5.24,
        "flood_class": "Severe",
        "colour": "#C62828",
        "pct_nonconverging": null,
        "label": "J0872 | Severe | rate=3.62cms | flooded=5.2h | vol=24.3e6L"
      }
    },
    {
      "type": "Feature",
      "geometry": {
        "type": "Point",
        "coordinates": [
          3.488777,
          6.577433
        ]
      },
      "properties": {
        "node_id": "J1607",
        "hours_flooded": 3.5,
        "max_rate_cms": 3.608,
        "total_vol_10e6l": 20.326,
        "max_ponded_m": 0.0,
        "elevation_m": 5.44,
        "flood_class": "Severe",
        "colour": "#C62828",
        "pct_nonconverging": null,
        "label": "J1607 | Severe | rate=3.61cms | flooded=3.5h | vol=20.3e6L"
      }
    },
    {
      "type": "Feature",
      "geometry": {
        "type": "Point",
        "coordinates": [
          3.397452,
          6.617049
        ]
      },
      "properties": {
        "node_id": "J2046",
        "hours_flooded": 2.24,
        "max_rate_cms": 3.607,
        "total_vol_10e6l": 14.704,
        "max_ponded_m": 0.0,
        "elevation_m": 13.7,
        "flood_class": "Severe",
        "colour": "#C62828",
        "pct_nonconverging": null,
        "label": "J2046 | Severe | rate=3.61cms | flooded=2.2h | vol=14.7e6L"
      }
    },
    {
      "type": "Feature",
      "geometry": {
        "type": "Point",
        "coordinates": [
          3.475936,
          6.556714
        ]
      },
      "properties": {
        "node_id": "J1666",
        "hours_flooded": 2.65,
        "max_rate_cms": 3.603,
        "total_vol_10e6l": 24.12,
        "max_ponded_m": 0.0,
        "elevation_m": 5.9,
        "flood_class": "Severe",
        "colour": "#C62828",
        "pct_nonconverging": null,
        "label": "J1666 | Severe | rate=3.60cms | flooded=2.6h | vol=24.1e6L"
      }
    },
    {
      "type": "Feature",
      "geometry": {
        "type": "Point",
        "coordinates": [
          3.390469,
          6.557654
        ]
      },
      "properties": {
        "node_id": "J0008",
        "hours_flooded": 2.9,
        "max_rate_cms": 3.6,
        "total_vol_10e6l": 16.883,
        "max_ponded_m": 0.0,
        "elevation_m": 9.35,
        "flood_class": "Severe",
        "colour": "#C62828",
        "pct_nonconverging": null,
        "label": "J0008 | Severe | rate=3.60cms | flooded=2.9h | vol=16.9e6L"
      }
    },
    {
      "type": "Feature",
      "geometry": {
        "type": "Point",
        "coordinates": [
          3.37389,
          6.591114
        ]
      },
      "properties": {
        "node_id": "J0554",
        "hours_flooded": 5.19,
        "max_rate_cms": 3.575,
        "total_vol_10e6l": 26.557,
        "max_ponded_m": 0.0,
        "elevation_m": 23.43,
        "flood_class": "Severe",
        "colour": "#C62828",
        "pct_nonconverging": null,
        "label": "J0554 | Severe | rate=3.58cms | flooded=5.2h | vol=26.6e6L"
      }
    },
    {
      "type": "Feature",
      "geometry": {
        "type": "Point",
        "coordinates": [
          3.482287,
          6.635526
        ]
      },
      "properties": {
        "node_id": "J2201",
        "hours_flooded": 3.0,
        "max_rate_cms": 3.573,
        "total_vol_10e6l": 19.019,
        "max_ponded_m": 0.0,
        "elevation_m": 10.02,
        "flood_class": "Severe",
        "colour": "#C62828",
        "pct_nonconverging": null,
        "label": "J2201 | Severe | rate=3.57cms | flooded=3.0h | vol=19.0e6L"
      }
    },
    {
      "type": "Feature",
      "geometry": {
        "type": "Point",
        "coordinates": [
          3.372243,
          6.628067
        ]
      },
      "properties": {
        "node_id": "J0403",
        "hours_flooded": 5.33,
        "max_rate_cms": 3.553,
        "total_vol_10e6l": 28.806,
        "max_ponded_m": 0.0,
        "elevation_m": 16.97,
        "flood_class": "Severe",
        "colour": "#C62828",
        "pct_nonconverging": null,
        "label": "J0403 | Severe | rate=3.55cms | flooded=5.3h | vol=28.8e6L"
      }
    },
    {
      "type": "Feature",
      "geometry": {
        "type": "Point",
        "coordinates": [
          3.375556,
          6.55219
        ]
      },
      "properties": {
        "node_id": "J0857",
        "hours_flooded": 2.63,
        "max_rate_cms": 3.535,
        "total_vol_10e6l": 15.91,
        "max_ponded_m": 0.0,
        "elevation_m": 8.58,
        "flood_class": "Severe",
        "colour": "#C62828",
        "pct_nonconverging": null,
        "label": "J0857 | Severe | rate=3.54cms | flooded=2.6h | vol=15.9e6L"
      }
    },
    {
      "type": "Feature",
      "geometry": {
        "type": "Point",
        "coordinates": [
          3.373815,
          6.581038
        ]
      },
      "properties": {
        "node_id": "J2162",
        "hours_flooded": 2.31,
        "max_rate_cms": 3.531,
        "total_vol_10e6l": 19.373,
        "max_ponded_m": 0.0,
        "elevation_m": 2.93,
        "flood_class": "Severe",
        "colour": "#C62828",
        "pct_nonconverging": null,
        "label": "J2162 | Severe | rate=3.53cms | flooded=2.3h | vol=19.4e6L"
      }
    },
    {
      "type": "Feature",
      "geometry": {
        "type": "Point",
        "coordinates": [
          3.475365,
          6.615839
        ]
      },
      "properties": {
        "node_id": "J0678",
        "hours_flooded": 1.5,
        "max_rate_cms": 3.516,
        "total_vol_10e6l": 8.827,
        "max_ponded_m": 0.0,
        "elevation_m": 3.35,
        "flood_class": "Severe",
        "colour": "#C62828",
        "pct_nonconverging": null,
        "label": "J0678 | Severe | rate=3.52cms | flooded=1.5h | vol=8.8e6L"
      }
    },
    {
      "type": "Feature",
      "geometry": {
        "type": "Point",
        "coordinates": [
          3.373799,
          6.606207
        ]
      },
      "properties": {
        "node_id": "J0377",
        "hours_flooded": 3.18,
        "max_rate_cms": 3.506,
        "total_vol_10e6l": 17.068,
        "max_ponded_m": 0.0,
        "elevation_m": 35.87,
        "flood_class": "Severe",
        "colour": "#C62828",
        "pct_nonconverging": null,
        "label": "J0377 | Severe | rate=3.51cms | flooded=3.2h | vol=17.1e6L"
      }
    },
    {
      "type": "Feature",
      "geometry": {
        "type": "Point",
        "coordinates": [
          3.400031,
          6.574276
        ]
      },
      "properties": {
        "node_id": "J0948",
        "hours_flooded": 3.86,
        "max_rate_cms": 3.499,
        "total_vol_10e6l": 25.271,
        "max_ponded_m": 0.0,
        "elevation_m": 3.12,
        "flood_class": "Severe",
        "colour": "#C62828",
        "pct_nonconverging": null,
        "label": "J0948 | Severe | rate=3.50cms | flooded=3.9h | vol=25.3e6L"
      }
    },
    {
      "type": "Feature",
      "geometry": {
        "type": "Point",
        "coordinates": [
          3.482189,
          6.63587
        ]
      },
      "properties": {
        "node_id": "J2202",
        "hours_flooded": 3.7,
        "max_rate_cms": 3.487,
        "total_vol_10e6l": 26.493,
        "max_ponded_m": 0.0,
        "elevation_m": 10.02,
        "flood_class": "Severe",
        "colour": "#C62828",
        "pct_nonconverging": null,
        "label": "J2202 | Severe | rate=3.49cms | flooded=3.7h | vol=26.5e6L"
      }
    },
    {
      "type": "Feature",
      "geometry": {
        "type": "Point",
        "coordinates": [
          3.489993,
          6.582684
        ]
      },
      "properties": {
        "node_id": "J1593",
        "hours_flooded": 1.7,
        "max_rate_cms": 3.486,
        "total_vol_10e6l": 10.307,
        "max_ponded_m": 0.0,
        "elevation_m": 5.53,
        "flood_class": "Severe",
        "colour": "#C62828",
        "pct_nonconverging": null,
        "label": "J1593 | Severe | rate=3.49cms | flooded=1.7h | vol=10.3e6L"
      }
    },
    {
      "type": "Feature",
      "geometry": {
        "type": "Point",
        "coordinates": [
          3.396626,
          6.612906
        ]
      },
      "properties": {
        "node_id": "J1441",
        "hours_flooded": 5.28,
        "max_rate_cms": 3.483,
        "total_vol_10e6l": 29.248,
        "max_ponded_m": 0.0,
        "elevation_m": 2.12,
        "flood_class": "Severe",
        "colour": "#C62828",
        "pct_nonconverging": null,
        "label": "J1441 | Severe | rate=3.48cms | flooded=5.3h | vol=29.2e6L"
      }
    },
    {
      "type": "Feature",
      "geometry": {
        "type": "Point",
        "coordinates": [
          3.487461,
          6.57541
        ]
      },
      "properties": {
        "node_id": "J1613",
        "hours_flooded": 1.92,
        "max_rate_cms": 3.454,
        "total_vol_10e6l": 12.408,
        "max_ponded_m": 0.0,
        "elevation_m": 6.58,
        "flood_class": "Severe",
        "colour": "#C62828",
        "pct_nonconverging": null,
        "label": "J1613 | Severe | rate=3.45cms | flooded=1.9h | vol=12.4e6L"
      }
    },
    {
      "type": "Feature",
      "geometry": {
        "type": "Point",
        "coordinates": [
          3.368602,
          6.573126
        ]
      },
      "properties": {
        "node_id": "J2117",
        "hours_flooded": 1.98,
        "max_rate_cms": 3.427,
        "total_vol_10e6l": 15.687,
        "max_ponded_m": 0.0,
        "elevation_m": 25.89,
        "flood_class": "Severe",
        "colour": "#C62828",
        "pct_nonconverging": null,
        "label": "J2117 | Severe | rate=3.43cms | flooded=2.0h | vol=15.7e6L"
      }
    },
    {
      "type": "Feature",
      "geometry": {
        "type": "Point",
        "coordinates": [
          3.509321,
          6.55625
        ]
      },
      "properties": {
        "node_id": "J0782",
        "hours_flooded": 2.64,
        "max_rate_cms": 3.42,
        "total_vol_10e6l": 16.995,
        "max_ponded_m": 0.0,
        "elevation_m": 5.65,
        "flood_class": "Severe",
        "colour": "#C62828",
        "pct_nonconverging": null,
        "label": "J0782 | Severe | rate=3.42cms | flooded=2.6h | vol=17.0e6L"
      }
    },
    {
      "type": "Feature",
      "geometry": {
        "type": "Point",
        "coordinates": [
          3.475045,
          6.619582
        ]
      },
      "properties": {
        "node_id": "J0674",
        "hours_flooded": 1.47,
        "max_rate_cms": 3.393,
        "total_vol_10e6l": 8.794,
        "max_ponded_m": 0.0,
        "elevation_m": 5.49,
        "flood_class": "Severe",
        "colour": "#C62828",
        "pct_nonconverging": null,
        "label": "J0674 | Severe | rate=3.39cms | flooded=1.5h | vol=8.8e6L"
      }
    },
    {
      "type": "Feature",
      "geometry": {
        "type": "Point",
        "coordinates": [
          3.369691,
          6.611497
        ]
      },
      "properties": {
        "node_id": "J1279",
        "hours_flooded": 2.38,
        "max_rate_cms": 3.321,
        "total_vol_10e6l": 14.848,
        "max_ponded_m": 0.0,
        "elevation_m": 37.7,
        "flood_class": "Severe",
        "colour": "#C62828",
        "pct_nonconverging": null,
        "label": "J1279 | Severe | rate=3.32cms | flooded=2.4h | vol=14.8e6L"
      }
    },
    {
      "type": "Feature",
      "geometry": {
        "type": "Point",
        "coordinates": [
          3.394733,
          6.573576
        ]
      },
      "properties": {
        "node_id": "J0927",
        "hours_flooded": 1.61,
        "max_rate_cms": 3.316,
        "total_vol_10e6l": 13.221,
        "max_ponded_m": 0.0,
        "elevation_m": 17.0,
        "flood_class": "Severe",
        "colour": "#C62828",
        "pct_nonconverging": null,
        "label": "J0927 | Severe | rate=3.32cms | flooded=1.6h | vol=13.2e6L"
      }
    },
    {
      "type": "Feature",
      "geometry": {
        "type": "Point",
        "coordinates": [
          3.414849,
          6.60722
        ]
      },
      "properties": {
        "node_id": "J1428",
        "hours_flooded": 5.27,
        "max_rate_cms": 3.302,
        "total_vol_10e6l": 20.684,
        "max_ponded_m": 0.0,
        "elevation_m": 3.28,
        "flood_class": "Severe",
        "colour": "#C62828",
        "pct_nonconverging": null,
        "label": "J1428 | Severe | rate=3.30cms | flooded=5.3h | vol=20.7e6L"
      }
    },
    {
      "type": "Feature",
      "geometry": {
        "type": "Point",
        "coordinates": [
          3.482507,
          6.634742
        ]
      },
      "properties": {
        "node_id": "J2200",
        "hours_flooded": 2.35,
        "max_rate_cms": 3.284,
        "total_vol_10e6l": 12.884,
        "max_ponded_m": 0.0,
        "elevation_m": 10.02,
        "flood_class": "Severe",
        "colour": "#C62828",
        "pct_nonconverging": null,
        "label": "J2200 | Severe | rate=3.28cms | flooded=2.4h | vol=12.9e6L"
      }
    },
    {
      "type": "Feature",
      "geometry": {
        "type": "Point",
        "coordinates": [
          3.499952,
          6.541319
        ]
      },
      "properties": {
        "node_id": "J0737",
        "hours_flooded": 3.49,
        "max_rate_cms": 3.27,
        "total_vol_10e6l": 18.334,
        "max_ponded_m": 0.0,
        "elevation_m": 3.96,
        "flood_class": "Severe",
        "colour": "#C62828",
        "pct_nonconverging": null,
        "label": "J0737 | Severe | rate=3.27cms | flooded=3.5h | vol=18.3e6L"
      }
    },
    {
      "type": "Feature",
      "geometry": {
        "type": "Point",
        "coordinates": [
          3.478395,
          6.647419
        ]
      },
      "properties": {
        "node_id": "J2230",
        "hours_flooded": 5.24,
        "max_rate_cms": 3.263,
        "total_vol_10e6l": 22.962,
        "max_ponded_m": 0.0,
        "elevation_m": 10.18,
        "flood_class": "Severe",
        "colour": "#C62828",
        "pct_nonconverging": null,
        "label": "J2230 | Severe | rate=3.26cms | flooded=5.2h | vol=23.0e6L"
      }
    },
    {
      "type": "Feature",
      "geometry": {
        "type": "Point",
        "coordinates": [
          3.396247,
          6.612244
        ]
      },
      "properties": {
        "node_id": "J1443",
        "hours_flooded": 2.26,
        "max_rate_cms": 3.258,
        "total_vol_10e6l": 15.328,
        "max_ponded_m": 0.0,
        "elevation_m": 4.49,
        "flood_class": "Severe",
        "colour": "#C62828",
        "pct_nonconverging": null,
        "label": "J1443 | Severe | rate=3.26cms | flooded=2.3h | vol=15.3e6L"
      }
    },
    {
      "type": "Feature",
      "geometry": {
        "type": "Point",
        "coordinates": [
          3.384382,
          6.584412
        ]
      },
      "properties": {
        "node_id": "J0895",
        "hours_flooded": 5.21,
        "max_rate_cms": 3.245,
        "total_vol_10e6l": 17.432,
        "max_ponded_m": 0.0,
        "elevation_m": 5.26,
        "flood_class": "Severe",
        "colour": "#C62828",
        "pct_nonconverging": null,
        "label": "J0895 | Severe | rate=3.25cms | flooded=5.2h | vol=17.4e6L"
      }
    },
    {
      "type": "Feature",
      "geometry": {
        "type": "Point",
        "coordinates": [
          3.372625,
          6.579862
        ]
      },
      "properties": {
        "node_id": "J2095",
        "hours_flooded": 3.67,
        "max_rate_cms": 3.219,
        "total_vol_10e6l": 24.774,
        "max_ponded_m": 0.0,
        "elevation_m": 2.43,
        "flood_class": "Severe",
        "colour": "#C62828",
        "pct_nonconverging": null,
        "label": "J2095 | Severe | rate=3.22cms | flooded=3.7h | vol=24.8e6L"
      }
    },
    {
      "type": "Feature",
      "geometry": {
        "type": "Point",
        "coordinates": [
          3.385633,
          6.597348
        ]
      },
      "properties": {
        "node_id": "J0093",
        "hours_flooded": 5.26,
        "max_rate_cms": 3.217,
        "total_vol_10e6l": 17.39,
        "max_ponded_m": 0.0,
        "elevation_m": 16.7,
        "flood_class": "Severe",
        "colour": "#C62828",
        "pct_nonconverging": null,
        "label": "J0093 | Severe | rate=3.22cms | flooded=5.3h | vol=17.4e6L"
      }
    },
    {
      "type": "Feature",
      "geometry": {
        "type": "Point",
        "coordinates": [
          3.502133,
          6.54429
        ]
      },
      "properties": {
        "node_id": "J0747",
        "hours_flooded": 5.3,
        "max_rate_cms": 3.201,
        "total_vol_10e6l": 25.309,
        "max_ponded_m": 0.0,
        "elevation_m": 1.7,
        "flood_class": "Severe",
        "colour": "#C62828",
        "pct_nonconverging": null,
        "label": "J0747 | Severe | rate=3.20cms | flooded=5.3h | vol=25.3e6L"
      }
    },
    {
      "type": "Feature",
      "geometry": {
        "type": "Point",
        "coordinates": [
          3.372124,
          6.57816
        ]
      },
      "properties": {
        "node_id": "J2140",
        "hours_flooded": 3.32,
        "max_rate_cms": 3.199,
        "total_vol_10e6l": 30.065,
        "max_ponded_m": 0.0,
        "elevation_m": 4.63,
        "flood_class": "Severe",
        "colour": "#C62828",
        "pct_nonconverging": null,
        "label": "J2140 | Severe | rate=3.20cms | flooded=3.3h | vol=30.1e6L"
      }
    },
    {
      "type": "Feature",
      "geometry": {
        "type": "Point",
        "coordinates": [
          3.395932,
          6.620249
        ]
      },
      "properties": {
        "node_id": "J1393",
        "hours_flooded": 5.3,
        "max_rate_cms": 3.197,
        "total_vol_10e6l": 19.929,
        "max_ponded_m": 0.0,
        "elevation_m": 11.35,
        "flood_class": "Severe",
        "colour": "#C62828",
        "pct_nonconverging": null,
        "label": "J1393 | Severe | rate=3.20cms | flooded=5.3h | vol=19.9e6L"
      }
    },
    {
      "type": "Feature",
      "geometry": {
        "type": "Point",
        "coordinates": [
          3.383779,
          6.600122
        ]
      },
      "properties": {
        "node_id": "J0360",
        "hours_flooded": 3.75,
        "max_rate_cms": 3.195,
        "total_vol_10e6l": 21.885,
        "max_ponded_m": 0.0,
        "elevation_m": 21.43,
        "flood_class": "Severe",
        "colour": "#C62828",
        "pct_nonconverging": null,
        "label": "J0360 | Severe | rate=3.19cms | flooded=3.8h | vol=21.9e6L"
      }
    },
    {
      "type": "Feature",
      "geometry": {
        "type": "Point",
        "coordinates": [
          3.489461,
          6.581491
        ]
      },
      "properties": {
        "node_id": "J1595",
        "hours_flooded": 1.3,
        "max_rate_cms": 3.189,
        "total_vol_10e6l": 6.795,
        "max_ponded_m": 0.0,
        "elevation_m": 6.11,
        "flood_class": "Severe",
        "colour": "#C62828",
        "pct_nonconverging": null,
        "label": "J1595 | Severe | rate=3.19cms | flooded=1.3h | vol=6.8e6L"
      }
    },
    {
      "type": "Feature",
      "geometry": {
        "type": "Point",
        "coordinates": [
          3.391912,
          6.551372
        ]
      },
      "properties": {
        "node_id": "J0259",
        "hours_flooded": 3.0,
        "max_rate_cms": 3.155,
        "total_vol_10e6l": 19.686,
        "max_ponded_m": 0.0,
        "elevation_m": 7.61,
        "flood_class": "Severe",
        "colour": "#C62828",
        "pct_nonconverging": null,
        "label": "J0259 | Severe | rate=3.15cms | flooded=3.0h | vol=19.7e6L"
      }
    },
    {
      "type": "Feature",
      "geometry": {
        "type": "Point",
        "coordinates": [
          3.485189,
          6.605174
        ]
      },
      "properties": {
        "node_id": "J0710",
        "hours_flooded": 5.12,
        "max_rate_cms": 3.155,
        "total_vol_10e6l": 28.546,
        "max_ponded_m": 0.0,
        "elevation_m": 1.71,
        "flood_class": "Severe",
        "colour": "#C62828",
        "pct_nonconverging": null,
        "label": "J0710 | Severe | rate=3.15cms | flooded=5.1h | vol=28.5e6L"
      }
    },
    {
      "type": "Feature",
      "geometry": {
        "type": "Point",
        "coordinates": [
          3.489254,
          6.580753
        ]
      },
      "properties": {
        "node_id": "J1596",
        "hours_flooded": 1.7,
        "max_rate_cms": 3.144,
        "total_vol_10e6l": 12.133,
        "max_ponded_m": 0.0,
        "elevation_m": 6.11,
        "flood_class": "Severe",
        "colour": "#C62828",
        "pct_nonconverging": null,
        "label": "J1596 | Severe | rate=3.14cms | flooded=1.7h | vol=12.1e6L"
      }
    },
    {
      "type": "Feature",
      "geometry": {
        "type": "Point",
        "coordinates": [
          3.374386,
          6.628334
        ]
      },
      "properties": {
        "node_id": "J0409",
        "hours_flooded": 3.75,
        "max_rate_cms": 3.121,
        "total_vol_10e6l": 23.642,
        "max_ponded_m": 0.0,
        "elevation_m": 19.15,
        "flood_class": "Severe",
        "colour": "#C62828",
        "pct_nonconverging": null,
        "label": "J0409 | Severe | rate=3.12cms | flooded=3.8h | vol=23.6e6L"
      }
    },
    {
      "type": "Feature",
      "geometry": {
        "type": "Point",
        "coordinates": [
          3.398489,
          6.547547
        ]
      },
      "properties": {
        "node_id": "J0249",
        "hours_flooded": 4.22,
        "max_rate_cms": 3.103,
        "total_vol_10e6l": 18.328,
        "max_ponded_m": 0.0,
        "elevation_m": 2.34,
        "flood_class": "Severe",
        "colour": "#C62828",
        "pct_nonconverging": null,
        "label": "J0249 | Severe | rate=3.10cms | flooded=4.2h | vol=18.3e6L"
      }
    },
    {
      "type": "Feature",
      "geometry": {
        "type": "Point",
        "coordinates": [
          3.49271,
          6.586384
        ]
      },
      "properties": {
        "node_id": "J1734",
        "hours_flooded": 1.36,
        "max_rate_cms": 3.102,
        "total_vol_10e6l": 7.665,
        "max_ponded_m": 0.0,
        "elevation_m": 6.87,
        "flood_class": "Severe",
        "colour": "#C62828",
        "pct_nonconverging": null,
        "label": "J1734 | Severe | rate=3.10cms | flooded=1.4h | vol=7.7e6L"
      }
    },
    {
      "type": "Feature",
      "geometry": {
        "type": "Point",
        "coordinates": [
          3.373009,
          6.607196
        ]
      },
      "properties": {
        "node_id": "J0375",
        "hours_flooded": 3.37,
        "max_rate_cms": 3.101,
        "total_vol_10e6l": 19.058,
        "max_ponded_m": 0.0,
        "elevation_m": 35.87,
        "flood_class": "Severe",
        "colour": "#C62828",
        "pct_nonconverging": null,
        "label": "J0375 | Severe | rate=3.10cms | flooded=3.4h | vol=19.1e6L"
      }
    },
    {
      "type": "Feature",
      "geometry": {
        "type": "Point",
        "coordinates": [
          3.377749,
          6.644152
        ]
      },
      "properties": {
        "node_id": "J1378",
        "hours_flooded": 2.53,
        "max_rate_cms": 3.066,
        "total_vol_10e6l": 12.531,
        "max_ponded_m": 0.0,
        "elevation_m": 34.73,
        "flood_class": "Severe",
        "colour": "#C62828",
        "pct_nonconverging": null,
        "label": "J1378 | Severe | rate=3.07cms | flooded=2.5h | vol=12.5e6L"
      }
    },
    {
      "type": "Feature",
      "geometry": {
        "type": "Point",
        "coordinates": [
          3.483362,
          6.630347
        ]
      },
      "properties": {
        "node_id": "J2190",
        "hours_flooded": 3.19,
        "max_rate_cms": 3.05,
        "total_vol_10e6l": 20.756,
        "max_ponded_m": 0.0,
        "elevation_m": 9.58,
        "flood_class": "Severe",
        "colour": "#C62828",
        "pct_nonconverging": null,
        "label": "J2190 | Severe | rate=3.05cms | flooded=3.2h | vol=20.8e6L"
      }
    },
    {
      "type": "Feature",
      "geometry": {
        "type": "Point",
        "coordinates": [
          3.492418,
          6.588806
        ]
      },
      "properties": {
        "node_id": "J1576",
        "hours_flooded": 2.7,
        "max_rate_cms": 3.031,
        "total_vol_10e6l": 19.748,
        "max_ponded_m": 0.0,
        "elevation_m": 7.43,
        "flood_class": "Severe",
        "colour": "#C62828",
        "pct_nonconverging": null,
        "label": "J1576 | Severe | rate=3.03cms | flooded=2.7h | vol=19.7e6L"
      }
    },
    {
      "type": "Feature",
      "geometry": {
        "type": "Point",
        "coordinates": [
          3.484577,
          6.572456
        ]
      },
      "properties": {
        "node_id": "J1622",
        "hours_flooded": 3.77,
        "max_rate_cms": 3.028,
        "total_vol_10e6l": 17.076,
        "max_ponded_m": 0.0,
        "elevation_m": 5.64,
        "flood_class": "Severe",
        "colour": "#C62828",
        "pct_nonconverging": null,
        "label": "J1622 | Severe | rate=3.03cms | flooded=3.8h | vol=17.1e6L"
      }
    },
    {
      "type": "Feature",
      "geometry": {
        "type": "Point",
        "coordinates": [
          3.475985,
          6.555582
        ]
      },
      "properties": {
        "node_id": "J1718",
        "hours_flooded": 1.73,
        "max_rate_cms": 3.022,
        "total_vol_10e6l": 9.603,
        "max_ponded_m": 0.0,
        "elevation_m": 6.48,
        "flood_class": "Severe",
        "colour": "#C62828",
        "pct_nonconverging": null,
        "label": "J1718 | Severe | rate=3.02cms | flooded=1.7h | vol=9.6e6L"
      }
    },
    {
      "type": "Feature",
      "geometry": {
        "type": "Point",
        "coordinates": [
          3.376386,
          6.630445
        ]
      },
      "properties": {
        "node_id": "J0418",
        "hours_flooded": 3.25,
        "max_rate_cms": 3.008,
        "total_vol_10e6l": 18.229,
        "max_ponded_m": 0.0,
        "elevation_m": 32.2,
        "flood_class": "Severe",
        "colour": "#C62828",
        "pct_nonconverging": null,
        "label": "J0418 | Severe | rate=3.01cms | flooded=3.2h | vol=18.2e6L"
      }
    },
    {
      "type": "Feature",
      "geometry": {
        "type": "Point",
        "coordinates": [
          3.371074,
          6.609754
        ]
      },
      "properties": {
        "node_id": "J0371",
        "hours_flooded": 5.33,
        "max_rate_cms": 3.004,
        "total_vol_10e6l": 22.981,
        "max_ponded_m": 0.0,
        "elevation_m": 28.16,
        "flood_class": "Severe",
        "colour": "#C62828",
        "pct_nonconverging": null,
        "label": "J0371 | Severe | rate=3.00cms | flooded=5.3h | vol=23.0e6L"
      }
    },
    {
      "type": "Feature",
      "geometry": {
        "type": "Point",
        "coordinates": [
          3.388988,
          6.556184
        ]
      },
      "properties": {
        "node_id": "J0011",
        "hours_flooded": 2.77,
        "max_rate_cms": 2.965,
        "total_vol_10e6l": 18.306,
        "max_ponded_m": 0.0,
        "elevation_m": 12.84,
        "flood_class": "Severe",
        "colour": "#C62828",
        "pct_nonconverging": null,
        "label": "J0011 | Severe | rate=2.96cms | flooded=2.8h | vol=18.3e6L"
      }
    },
    {
      "type": "Feature",
      "geometry": {
        "type": "Point",
        "coordinates": [
          3.478168,
          6.56647
        ]
      },
      "properties": {
        "node_id": "J1638",
        "hours_flooded": 1.55,
        "max_rate_cms": 2.947,
        "total_vol_10e6l": 9.149,
        "max_ponded_m": 0.0,
        "elevation_m": 5.92,
        "flood_class": "Severe",
        "colour": "#C62828",
        "pct_nonconverging": null,
        "label": "J1638 | Severe | rate=2.95cms | flooded=1.6h | vol=9.1e6L"
      }
    },
    {
      "type": "Feature",
      "geometry": {
        "type": "Point",
        "coordinates": [
          3.484266,
          6.572136
        ]
      },
      "properties": {
        "node_id": "J1623",
        "hours_flooded": 3.74,
        "max_rate_cms": 2.929,
        "total_vol_10e6l": 16.261,
        "max_ponded_m": 0.0,
        "elevation_m": 5.64,
        "flood_class": "Severe",
        "colour": "#C62828",
        "pct_nonconverging": null,
        "label": "J1623 | Severe | rate=2.93cms | flooded=3.7h | vol=16.3e6L"
      }
    },
    {
      "type": "Feature",
      "geometry": {
        "type": "Point",
        "coordinates": [
          3.39891,
          6.551543
        ]
      },
      "properties": {
        "node_id": "J0276",
        "hours_flooded": 2.43,
        "max_rate_cms": 2.897,
        "total_vol_10e6l": 12.042,
        "max_ponded_m": 0.0,
        "elevation_m": 7.98,
        "flood_class": "Severe",
        "colour": "#C62828",
        "pct_nonconverging": null,
        "label": "J0276 | Severe | rate=2.90cms | flooded=2.4h | vol=12.0e6L"
      }
    },
    {
      "type": "Feature",
      "geometry": {
        "type": "Point",
        "coordinates": [
          3.385361,
          6.581039
        ]
      },
      "properties": {
        "node_id": "J0908",
        "hours_flooded": 4.75,
        "max_rate_cms": 2.888,
        "total_vol_10e6l": 15.477,
        "max_ponded_m": 0.0,
        "elevation_m": 5.88,
        "flood_class": "Severe",
        "colour": "#C62828",
        "pct_nonconverging": null,
        "label": "J0908 | Severe | rate=2.89cms | flooded=4.8h | vol=15.5e6L"
      }
    },
    {
      "type": "Feature",
      "geometry": {
        "type": "Point",
        "coordinates": [
          3.376652,
          6.632921
        ]
      },
      "properties": {
        "node_id": "J0429",
        "hours_flooded": 5.35,
        "max_rate_cms": 2.886,
        "total_vol_10e6l": 23.902,
        "max_ponded_m": 0.0,
        "elevation_m": 26.67,
        "flood_class": "Severe",
        "colour": "#C62828",
        "pct_nonconverging": null,
        "label": "J0429 | Severe | rate=2.89cms | flooded=5.3h | vol=23.9e6L"
      }
    },
    {
      "type": "Feature",
      "geometry": {
        "type": "Point",
        "coordinates": [
          3.392889,
          6.624279
        ]
      },
      "properties": {
        "node_id": "J2058",
        "hours_flooded": 4.54,
        "max_rate_cms": 2.867,
        "total_vol_10e6l": 27.461,
        "max_ponded_m": 0.0,
        "elevation_m": 10.65,
        "flood_class": "Severe",
        "colour": "#C62828",
        "pct_nonconverging": null,
        "label": "J2058 | Severe | rate=2.87cms | flooded=4.5h | vol=27.5e6L"
      }
    },
    {
      "type": "Feature",
      "geometry": {
        "type": "Point",
        "coordinates": [
          3.399371,
          6.551264
        ]
      },
      "properties": {
        "node_id": "J0278",
        "hours_flooded": 3.6,
        "max_rate_cms": 2.834,
        "total_vol_10e6l": 21.173,
        "max_ponded_m": 0.0,
        "elevation_m": 6.66,
        "flood_class": "Severe",
        "colour": "#C62828",
        "pct_nonconverging": null,
        "label": "J0278 | Severe | rate=2.83cms | flooded=3.6h | vol=21.2e6L"
      }
    },
    {
      "type": "Feature",
      "geometry": {
        "type": "Point",
        "coordinates": [
          3.488851,
          6.577675
        ]
      },
      "properties": {
        "node_id": "J1606",
        "hours_flooded": 3.45,
        "max_rate_cms": 2.83,
        "total_vol_10e6l": 15.81,
        "max_ponded_m": 0.0,
        "elevation_m": 5.44,
        "flood_class": "Severe",
        "colour": "#C62828",
        "pct_nonconverging": null,
        "label": "J1606 | Severe | rate=2.83cms | flooded=3.5h | vol=15.8e6L"
      }
    },
    {
      "type": "Feature",
      "geometry": {
        "type": "Point",
        "coordinates": [
          3.375502,
          6.62895
        ]
      },
      "properties": {
        "node_id": "J0413",
        "hours_flooded": 2.68,
        "max_rate_cms": 2.812,
        "total_vol_10e6l": 14.19,
        "max_ponded_m": 0.0,
        "elevation_m": 21.15,
        "flood_class": "Severe",
        "colour": "#C62828",
        "pct_nonconverging": null,
        "label": "J0413 | Severe | rate=2.81cms | flooded=2.7h | vol=14.2e6L"
      }
    },
    {
      "type": "Feature",
      "geometry": {
        "type": "Point",
        "coordinates": [
          3.47559,
          6.559744
        ]
      },
      "properties": {
        "node_id": "J1658",
        "hours_flooded": 2.4,
        "max_rate_cms": 2.799,
        "total_vol_10e6l": 13.096,
        "max_ponded_m": 0.0,
        "elevation_m": 6.87,
        "flood_class": "Severe",
        "colour": "#C62828",
        "pct_nonconverging": null,
        "label": "J1658 | Severe | rate=2.80cms | flooded=2.4h | vol=13.1e6L"
      }
    },
    {
      "type": "Feature",
      "geometry": {
        "type": "Point",
        "coordinates": [
          3.477909,
          6.648101
        ]
      },
      "properties": {
        "node_id": "J2231",
        "hours_flooded": 5.25,
        "max_rate_cms": 2.78,
        "total_vol_10e6l": 15.879,
        "max_ponded_m": 0.0,
        "elevation_m": 10.18,
        "flood_class": "Severe",
        "colour": "#C62828",
        "pct_nonconverging": null,
        "label": "J2231 | Severe | rate=2.78cms | flooded=5.2h | vol=15.9e6L"
      }
    },
    {
      "type": "Feature",
      "geometry": {
        "type": "Point",
        "coordinates": [
          3.492597,
          6.586926
        ]
      },
      "properties": {
        "node_id": "J1578",
        "hours_flooded": 1.91,
        "max_rate_cms": 2.768,
        "total_vol_10e6l": 13.127,
        "max_ponded_m": 0.0,
        "elevation_m": 6.87,
        "flood_class": "Severe",
        "colour": "#C62828",
        "pct_nonconverging": null,
        "label": "J1578 | Severe | rate=2.77cms | flooded=1.9h | vol=13.1e6L"
      }
    },
    {
      "type": "Feature",
      "geometry": {
        "type": "Point",
        "coordinates": [
          3.367855,
          6.613762
        ]
      },
      "properties": {
        "node_id": "J1277",
        "hours_flooded": 5.3,
        "max_rate_cms": 2.753,
        "total_vol_10e6l": 20.845,
        "max_ponded_m": 0.0,
        "elevation_m": 32.62,
        "flood_class": "Severe",
        "colour": "#C62828",
        "pct_nonconverging": null,
        "label": "J1277 | Severe | rate=2.75cms | flooded=5.3h | vol=20.8e6L"
      }
    },
    {
      "type": "Feature",
      "geometry": {
        "type": "Point",
        "coordinates": [
          3.500824,
          6.543102
        ]
      },
      "properties": {
        "node_id": "J0745",
        "hours_flooded": 2.97,
        "max_rate_cms": 2.737,
        "total_vol_10e6l": 14.528,
        "max_ponded_m": 0.0,
        "elevation_m": 3.35,
        "flood_class": "Severe",
        "colour": "#C62828",
        "pct_nonconverging": null,
        "label": "J0745 | Severe | rate=2.74cms | flooded=3.0h | vol=14.5e6L"
      }
    },
    {
      "type": "Feature",
      "geometry": {
        "type": "Point",
        "coordinates": [
          3.412848,
          6.611104
        ]
      },
      "properties": {
        "node_id": "J1438",
        "hours_flooded": 3.93,
        "max_rate_cms": 2.723,
        "total_vol_10e6l": 15.383,
        "max_ponded_m": 0.0,
        "elevation_m": 4.86,
        "flood_class": "Severe",
        "colour": "#C62828",
        "pct_nonconverging": null,
        "label": "J1438 | Severe | rate=2.72cms | flooded=3.9h | vol=15.4e6L"
      }
    },
    {
      "type": "Feature",
      "geometry": {
        "type": "Point",
        "coordinates": [
          3.373228,
          6.580609
        ]
      },
      "properties": {
        "node_id": "J2097",
        "hours_flooded": 4.39,
        "max_rate_cms": 2.711,
        "total_vol_10e6l": 27.183,
        "max_ponded_m": 0.0,
        "elevation_m": 2.43,
        "flood_class": "Severe",
        "colour": "#C62828",
        "pct_nonconverging": null,
        "label": "J2097 | Severe | rate=2.71cms | flooded=4.4h | vol=27.2e6L"
      }
    },
    {
      "type": "Feature",
      "geometry": {
        "type": "Point",
        "coordinates": [
          3.48464,
          6.607272
        ]
      },
      "properties": {
        "node_id": "J0700",
        "hours_flooded": 2.33,
        "max_rate_cms": 2.703,
        "total_vol_10e6l": 11.005,
        "max_ponded_m": 0.0,
        "elevation_m": 2.49,
        "flood_class": "Severe",
        "colour": "#C62828",
        "pct_nonconverging": null,
        "label": "J0700 | Severe | rate=2.70cms | flooded=2.3h | vol=11.0e6L"
      }
    },
    {
      "type": "Feature",
      "geometry": {
        "type": "Point",
        "coordinates": [
          3.482771,
          6.633636
        ]
      },
      "properties": {
        "node_id": "J2197",
        "hours_flooded": 4.03,
        "max_rate_cms": 2.683,
        "total_vol_10e6l": 15.18,
        "max_ponded_m": 0.0,
        "elevation_m": 9.51,
        "flood_class": "Severe",
        "colour": "#C62828",
        "pct_nonconverging": null,
        "label": "J2197 | Severe | rate=2.68cms | flooded=4.0h | vol=15.2e6L"
      }
    },
    {
      "type": "Feature",
      "geometry": {
        "type": "Point",
        "coordinates": [
          3.394018,
          6.623143
        ]
      },
      "properties": {
        "node_id": "J1387",
        "hours_flooded": 5.35,
        "max_rate_cms": 2.666,
        "total_vol_10e6l": 35.681,
        "max_ponded_m": 0.0,
        "elevation_m": 4.13,
        "flood_class": "Severe",
        "colour": "#C62828",
        "pct_nonconverging": null,
        "label": "J1387 | Severe | rate=2.67cms | flooded=5.3h | vol=35.7e6L"
      }
    },
    {
      "type": "Feature",
      "geometry": {
        "type": "Point",
        "coordinates": [
          3.39544,
          6.621112
        ]
      },
      "properties": {
        "node_id": "J1391",
        "hours_flooded": 5.29,
        "max_rate_cms": 2.645,
        "total_vol_10e6l": 15.871,
        "max_ponded_m": 0.0,
        "elevation_m": 11.35,
        "flood_class": "Severe",
        "colour": "#C62828",
        "pct_nonconverging": null,
        "label": "J1391 | Severe | rate=2.65cms | flooded=5.3h | vol=15.9e6L"
      }
    },
    {
      "type": "Feature",
      "geometry": {
        "type": "Point",
        "coordinates": [
          3.481943,
          6.636863
        ]
      },
      "properties": {
        "node_id": "J2204",
        "hours_flooded": 2.77,
        "max_rate_cms": 2.635,
        "total_vol_10e6l": 13.783,
        "max_ponded_m": 0.0,
        "elevation_m": 10.76,
        "flood_class": "Severe",
        "colour": "#C62828",
        "pct_nonconverging": null,
        "label": "J2204 | Severe | rate=2.63cms | flooded=2.8h | vol=13.8e6L"
      }
    },
    {
      "type": "Feature",
      "geometry": {
        "type": "Point",
        "coordinates": [
          3.389937,
          6.557099
        ]
      },
      "properties": {
        "node_id": "J0009",
        "hours_flooded": 3.86,
        "max_rate_cms": 2.63,
        "total_vol_10e6l": 22.363,
        "max_ponded_m": 0.0,
        "elevation_m": 9.35,
        "flood_class": "Severe",
        "colour": "#C62828",
        "pct_nonconverging": null,
        "label": "J0009 | Severe | rate=2.63cms | flooded=3.9h | vol=22.4e6L"
      }
    },
    {
      "type": "Feature",
      "geometry": {
        "type": "Point",
        "coordinates": [
          3.372359,
          6.578072
        ]
      },
      "properties": {
        "node_id": "J2251",
        "hours_flooded": 1.54,
        "max_rate_cms": 2.608,
        "total_vol_10e6l": 7.071,
        "max_ponded_m": 0.0,
        "elevation_m": 4.63,
        "flood_class": "Severe",
        "colour": "#C62828",
        "pct_nonconverging": null,
        "label": "J2251 | Severe | rate=2.61cms | flooded=1.5h | vol=7.1e6L"
      }
    },
    {
      "type": "Feature",
      "geometry": {
        "type": "Point",
        "coordinates": [
          3.422444,
          6.608755
        ]
      },
      "properties": {
        "node_id": "J1413",
        "hours_flooded": 3.16,
        "max_rate_cms": 2.599,
        "total_vol_10e6l": 12.855,
        "max_ponded_m": 0.0,
        "elevation_m": 3.15,
        "flood_class": "Severe",
        "colour": "#C62828",
        "pct_nonconverging": null,
        "label": "J1413 | Severe | rate=2.60cms | flooded=3.2h | vol=12.9e6L"
      }
    },
    {
      "type": "Feature",
      "geometry": {
        "type": "Point",
        "coordinates": [
          3.492561,
          6.589641
        ]
      },
      "properties": {
        "node_id": "J1738",
        "hours_flooded": 2.18,
        "max_rate_cms": 2.595,
        "total_vol_10e6l": 11.656,
        "max_ponded_m": 0.0,
        "elevation_m": 7.9,
        "flood_class": "Severe",
        "colour": "#C62828",
        "pct_nonconverging": null,
        "label": "J1738 | Severe | rate=2.60cms | flooded=2.2h | vol=11.7e6L"
      }
    },
    {
      "type": "Feature",
      "geometry": {
        "type": "Point",
        "coordinates": [
          3.396862,
          6.600087
        ]
      },
      "properties": {
        "node_id": "J1187",
        "hours_flooded": 5.27,
        "max_rate_cms": 2.594,
        "total_vol_10e6l": 17.573,
        "max_ponded_m": 0.0,
        "elevation_m": 6.74,
        "flood_class": "Severe",
        "colour": "#C62828",
        "pct_nonconverging": null,
        "label": "J1187 | Severe | rate=2.59cms | flooded=5.3h | vol=17.6e6L"
      }
    },
    {
      "type": "Feature",
      "geometry": {
        "type": "Point",
        "coordinates": [
          3.373777,
          6.63629
        ]
      },
      "properties": {
        "node_id": "J2081",
        "hours_flooded": 2.3,
        "max_rate_cms": 2.574,
        "total_vol_10e6l": 9.672,
        "max_ponded_m": 0.0,
        "elevation_m": 33.57,
        "flood_class": "Severe",
        "colour": "#C62828",
        "pct_nonconverging": null,
        "label": "J2081 | Severe | rate=2.57cms | flooded=2.3h | vol=9.7e6L"
      }
    },
    {
      "type": "Feature",
      "geometry": {
        "type": "Point",
        "coordinates": [
          3.393442,
          6.623661
        ]
      },
      "properties": {
        "node_id": "J1385",
        "hours_flooded": 5.35,
        "max_rate_cms": 2.572,
        "total_vol_10e6l": 31.658,
        "max_ponded_m": 0.0,
        "elevation_m": 4.13,
        "flood_class": "Severe",
        "colour": "#C62828",
        "pct_nonconverging": null,
        "label": "J1385 | Severe | rate=2.57cms | flooded=5.3h | vol=31.7e6L"
      }
    },
    {
      "type": "Feature",
      "geometry": {
        "type": "Point",
        "coordinates": [
          3.480007,
          6.568461
        ]
      },
      "properties": {
        "node_id": "J1632",
        "hours_flooded": 1.48,
        "max_rate_cms": 2.566,
        "total_vol_10e6l": 8.478,
        "max_ponded_m": 0.0,
        "elevation_m": 5.9,
        "flood_class": "Severe",
        "colour": "#C62828",
        "pct_nonconverging": null,
        "label": "J1632 | Severe | rate=2.57cms | flooded=1.5h | vol=8.5e6L"
      }
    },
    {
      "type": "Feature",
      "geometry": {
        "type": "Point",
        "coordinates": [
          3.382052,
          6.599878
        ]
      },
      "properties": {
        "node_id": "J0355",
        "hours_flooded": 3.55,
        "max_rate_cms": 2.543,
        "total_vol_10e6l": 18.027,
        "max_ponded_m": 0.0,
        "elevation_m": 24.4,
        "flood_class": "Severe",
        "colour": "#C62828",
        "pct_nonconverging": null,
        "label": "J0355 | Severe | rate=2.54cms | flooded=3.5h | vol=18.0e6L"
      }
    },
    {
      "type": "Feature",
      "geometry": {
        "type": "Point",
        "coordinates": [
          3.487717,
          6.575678
        ]
      },
      "properties": {
        "node_id": "J1612",
        "hours_flooded": 1.91,
        "max_rate_cms": 2.522,
        "total_vol_10e6l": 10.788,
        "max_ponded_m": 0.0,
        "elevation_m": 6.58,
        "flood_class": "Severe",
        "colour": "#C62828",
        "pct_nonconverging": null,
        "label": "J1612 | Severe | rate=2.52cms | flooded=1.9h | vol=10.8e6L"
      }
    },
    {
      "type": "Feature",
      "geometry": {
        "type": "Point",
        "coordinates": [
          3.479482,
          6.645639
        ]
      },
      "properties": {
        "node_id": "J2226",
        "hours_flooded": 4.7,
        "max_rate_cms": 2.517,
        "total_vol_10e6l": 21.458,
        "max_ponded_m": 0.0,
        "elevation_m": 10.3,
        "flood_class": "Severe",
        "colour": "#C62828",
        "pct_nonconverging": null,
        "label": "J2226 | Severe | rate=2.52cms | flooded=4.7h | vol=21.5e6L"
      }
    },
    {
      "type": "Feature",
      "geometry": {
        "type": "Point",
        "coordinates": [
          3.375154,
          6.599422
        ]
      },
      "properties": {
        "node_id": "J0633",
        "hours_flooded": 2.92,
        "max_rate_cms": 2.514,
        "total_vol_10e6l": 15.416,
        "max_ponded_m": 0.0,
        "elevation_m": 35.5,
        "flood_class": "Severe",
        "colour": "#C62828",
        "pct_nonconverging": null,
        "label": "J0633 | Severe | rate=2.51cms | flooded=2.9h | vol=15.4e6L"
      }
    },
    {
      "type": "Feature",
      "geometry": {
        "type": "Point",
        "coordinates": [
          3.483996,
          6.609904
        ]
      },
      "properties": {
        "node_id": "J0712",
        "hours_flooded": 0.77,
        "max_rate_cms": 2.506,
        "total_vol_10e6l": 3.906,
        "max_ponded_m": 0.0,
        "elevation_m": 3.35,
        "flood_class": "Severe",
        "colour": "#C62828",
        "pct_nonconverging": null,
        "label": "J0712 | Severe | rate=2.51cms | flooded=0.8h | vol=3.9e6L"
      }
    },
    {
      "type": "Feature",
      "geometry": {
        "type": "Point",
        "coordinates": [
          3.488653,
          6.577177
        ]
      },
      "properties": {
        "node_id": "J1608",
        "hours_flooded": 3.53,
        "max_rate_cms": 2.499,
        "total_vol_10e6l": 13.748,
        "max_ponded_m": 0.0,
        "elevation_m": 5.44,
        "flood_class": "Severe",
        "colour": "#C62828",
        "pct_nonconverging": null,
        "label": "J1608 | Severe | rate=2.50cms | flooded=3.5h | vol=13.7e6L"
      }
    },
    {
      "type": "Feature",
      "geometry": {
        "type": "Point",
        "coordinates": [
          3.399625,
          6.551077
        ]
      },
      "properties": {
        "node_id": "J0280",
        "hours_flooded": 3.85,
        "max_rate_cms": 2.486,
        "total_vol_10e6l": 13.992,
        "max_ponded_m": 0.0,
        "elevation_m": 6.66,
        "flood_class": "Severe",
        "colour": "#C62828",
        "pct_nonconverging": null,
        "label": "J0280 | Severe | rate=2.49cms | flooded=3.9h | vol=14.0e6L"
      }
    },
    {
      "type": "Feature",
      "geometry": {
        "type": "Point",
        "coordinates": [
          3.372212,
          6.544867
        ]
      },
      "properties": {
        "node_id": "J0017",
        "hours_flooded": 3.53,
        "max_rate_cms": 2.484,
        "total_vol_10e6l": 18.007,
        "max_ponded_m": 0.0,
        "elevation_m": 6.88,
        "flood_class": "Severe",
        "colour": "#C62828",
        "pct_nonconverging": null,
        "label": "J0017 | Severe | rate=2.48cms | flooded=3.5h | vol=18.0e6L"
      }
    },
    {
      "type": "Feature",
      "geometry": {
        "type": "Point",
        "coordinates": [
          3.39263,
          6.582196
        ]
      },
      "properties": {
        "node_id": "J2079",
        "hours_flooded": 5.25,
        "max_rate_cms": 2.475,
        "total_vol_10e6l": 18.129,
        "max_ponded_m": 0.0,
        "elevation_m": 3.27,
        "flood_class": "Severe",
        "colour": "#C62828",
        "pct_nonconverging": null,
        "label": "J2079 | Severe | rate=2.48cms | flooded=5.2h | vol=18.1e6L"
      }
    },
    {
      "type": "Feature",
      "geometry": {
        "type": "Point",
        "coordinates": [
          3.488911,
          6.578138
        ]
      },
      "properties": {
        "node_id": "J1604",
        "hours_flooded": 3.4,
        "max_rate_cms": 2.473,
        "total_vol_10e6l": 24.182,
        "max_ponded_m": 0.0,
        "elevation_m": 5.44,
        "flood_class": "Severe",
        "colour": "#C62828",
        "pct_nonconverging": null,
        "label": "J1604 | Severe | rate=2.47cms | flooded=3.4h | vol=24.2e6L"
      }
    },
    {
      "type": "Feature",
      "geometry": {
        "type": "Point",
        "coordinates": [
          3.400328,
          6.591267
        ]
      },
      "properties": {
        "node_id": "J1020",
        "hours_flooded": 2.08,
        "max_rate_cms": 2.466,
        "total_vol_10e6l": 9.736,
        "max_ponded_m": 0.0,
        "elevation_m": 9.24,
        "flood_class": "Severe",
        "colour": "#C62828",
        "pct_nonconverging": null,
        "label": "J1020 | Severe | rate=2.47cms | flooded=2.1h | vol=9.7e6L"
      }
    },
    {
      "type": "Feature",
      "geometry": {
        "type": "Point",
        "coordinates": [
          3.41937,
          6.603583
        ]
      },
      "properties": {
        "node_id": "J1419",
        "hours_flooded": 3.44,
        "max_rate_cms": 2.447,
        "total_vol_10e6l": 12.671,
        "max_ponded_m": 0.0,
        "elevation_m": 3.05,
        "flood_class": "Severe",
        "colour": "#C62828",
        "pct_nonconverging": null,
        "label": "J1419 | Severe | rate=2.45cms | flooded=3.4h | vol=12.7e6L"
      }
    },
    {
      "type": "Feature",
      "geometry": {
        "type": "Point",
        "coordinates": [
          3.393389,
          6.607638
        ]
      },
      "properties": {
        "node_id": "J1881",
        "hours_flooded": 3.25,
        "max_rate_cms": 2.443,
        "total_vol_10e6l": 13.043,
        "max_ponded_m": 0.0,
        "elevation_m": 15.21,
        "flood_class": "Severe",
        "colour": "#C62828",
        "pct_nonconverging": null,
        "label": "J1881 | Severe | rate=2.44cms | flooded=3.2h | vol=13.0e6L"
      }
    },
    {
      "type": "Feature",
      "geometry": {
        "type": "Point",
        "coordinates": [
          3.477745,
          6.648339
        ]
      },
      "properties": {
        "node_id": "J2232",
        "hours_flooded": 5.25,
        "max_rate_cms": 2.423,
        "total_vol_10e6l": 18.449,
        "max_ponded_m": 0.0,
        "elevation_m": 10.18,
        "flood_class": "Severe",
        "colour": "#C62828",
        "pct_nonconverging": null,
        "label": "J2232 | Severe | rate=2.42cms | flooded=5.2h | vol=18.4e6L"
      }
    },
    {
      "type": "Feature",
      "geometry": {
        "type": "Point",
        "coordinates": [
          3.372049,
          6.608458
        ]
      },
      "properties": {
        "node_id": "J0373",
        "hours_flooded": 1.69,
        "max_rate_cms": 2.407,
        "total_vol_10e6l": 7.553,
        "max_ponded_m": 0.0,
        "elevation_m": 37.39,
        "flood_class": "Severe",
        "colour": "#C62828",
        "pct_nonconverging": null,
        "label": "J0373 | Severe | rate=2.41cms | flooded=1.7h | vol=7.6e6L"
      }
    },
    {
      "type": "Feature",
      "geometry": {
        "type": "Point",
        "coordinates": [
          3.37648,
          6.602774
        ]
      },
      "properties": {
        "node_id": "J0384",
        "hours_flooded": 3.81,
        "max_rate_cms": 2.405,
        "total_vol_10e6l": 18.455,
        "max_ponded_m": 0.0,
        "elevation_m": 31.92,
        "flood_class": "Severe",
        "colour": "#C62828",
        "pct_nonconverging": null,
        "label": "J0384 | Severe | rate=2.40cms | flooded=3.8h | vol=18.5e6L"
      }
    },
    {
      "type": "Feature",
      "geometry": {
        "type": "Point",
        "coordinates": [
          3.376919,
          6.631913
        ]
      },
      "properties": {
        "node_id": "J0424",
        "hours_flooded": 2.37,
        "max_rate_cms": 2.397,
        "total_vol_10e6l": 10.457,
        "max_ponded_m": 0.0,
        "elevation_m": 32.25,
        "flood_class": "Severe",
        "colour": "#C62828",
        "pct_nonconverging": null,
        "label": "J0424 | Severe | rate=2.40cms | flooded=2.4h | vol=10.5e6L"
      }
    },
    {
      "type": "Feature",
      "geometry": {
        "type": "Point",
        "coordinates": [
          3.385398,
          6.548067
        ]
      },
      "properties": {
        "node_id": "J0870",
        "hours_flooded": 1.44,
        "max_rate_cms": 2.395,
        "total_vol_10e6l": 5.99,
        "max_ponded_m": 0.0,
        "elevation_m": 7.16,
        "flood_class": "Severe",
        "colour": "#C62828",
        "pct_nonconverging": null,
        "label": "J0870 | Severe | rate=2.40cms | flooded=1.4h | vol=6.0e6L"
      }
    },
    {
      "type": "Feature",
      "geometry": {
        "type": "Point",
        "coordinates": [
          3.36914,
          6.612177
        ]
      },
      "properties": {
        "node_id": "J1278",
        "hours_flooded": 2.24,
        "max_rate_cms": 2.394,
        "total_vol_10e6l": 8.75,
        "max_ponded_m": 0.0,
        "elevation_m": 37.7,
        "flood_class": "Severe",
        "colour": "#C62828",
        "pct_nonconverging": null,
        "label": "J1278 | Severe | rate=2.39cms | flooded=2.2h | vol=8.8e6L"
      }
    },
    {
      "type": "Feature",
      "geometry": {
        "type": "Point",
        "coordinates": [
          3.489209,
          6.580192
        ]
      },
      "properties": {
        "node_id": "J1728",
        "hours_flooded": 2.98,
        "max_rate_cms": 2.386,
        "total_vol_10e6l": 16.11,
        "max_ponded_m": 0.0,
        "elevation_m": 5.64,
        "flood_class": "Severe",
        "colour": "#C62828",
        "pct_nonconverging": null,
        "label": "J1728 | Severe | rate=2.39cms | flooded=3.0h | vol=16.1e6L"
      }
    },
    {
      "type": "Feature",
      "geometry": {
        "type": "Point",
        "coordinates": [
          3.394618,
          6.547647
        ]
      },
      "properties": {
        "node_id": "J0233",
        "hours_flooded": 2.62,
        "max_rate_cms": 2.377,
        "total_vol_10e6l": 10.178,
        "max_ponded_m": 0.0,
        "elevation_m": 2.79,
        "flood_class": "Severe",
        "colour": "#C62828",
        "pct_nonconverging": null,
        "label": "J0233 | Severe | rate=2.38cms | flooded=2.6h | vol=10.2e6L"
      }
    },
    {
      "type": "Feature",
      "geometry": {
        "type": "Point",
        "coordinates": [
          3.49997,
          6.541842
        ]
      },
      "properties": {
        "node_id": "J0739",
        "hours_flooded": 2.52,
        "max_rate_cms": 2.377,
        "total_vol_10e6l": 11.38,
        "max_ponded_m": 0.0,
        "elevation_m": 3.96,
        "flood_class": "Severe",
        "colour": "#C62828",
        "pct_nonconverging": null,
        "label": "J0739 | Severe | rate=2.38cms | flooded=2.5h | vol=11.4e6L"
      }
    },
    {
      "type": "Feature",
      "geometry": {
        "type": "Point",
        "coordinates": [
          3.394523,
          6.597381
        ]
      },
      "properties": {
        "node_id": "J1044",
        "hours_flooded": 5.23,
        "max_rate_cms": 2.376,
        "total_vol_10e6l": 20.208,
        "max_ponded_m": 0.0,
        "elevation_m": 6.77,
        "flood_class": "Severe",
        "colour": "#C62828",
        "pct_nonconverging": null,
        "label": "J1044 | Severe | rate=2.38cms | flooded=5.2h | vol=20.2e6L"
      }
    },
    {
      "type": "Feature",
      "geometry": {
        "type": "Point",
        "coordinates": [
          3.382461,
          6.539182
        ]
      },
      "properties": {
        "node_id": "J1470",
        "hours_flooded": 2.55,
        "max_rate_cms": 2.374,
        "total_vol_10e6l": 10.684,
        "max_ponded_m": 0.0,
        "elevation_m": 9.92,
        "flood_class": "Severe",
        "colour": "#C62828",
        "pct_nonconverging": null,
        "label": "J1470 | Severe | rate=2.37cms | flooded=2.5h | vol=10.7e6L"
      }
    },
    {
      "type": "Feature",
      "geometry": {
        "type": "Point",
        "coordinates": [
          3.41513,
          6.605765
        ]
      },
      "properties": {
        "node_id": "J1426",
        "hours_flooded": 5.25,
        "max_rate_cms": 2.371,
        "total_vol_10e6l": 19.473,
        "max_ponded_m": 0.0,
        "elevation_m": 3.28,
        "flood_class": "Severe",
        "colour": "#C62828",
        "pct_nonconverging": null,
        "label": "J1426 | Severe | rate=2.37cms | flooded=5.2h | vol=19.5e6L"
      }
    },
    {
      "type": "Feature",
      "geometry": {
        "type": "Point",
        "coordinates": [
          3.388369,
          6.549245
        ]
      },
      "properties": {
        "node_id": "J0074",
        "hours_flooded": 5.16,
        "max_rate_cms": 2.367,
        "total_vol_10e6l": 21.507,
        "max_ponded_m": 0.0,
        "elevation_m": 5.24,
        "flood_class": "Severe",
        "colour": "#C62828",
        "pct_nonconverging": null,
        "label": "J0074 | Severe | rate=2.37cms | flooded=5.2h | vol=21.5e6L"
      }
    },
    {
      "type": "Feature",
      "geometry": {
        "type": "Point",
        "coordinates": [
          3.389462,
          6.556672
        ]
      },
      "properties": {
        "node_id": "J0010",
        "hours_flooded": 1.83,
        "max_rate_cms": 2.356,
        "total_vol_10e6l": 7.773,
        "max_ponded_m": 0.0,
        "elevation_m": 12.84,
        "flood_class": "Severe",
        "colour": "#C62828",
        "pct_nonconverging": null,
        "label": "J0010 | Severe | rate=2.36cms | flooded=1.8h | vol=7.8e6L"
      }
    },
    {
      "type": "Feature",
      "geometry": {
        "type": "Point",
        "coordinates": [
          3.481644,
          6.637913
        ]
      },
      "properties": {
        "node_id": "J2206",
        "hours_flooded": 1.96,
        "max_rate_cms": 2.355,
        "total_vol_10e6l": 7.982,
        "max_ponded_m": 0.0,
        "elevation_m": 10.76,
        "flood_class": "Severe",
        "colour": "#C62828",
        "pct_nonconverging": null,
        "label": "J2206 | Severe | rate=2.35cms | flooded=2.0h | vol=8.0e6L"
      }
    },
    {
      "type": "Feature",
      "geometry": {
        "type": "Point",
        "coordinates": [
          3.375859,
          6.603623
        ]
      },
      "properties": {
        "node_id": "J0382",
        "hours_flooded": 3.31,
        "max_rate_cms": 2.354,
        "total_vol_10e6l": 13.089,
        "max_ponded_m": 0.0,
        "elevation_m": 33.71,
        "flood_class": "Severe",
        "colour": "#C62828",
        "pct_nonconverging": null,
        "label": "J0382 | Severe | rate=2.35cms | flooded=3.3h | vol=13.1e6L"
      }
    },
    {
      "type": "Feature",
      "geometry": {
        "type": "Point",
        "coordinates": [
          3.485967,
          6.573914
        ]
      },
      "properties": {
        "node_id": "J1616",
        "hours_flooded": 2.44,
        "max_rate_cms": 2.342,
        "total_vol_10e6l": 9.536,
        "max_ponded_m": 0.0,
        "elevation_m": 6.25,
        "flood_class": "Severe",
        "colour": "#C62828",
        "pct_nonconverging": null,
        "label": "J1616 | Severe | rate=2.34cms | flooded=2.4h | vol=9.5e6L"
      }
    },
    {
      "type": "Feature",
      "geometry": {
        "type": "Point",
        "coordinates": [
          3.400804,
          6.582275
        ]
      },
      "properties": {
        "node_id": "J0998",
        "hours_flooded": 3.19,
        "max_rate_cms": 2.336,
        "total_vol_10e6l": 12.108,
        "max_ponded_m": 0.0,
        "elevation_m": 1.9,
        "flood_class": "Severe",
        "colour": "#C62828",
        "pct_nonconverging": null,
        "label": "J0998 | Severe | rate=2.34cms | flooded=3.2h | vol=12.1e6L"
      }
    },
    {
      "type": "Feature",
      "geometry": {
        "type": "Point",
        "coordinates": [
          3.371848,
          6.577474
        ]
      },
      "properties": {
        "node_id": "J2132",
        "hours_flooded": 1.59,
        "max_rate_cms": 2.332,
        "total_vol_10e6l": 6.845,
        "max_ponded_m": 0.0,
        "elevation_m": 6.29,
        "flood_class": "Severe",
        "colour": "#C62828",
        "pct_nonconverging": null,
        "label": "J2132 | Severe | rate=2.33cms | flooded=1.6h | vol=6.8e6L"
      }
    },
    {
      "type": "Feature",
      "geometry": {
        "type": "Point",
        "coordinates": [
          3.374856,
          6.634685
        ]
      },
      "properties": {
        "node_id": "J0439",
        "hours_flooded": 3.13,
        "max_rate_cms": 2.328,
        "total_vol_10e6l": 12.144,
        "max_ponded_m": 0.0,
        "elevation_m": 25.36,
        "flood_class": "Severe",
        "colour": "#C62828",
        "pct_nonconverging": null,
        "label": "J0439 | Severe | rate=2.33cms | flooded=3.1h | vol=12.1e6L"
      }
    },
    {
      "type": "Feature",
      "geometry": {
        "type": "Point",
        "coordinates": [
          3.390486,
          6.550481
        ]
      },
      "properties": {
        "node_id": "J1790",
        "hours_flooded": 3.36,
        "max_rate_cms": 2.323,
        "total_vol_10e6l": 17.211,
        "max_ponded_m": 0.0,
        "elevation_m": 6.74,
        "flood_class": "Severe",
        "colour": "#C62828",
        "pct_nonconverging": null,
        "label": "J1790 | Severe | rate=2.32cms | flooded=3.4h | vol=17.2e6L"
      }
    },
    {
      "type": "Feature",
      "geometry": {
        "type": "Point",
        "coordinates": [
          3.39367,
          6.543018
        ]
      },
      "properties": {
        "node_id": "J0191",
        "hours_flooded": 0.74,
        "max_rate_cms": 2.318,
        "total_vol_10e6l": 3.547,
        "max_ponded_m": 0.0,
        "elevation_m": 3.51,
        "flood_class": "Severe",
        "colour": "#C62828",
        "pct_nonconverging": null,
        "label": "J0191 | Severe | rate=2.32cms | flooded=0.7h | vol=3.5e6L"
      }
    },
    {
      "type": "Feature",
      "geometry": {
        "type": "Point",
        "coordinates": [
          3.48652,
          6.603009
        ]
      },
      "properties": {
        "node_id": "J0720",
        "hours_flooded": 1.0,
        "max_rate_cms": 2.308,
        "total_vol_10e6l": 4.473,
        "max_ponded_m": 0.0,
        "elevation_m": 2.44,
        "flood_class": "Severe",
        "colour": "#C62828",
        "pct_nonconverging": null,
        "label": "J0720 | Severe | rate=2.31cms | flooded=1.0h | vol=4.5e6L"
      }
    },
    {
      "type": "Feature",
      "geometry": {
        "type": "Point",
        "coordinates": [
          3.401571,
          6.580648
        ]
      },
      "properties": {
        "node_id": "J0994",
        "hours_flooded": 1.65,
        "max_rate_cms": 2.305,
        "total_vol_10e6l": 6.926,
        "max_ponded_m": 0.0,
        "elevation_m": 3.66,
        "flood_class": "Severe",
        "colour": "#C62828",
        "pct_nonconverging": null,
        "label": "J0994 | Severe | rate=2.31cms | flooded=1.6h | vol=6.9e6L"
      }
    },
    {
      "type": "Feature",
      "geometry": {
        "type": "Point",
        "coordinates": [
          3.404128,
          6.60364
        ]
      },
      "properties": {
        "node_id": "J1845",
        "hours_flooded": 5.25,
        "max_rate_cms": 2.296,
        "total_vol_10e6l": 12.978,
        "max_ponded_m": 0.0,
        "elevation_m": 2.72,
        "flood_class": "Severe",
        "colour": "#C62828",
        "pct_nonconverging": null,
        "label": "J1845 | Severe | rate=2.30cms | flooded=5.2h | vol=13.0e6L"
      }
    },
    {
      "type": "Feature",
      "geometry": {
        "type": "Point",
        "coordinates": [
          3.398686,
          6.547656
        ]
      },
      "properties": {
        "node_id": "J0250",
        "hours_flooded": 4.33,
        "max_rate_cms": 2.295,
        "total_vol_10e6l": 16.945,
        "max_ponded_m": 0.0,
        "elevation_m": 2.34,
        "flood_class": "Severe",
        "colour": "#C62828",
        "pct_nonconverging": null,
        "label": "J0250 | Severe | rate=2.29cms | flooded=4.3h | vol=16.9e6L"
      }
    },
    {
      "type": "Feature",
      "geometry": {
        "type": "Point",
        "coordinates": [
          3.379024,
          6.599512
        ]
      },
      "properties": {
        "node_id": "J0349",
        "hours_flooded": 2.28,
        "max_rate_cms": 2.292,
        "total_vol_10e6l": 8.405,
        "max_ponded_m": 0.0,
        "elevation_m": 30.14,
        "flood_class": "Severe",
        "colour": "#C62828",
        "pct_nonconverging": null,
        "label": "J0349 | Severe | rate=2.29cms | flooded=2.3h | vol=8.4e6L"
      }
    },
    {
      "type": "Feature",
      "geometry": {
        "type": "Point",
        "coordinates": [
          3.403561,
          6.543866
        ]
      },
      "properties": {
        "node_id": "J1828",
        "hours_flooded": 3.39,
        "max_rate_cms": 2.288,
        "total_vol_10e6l": 16.87,
        "max_ponded_m": 0.0,
        "elevation_m": 6.6,
        "flood_class": "Severe",
        "colour": "#C62828",
        "pct_nonconverging": null,
        "label": "J1828 | Severe | rate=2.29cms | flooded=3.4h | vol=16.9e6L"
      }
    },
    {
      "type": "Feature",
      "geometry": {
        "type": "Point",
        "coordinates": [
          3.483401,
          6.628828
        ]
      },
      "properties": {
        "node_id": "J2174",
        "hours_flooded": 3.92,
        "max_rate_cms": 2.286,
        "total_vol_10e6l": 16.068,
        "max_ponded_m": 0.0,
        "elevation_m": 9.12,
        "flood_class": "Severe",
        "colour": "#C62828",
        "pct_nonconverging": null,
        "label": "J2174 | Severe | rate=2.29cms | flooded=3.9h | vol=16.1e6L"
      }
    },
    {
      "type": "Feature",
      "geometry": {
        "type": "Point",
        "coordinates": [
          3.400576,
          6.585606
        ]
      },
      "properties": {
        "node_id": "J0969",
        "hours_flooded": 3.26,
        "max_rate_cms": 2.281,
        "total_vol_10e6l": 14.488,
        "max_ponded_m": 0.0,
        "elevation_m": 2.64,
        "flood_class": "Severe",
        "colour": "#C62828",
        "pct_nonconverging": null,
        "label": "J0969 | Severe | rate=2.28cms | flooded=3.3h | vol=14.5e6L"
      }
    },
    {
      "type": "Feature",
      "geometry": {
        "type": "Point",
        "coordinates": [
          3.36858,
          6.596624
        ]
      },
      "properties": {
        "node_id": "J0536",
        "hours_flooded": 4.56,
        "max_rate_cms": 2.28,
        "total_vol_10e6l": 15.479,
        "max_ponded_m": 0.0,
        "elevation_m": 22.76,
        "flood_class": "Severe",
        "colour": "#C62828",
        "pct_nonconverging": null,
        "label": "J0536 | Severe | rate=2.28cms | flooded=4.6h | vol=15.5e6L"
      }
    },
    {
      "type": "Feature",
      "geometry": {
        "type": "Point",
        "coordinates": [
          3.485329,
          6.604225
        ]
      },
      "properties": {
        "node_id": "J0703",
        "hours_flooded": 4.64,
        "max_rate_cms": 2.278,
        "total_vol_10e6l": 12.399,
        "max_ponded_m": 0.0,
        "elevation_m": 1.71,
        "flood_class": "Severe",
        "colour": "#C62828",
        "pct_nonconverging": null,
        "label": "J0703 | Severe | rate=2.28cms | flooded=4.6h | vol=12.4e6L"
      }
    },
    {
      "type": "Feature",
      "geometry": {
        "type": "Point",
        "coordinates": [
          3.479762,
          6.568267
        ]
      },
      "properties": {
        "node_id": "J1633",
        "hours_flooded": 0.91,
        "max_rate_cms": 2.278,
        "total_vol_10e6l": 3.367,
        "max_ponded_m": 0.0,
        "elevation_m": 5.9,
        "flood_class": "Severe",
        "colour": "#C62828",
        "pct_nonconverging": null,
        "label": "J1633 | Severe | rate=2.28cms | flooded=0.9h | vol=3.4e6L"
      }
    },
    {
      "type": "Feature",
      "geometry": {
        "type": "Point",
        "coordinates": [
          3.391143,
          6.558256
        ]
      },
      "properties": {
        "node_id": "J1410",
        "hours_flooded": 5.32,
        "max_rate_cms": 2.24,
        "total_vol_10e6l": 12.712,
        "max_ponded_m": 0.0,
        "elevation_m": 8.72,
        "flood_class": "Severe",
        "colour": "#C62828",
        "pct_nonconverging": null,
        "label": "J1410 | Severe | rate=2.24cms | flooded=5.3h | vol=12.7e6L"
      }
    },
    {
      "type": "Feature",
      "geometry": {
        "type": "Point",
        "coordinates": [
          3.384208,
          6.600175
        ]
      },
      "properties": {
        "node_id": "J0361",
        "hours_flooded": 2.48,
        "max_rate_cms": 2.238,
        "total_vol_10e6l": 10.071,
        "max_ponded_m": 0.0,
        "elevation_m": 21.43,
        "flood_class": "Severe",
        "colour": "#C62828",
        "pct_nonconverging": null,
        "label": "J0361 | Severe | rate=2.24cms | flooded=2.5h | vol=10.1e6L"
      }
    },
    {
      "type": "Feature",
      "geometry": {
        "type": "Point",
        "coordinates": [
          3.396384,
          6.572511
        ]
      },
      "properties": {
        "node_id": "J0002",
        "hours_flooded": 5.3,
        "max_rate_cms": 2.209,
        "total_vol_10e6l": 21.261,
        "max_ponded_m": 0.0,
        "elevation_m": 9.16,
        "flood_class": "Severe",
        "colour": "#C62828",
        "pct_nonconverging": null,
        "label": "J0002 | Severe | rate=2.21cms | flooded=5.3h | vol=21.3e6L"
      }
    },
    {
      "type": "Feature",
      "geometry": {
        "type": "Point",
        "coordinates": [
          3.397905,
          6.596319
        ]
      },
      "properties": {
        "node_id": "J1098",
        "hours_flooded": 5.21,
        "max_rate_cms": 2.199,
        "total_vol_10e6l": 11.814,
        "max_ponded_m": 0.0,
        "elevation_m": 4.97,
        "flood_class": "Severe",
        "colour": "#C62828",
        "pct_nonconverging": null,
        "label": "J1098 | Severe | rate=2.20cms | flooded=5.2h | vol=11.8e6L"
      }
    },
    {
      "type": "Feature",
      "geometry": {
        "type": "Point",
        "coordinates": [
          3.373327,
          6.606795
        ]
      },
      "properties": {
        "node_id": "J0376",
        "hours_flooded": 3.36,
        "max_rate_cms": 2.189,
        "total_vol_10e6l": 11.691,
        "max_ponded_m": 0.0,
        "elevation_m": 35.87,
        "flood_class": "Severe",
        "colour": "#C62828",
        "pct_nonconverging": null,
        "label": "J0376 | Severe | rate=2.19cms | flooded=3.4h | vol=11.7e6L"
      }
    },
    {
      "type": "Feature",
      "geometry": {
        "type": "Point",
        "coordinates": [
          3.491766,
          6.601686
        ]
      },
      "properties": {
        "node_id": "J1549",
        "hours_flooded": 3.31,
        "max_rate_cms": 2.176,
        "total_vol_10e6l": 11.263,
        "max_ponded_m": 0.0,
        "elevation_m": 9.34,
        "flood_class": "Severe",
        "colour": "#C62828",
        "pct_nonconverging": null,
        "label": "J1549 | Severe | rate=2.18cms | flooded=3.3h | vol=11.3e6L"
      }
    },
    {
      "type": "Feature",
      "geometry": {
        "type": "Point",
        "coordinates": [
          3.392842,
          6.585674
        ]
      },
      "properties": {
        "node_id": "J1082",
        "hours_flooded": 5.31,
        "max_rate_cms": 2.172,
        "total_vol_10e6l": 19.272,
        "max_ponded_m": 0.0,
        "elevation_m": 1.0,
        "flood_class": "Severe",
        "colour": "#C62828",
        "pct_nonconverging": null,
        "label": "J1082 | Severe | rate=2.17cms | flooded=5.3h | vol=19.3e6L"
      }
    },
    {
      "type": "Feature",
      "geometry": {
        "type": "Point",
        "coordinates": [
          3.500314,
          6.542599
        ]
      },
      "properties": {
        "node_id": "J0743",
        "hours_flooded": 3.39,
        "max_rate_cms": 2.166,
        "total_vol_10e6l": 11.939,
        "max_ponded_m": 0.0,
        "elevation_m": 3.35,
        "flood_class": "Severe",
        "colour": "#C62828",
        "pct_nonconverging": null,
        "label": "J0743 | Severe | rate=2.17cms | flooded=3.4h | vol=11.9e6L"
      }
    },
    {
      "type": "Feature",
      "geometry": {
        "type": "Point",
        "coordinates": [
          3.39572,
          6.587501
        ]
      },
      "properties": {
        "node_id": "J1067",
        "hours_flooded": 2.36,
        "max_rate_cms": 2.152,
        "total_vol_10e6l": 8.533,
        "max_ponded_m": 0.0,
        "elevation_m": 5.81,
        "flood_class": "Severe",
        "colour": "#C62828",
        "pct_nonconverging": null,
        "label": "J1067 | Severe | rate=2.15cms | flooded=2.4h | vol=8.5e6L"
      }
    },
    {
      "type": "Feature",
      "geometry": {
        "type": "Point",
        "coordinates": [
          3.38145,
          6.547715
        ]
      },
      "properties": {
        "node_id": "J0862",
        "hours_flooded": 4.29,
        "max_rate_cms": 2.151,
        "total_vol_10e6l": 9.453,
        "max_ponded_m": 0.0,
        "elevation_m": 3.45,
        "flood_class": "Severe",
        "colour": "#C62828",
        "pct_nonconverging": null,
        "label": "J0862 | Severe | rate=2.15cms | flooded=4.3h | vol=9.5e6L"
      }
    },
    {
      "type": "Feature",
      "geometry": {
        "type": "Point",
        "coordinates": [
          3.47777,
          6.565771
        ]
      },
      "properties": {
        "node_id": "J1723",
        "hours_flooded": 3.12,
        "max_rate_cms": 2.151,
        "total_vol_10e6l": 21.17,
        "max_ponded_m": 0.0,
        "elevation_m": 5.92,
        "flood_class": "Severe",
        "colour": "#C62828",
        "pct_nonconverging": null,
        "label": "J1723 | Severe | rate=2.15cms | flooded=3.1h | vol=21.2e6L"
      }
    },
    {
      "type": "Feature",
      "geometry": {
        "type": "Point",
        "coordinates": [
          3.492618,
          6.591737
        ]
      },
      "properties": {
        "node_id": "J1571",
        "hours_flooded": 1.52,
        "max_rate_cms": 2.15,
        "total_vol_10e6l": 7.417,
        "max_ponded_m": 0.0,
        "elevation_m": 8.94,
        "flood_class": "Severe",
        "colour": "#C62828",
        "pct_nonconverging": null,
        "label": "J1571 | Severe | rate=2.15cms | flooded=1.5h | vol=7.4e6L"
      }
    },
    {
      "type": "Feature",
      "geometry": {
        "type": "Point",
        "coordinates": [
          3.392827,
          6.540597
        ]
      },
      "properties": {
        "node_id": "J0181",
        "hours_flooded": 4.82,
        "max_rate_cms": 2.147,
        "total_vol_10e6l": 10.641,
        "max_ponded_m": 0.0,
        "elevation_m": 0.71,
        "flood_class": "Severe",
        "colour": "#C62828",
        "pct_nonconverging": null,
        "label": "J0181 | Severe | rate=2.15cms | flooded=4.8h | vol=10.6e6L"
      }
    },
    {
      "type": "Feature",
      "geometry": {
        "type": "Point",
        "coordinates": [
          3.475698,
          6.558225
        ]
      },
      "properties": {
        "node_id": "J1663",
        "hours_flooded": 2.11,
        "max_rate_cms": 2.145,
        "total_vol_10e6l": 7.82,
        "max_ponded_m": 0.0,
        "elevation_m": 6.56,
        "flood_class": "Severe",
        "colour": "#C62828",
        "pct_nonconverging": null,
        "label": "J1663 | Severe | rate=2.15cms | flooded=2.1h | vol=7.8e6L"
      }
    },
    {
      "type": "Feature",
      "geometry": {
        "type": "Point",
        "coordinates": [
          3.375057,
          6.628697
        ]
      },
      "properties": {
        "node_id": "J0412",
        "hours_flooded": 2.04,
        "max_rate_cms": 2.14,
        "total_vol_10e6l": 7.147,
        "max_ponded_m": 0.0,
        "elevation_m": 21.15,
        "flood_class": "Severe",
        "colour": "#C62828",
        "pct_nonconverging": null,
        "label": "J0412 | Severe | rate=2.14cms | flooded=2.0h | vol=7.1e6L"
      }
    },
    {
      "type": "Feature",
      "geometry": {
        "type": "Point",
        "coordinates": [
          3.495899,
          6.598668
        ]
      },
      "properties": {
        "node_id": "J1948",
        "hours_flooded": 5.2,
        "max_rate_cms": 2.14,
        "total_vol_10e6l": 12.507,
        "max_ponded_m": 0.0,
        "elevation_m": 5.6,
        "flood_class": "Severe",
        "colour": "#C62828",
        "pct_nonconverging": null,
        "label": "J1948 | Severe | rate=2.14cms | flooded=5.2h | vol=12.5e6L"
      }
    },
    {
      "type": "Feature",
      "geometry": {
        "type": "Point",
        "coordinates": [
          3.400541,
          6.595037
        ]
      },
      "properties": {
        "node_id": "J1085",
        "hours_flooded": 5.28,
        "max_rate_cms": 2.137,
        "total_vol_10e6l": 12.088,
        "max_ponded_m": 0.0,
        "elevation_m": 2.51,
        "flood_class": "Severe",
        "colour": "#C62828",
        "pct_nonconverging": null,
        "label": "J1085 | Severe | rate=2.14cms | flooded=5.3h | vol=12.1e6L"
      }
    },
    {
      "type": "Feature",
      "geometry": {
        "type": "Point",
        "coordinates": [
          3.385377,
          6.599938
        ]
      },
      "properties": {
        "node_id": "J0365",
        "hours_flooded": 3.94,
        "max_rate_cms": 2.128,
        "total_vol_10e6l": 13.606,
        "max_ponded_m": 0.0,
        "elevation_m": 18.72,
        "flood_class": "Severe",
        "colour": "#C62828",
        "pct_nonconverging": null,
        "label": "J0365 | Severe | rate=2.13cms | flooded=3.9h | vol=13.6e6L"
      }
    },
    {
      "type": "Feature",
      "geometry": {
        "type": "Point",
        "coordinates": [
          3.399512,
          6.551167
        ]
      },
      "properties": {
        "node_id": "J0279",
        "hours_flooded": 3.77,
        "max_rate_cms": 2.122,
        "total_vol_10e6l": 11.844,
        "max_ponded_m": 0.0,
        "elevation_m": 6.66,
        "flood_class": "Severe",
        "colour": "#C62828",
        "pct_nonconverging": null,
        "label": "J0279 | Severe | rate=2.12cms | flooded=3.8h | vol=11.8e6L"
      }
    },
    {
      "type": "Feature",
      "geometry": {
        "type": "Point",
        "coordinates": [
          3.400581,
          6.594802
        ]
      },
      "properties": {
        "node_id": "J1006",
        "hours_flooded": 5.28,
        "max_rate_cms": 2.12,
        "total_vol_10e6l": 18.616,
        "max_ponded_m": 0.0,
        "elevation_m": 2.51,
        "flood_class": "Severe",
        "colour": "#C62828",
        "pct_nonconverging": null,
        "label": "J1006 | Severe | rate=2.12cms | flooded=5.3h | vol=18.6e6L"
      }
    },
    {
      "type": "Feature",
      "geometry": {
        "type": "Point",
        "coordinates": [
          3.378804,
          6.542224
        ]
      },
      "properties": {
        "node_id": "J2061",
        "hours_flooded": 5.25,
        "max_rate_cms": 2.104,
        "total_vol_10e6l": 17.607,
        "max_ponded_m": 0.0,
        "elevation_m": 3.45,
        "flood_class": "Severe",
        "colour": "#C62828",
        "pct_nonconverging": null,
        "label": "J2061 | Severe | rate=2.10cms | flooded=5.2h | vol=17.6e6L"
      }
    },
    {
      "type": "Feature",
      "geometry": {
        "type": "Point",
        "coordinates": [
          3.37235,
          6.592566
        ]
      },
      "properties": {
        "node_id": "J0549",
        "hours_flooded": 1.61,
        "max_rate_cms": 2.1,
        "total_vol_10e6l": 6.38,
        "max_ponded_m": 0.0,
        "elevation_m": 23.73,
        "flood_class": "Severe",
        "colour": "#C62828",
        "pct_nonconverging": null,
        "label": "J0549 | Severe | rate=2.10cms | flooded=1.6h | vol=6.4e6L"
      }
    },
    {
      "type": "Feature",
      "geometry": {
        "type": "Point",
        "coordinates": [
          3.370682,
          6.599792
        ]
      },
      "properties": {
        "node_id": "J0620",
        "hours_flooded": 5.29,
        "max_rate_cms": 2.093,
        "total_vol_10e6l": 18.034,
        "max_ponded_m": 0.0,
        "elevation_m": 26.18,
        "flood_class": "Severe",
        "colour": "#C62828",
        "pct_nonconverging": null,
        "label": "J0620 | Severe | rate=2.09cms | flooded=5.3h | vol=18.0e6L"
      }
    },
    {
      "type": "Feature",
      "geometry": {
        "type": "Point",
        "coordinates": [
          3.399163,
          6.587801
        ]
      },
      "properties": {
        "node_id": "J1037",
        "hours_flooded": 3.36,
        "max_rate_cms": 2.088,
        "total_vol_10e6l": 11.444,
        "max_ponded_m": 0.0,
        "elevation_m": 5.57,
        "flood_class": "Severe",
        "colour": "#C62828",
        "pct_nonconverging": null,
        "label": "J1037 | Severe | rate=2.09cms | flooded=3.4h | vol=11.4e6L"
      }
    },
    {
      "type": "Feature",
      "geometry": {
        "type": "Point",
        "coordinates": [
          3.371895,
          6.579016
        ]
      },
      "properties": {
        "node_id": "J2143",
        "hours_flooded": 2.53,
        "max_rate_cms": 2.075,
        "total_vol_10e6l": 13.794,
        "max_ponded_m": 0.0,
        "elevation_m": 3.71,
        "flood_class": "Severe",
        "colour": "#C62828",
        "pct_nonconverging": null,
        "label": "J2143 | Severe | rate=2.08cms | flooded=2.5h | vol=13.8e6L"
      }
    },
    {
      "type": "Feature",
      "geometry": {
        "type": "Point",
        "coordinates": [
          3.477348,
          6.564869
        ]
      },
      "properties": {
        "node_id": "J1643",
        "hours_flooded": 1.3,
        "max_rate_cms": 2.06,
        "total_vol_10e6l": 3.734,
        "max_ponded_m": 0.0,
        "elevation_m": 6.23,
        "flood_class": "Severe",
        "colour": "#C62828",
        "pct_nonconverging": null,
        "label": "J1643 | Severe | rate=2.06cms | flooded=1.3h | vol=3.7e6L"
      }
    },
    {
      "type": "Feature",
      "geometry": {
        "type": "Point",
        "coordinates": [
          3.479016,
          6.646542
        ]
      },
      "properties": {
        "node_id": "J2229",
        "hours_flooded": 2.77,
        "max_rate_cms": 2.056,
        "total_vol_10e6l": 9.261,
        "max_ponded_m": 0.0,
        "elevation_m": 10.3,
        "flood_class": "Severe",
        "colour": "#C62828",
        "pct_nonconverging": null,
        "label": "J2229 | Severe | rate=2.06cms | flooded=2.8h | vol=9.3e6L"
      }
    },
    {
      "type": "Feature",
      "geometry": {
        "type": "Point",
        "coordinates": [
          3.422192,
          6.608229
        ]
      },
      "properties": {
        "node_id": "J1414",
        "hours_flooded": 3.48,
        "max_rate_cms": 2.045,
        "total_vol_10e6l": 11.216,
        "max_ponded_m": 0.0,
        "elevation_m": 3.15,
        "flood_class": "Severe",
        "colour": "#C62828",
        "pct_nonconverging": null,
        "label": "J1414 | Severe | rate=2.04cms | flooded=3.5h | vol=11.2e6L"
      }
    },
    {
      "type": "Feature",
      "geometry": {
        "type": "Point",
        "coordinates": [
          3.393488,
          6.607742
        ]
      },
      "properties": {
        "node_id": "J1880",
        "hours_flooded": 3.44,
        "max_rate_cms": 2.042,
        "total_vol_10e6l": 11.133,
        "max_ponded_m": 0.0,
        "elevation_m": 15.21,
        "flood_class": "Severe",
        "colour": "#C62828",
        "pct_nonconverging": null,
        "label": "J1880 | Severe | rate=2.04cms | flooded=3.4h | vol=11.1e6L"
      }
    },
    {
      "type": "Feature",
      "geometry": {
        "type": "Point",
        "coordinates": [
          3.39149,
          6.605056
        ]
      },
      "properties": {
        "node_id": "J1889",
        "hours_flooded": 2.39,
        "max_rate_cms": 2.032,
        "total_vol_10e6l": 8.571,
        "max_ponded_m": 0.0,
        "elevation_m": 17.26,
        "flood_class": "Severe",
        "colour": "#C62828",
        "pct_nonconverging": null,
        "label": "J1889 | Severe | rate=2.03cms | flooded=2.4h | vol=8.6e6L"
      }
    },
    {
      "type": "Feature",
      "geometry": {
        "type": "Point",
        "coordinates": [
          3.492587,
          6.59151
        ]
      },
      "properties": {
        "node_id": "J1572",
        "hours_flooded": 1.55,
        "max_rate_cms": 2.031,
        "total_vol_10e6l": 7.392,
        "max_ponded_m": 0.0,
        "elevation_m": 8.94,
        "flood_class": "Severe",
        "colour": "#C62828",
        "pct_nonconverging": null,
        "label": "J1572 | Severe | rate=2.03cms | flooded=1.6h | vol=7.4e6L"
      }
    },
    {
      "type": "Feature",
      "geometry": {
        "type": "Point",
        "coordinates": [
          3.474454,
          6.553219
        ]
      },
      "properties": {
        "node_id": "J1677",
        "hours_flooded": 1.47,
        "max_rate_cms": 2.025,
        "total_vol_10e6l": 4.659,
        "max_ponded_m": 0.0,
        "elevation_m": 4.79,
        "flood_class": "Severe",
        "colour": "#C62828",
        "pct_nonconverging": null,
        "label": "J1677 | Severe | rate=2.02cms | flooded=1.5h | vol=4.7e6L"
      }
    },
    {
      "type": "Feature",
      "geometry": {
        "type": "Point",
        "coordinates": [
          3.492523,
          6.588896
        ]
      },
      "properties": {
        "node_id": "J1736",
        "hours_flooded": 2.59,
        "max_rate_cms": 2.012,
        "total_vol_10e6l": 13.054,
        "max_ponded_m": 0.0,
        "elevation_m": 7.43,
        "flood_class": "Severe",
        "colour": "#C62828",
        "pct_nonconverging": null,
        "label": "J1736 | Severe | rate=2.01cms | flooded=2.6h | vol=13.1e6L"
      }
    },
    {
      "type": "Feature",
      "geometry": {
        "type": "Point",
        "coordinates": [
          3.481444,
          6.569614
        ]
      },
      "properties": {
        "node_id": "J1629",
        "hours_flooded": 1.63,
        "max_rate_cms": 2.002,
        "total_vol_10e6l": 5.59,
        "max_ponded_m": 0.0,
        "elevation_m": 6.09,
        "flood_class": "Severe",
        "colour": "#C62828",
        "pct_nonconverging": null,
        "label": "J1629 | Severe | rate=2.00cms | flooded=1.6h | vol=5.6e6L"
      }
    },
    {
      "type": "Feature",
      "geometry": {
        "type": "Point",
        "coordinates": [
          3.394478,
          6.591839
        ]
      },
      "properties": {
        "node_id": "J1129",
        "hours_flooded": 5.26,
        "max_rate_cms": 1.999,
        "total_vol_10e6l": 12.5,
        "max_ponded_m": 0.0,
        "elevation_m": 4.95,
        "flood_class": "Severe",
        "colour": "#C62828",
        "pct_nonconverging": null,
        "label": "J1129 | Severe | rate=2.00cms | flooded=5.3h | vol=12.5e6L"
      }
    },
    {
      "type": "Feature",
      "geometry": {
        "type": "Point",
        "coordinates": [
          3.372463,
          6.607906
        ]
      },
      "properties": {
        "node_id": "J0374",
        "hours_flooded": 1.9,
        "max_rate_cms": 1.997,
        "total_vol_10e6l": 7.082,
        "max_ponded_m": 0.0,
        "elevation_m": 37.39,
        "flood_class": "Severe",
        "colour": "#C62828",
        "pct_nonconverging": null,
        "label": "J0374 | Severe | rate=2.00cms | flooded=1.9h | vol=7.1e6L"
      }
    },
    {
      "type": "Feature",
      "geometry": {
        "type": "Point",
        "coordinates": [
          3.380932,
          6.540473
        ]
      },
      "properties": {
        "node_id": "J1465",
        "hours_flooded": 5.27,
        "max_rate_cms": 1.985,
        "total_vol_10e6l": 14.63,
        "max_ponded_m": 0.0,
        "elevation_m": 3.45,
        "flood_class": "Severe",
        "colour": "#C62828",
        "pct_nonconverging": null,
        "label": "J1465 | Severe | rate=1.99cms | flooded=5.3h | vol=14.6e6L"
      }
    },
    {
      "type": "Feature",
      "geometry": {
        "type": "Point",
        "coordinates": [
          3.392839,
          6.597405
        ]
      },
      "properties": {
        "node_id": "J1051",
        "hours_flooded": 2.48,
        "max_rate_cms": 1.982,
        "total_vol_10e6l": 8.311,
        "max_ponded_m": 0.0,
        "elevation_m": 10.41,
        "flood_class": "Severe",
        "colour": "#C62828",
        "pct_nonconverging": null,
        "label": "J1051 | Severe | rate=1.98cms | flooded=2.5h | vol=8.3e6L"
      }
    },
    {
      "type": "Feature",
      "geometry": {
        "type": "Point",
        "coordinates": [
          3.37515,
          6.552061
        ]
      },
      "properties": {
        "node_id": "J1705",
        "hours_flooded": 2.26,
        "max_rate_cms": 1.982,
        "total_vol_10e6l": 8.286,
        "max_ponded_m": 0.0,
        "elevation_m": 8.58,
        "flood_class": "Severe",
        "colour": "#C62828",
        "pct_nonconverging": null,
        "label": "J1705 | Severe | rate=1.98cms | flooded=2.3h | vol=8.3e6L"
      }
    },
    {
      "type": "Feature",
      "geometry": {
        "type": "Point",
        "coordinates": [
          3.377623,
          6.637378
        ]
      },
      "properties": {
        "node_id": "J0459",
        "hours_flooded": 3.87,
        "max_rate_cms": 1.964,
        "total_vol_10e6l": 13.07,
        "max_ponded_m": 0.0,
        "elevation_m": 26.29,
        "flood_class": "Severe",
        "colour": "#C62828",
        "pct_nonconverging": null,
        "label": "J0459 | Severe | rate=1.96cms | flooded=3.9h | vol=13.1e6L"
      }
    },
    {
      "type": "Feature",
      "geometry": {
        "type": "Point",
        "coordinates": [
          3.370799,
          6.629979
        ]
      },
      "properties": {
        "node_id": "J0394",
        "hours_flooded": 5.11,
        "max_rate_cms": 1.953,
        "total_vol_10e6l": 10.469,
        "max_ponded_m": 0.0,
        "elevation_m": 27.22,
        "flood_class": "Severe",
        "colour": "#C62828",
        "pct_nonconverging": null,
        "label": "J0394 | Severe | rate=1.95cms | flooded=5.1h | vol=10.5e6L"
      }
    },
    {
      "type": "Feature",
      "geometry": {
        "type": "Point",
        "coordinates": [
          3.394235,
          6.586799
        ]
      },
      "properties": {
        "node_id": "J1075",
        "hours_flooded": 2.51,
        "max_rate_cms": 1.952,
        "total_vol_10e6l": 10.939,
        "max_ponded_m": 0.0,
        "elevation_m": 5.33,
        "flood_class": "Severe",
        "colour": "#C62828",
        "pct_nonconverging": null,
        "label": "J1075 | Severe | rate=1.95cms | flooded=2.5h | vol=10.9e6L"
      }
    },
    {
      "type": "Feature",
      "geometry": {
        "type": "Point",
        "coordinates": [
          3.397337,
          6.615852
        ]
      },
      "properties": {
        "node_id": "J1405",
        "hours_flooded": 1.98,
        "max_rate_cms": 1.938,
        "total_vol_10e6l": 7.634,
        "max_ponded_m": 0.0,
        "elevation_m": 3.58,
        "flood_class": "Severe",
        "colour": "#C62828",
        "pct_nonconverging": null,
        "label": "J1405 | Severe | rate=1.94cms | flooded=2.0h | vol=7.6e6L"
      }
    },
    {
      "type": "Feature",
      "geometry": {
        "type": "Point",
        "coordinates": [
          3.489001,
          6.578568
        ]
      },
      "properties": {
        "node_id": "J1726",
        "hours_flooded": 1.65,
        "max_rate_cms": 1.931,
        "total_vol_10e6l": 5.607,
        "max_ponded_m": 0.0,
        "elevation_m": 5.64,
        "flood_class": "Severe",
        "colour": "#C62828",
        "pct_nonconverging": null,
        "label": "J1726 | Severe | rate=1.93cms | flooded=1.6h | vol=5.6e6L"
      }
    },
    {
      "type": "Feature",
      "geometry": {
        "type": "Point",
        "coordinates": [
          3.50681,
          6.55027
        ]
      },
      "properties": {
        "node_id": "J0765",
        "hours_flooded": 2.28,
        "max_rate_cms": 1.928,
        "total_vol_10e6l": 7.872,
        "max_ponded_m": 0.0,
        "elevation_m": 5.17,
        "flood_class": "Severe",
        "colour": "#C62828",
        "pct_nonconverging": null,
        "label": "J0765 | Severe | rate=1.93cms | flooded=2.3h | vol=7.9e6L"
      }
    },
    {
      "type": "Feature",
      "geometry": {
        "type": "Point",
        "coordinates": [
          3.479202,
          6.646004
        ]
      },
      "properties": {
        "node_id": "J2249",
        "hours_flooded": 3.49,
        "max_rate_cms": 1.925,
        "total_vol_10e6l": 10.466,
        "max_ponded_m": 0.0,
        "elevation_m": 10.3,
        "flood_class": "Severe",
        "colour": "#C62828",
        "pct_nonconverging": null,
        "label": "J2249 | Severe | rate=1.93cms | flooded=3.5h | vol=10.5e6L"
      }
    },
    {
      "type": "Feature",
      "geometry": {
        "type": "Point",
        "coordinates": [
          3.475584,
          6.559587
        ]
      },
      "properties": {
        "node_id": "J1659",
        "hours_flooded": 1.71,
        "max_rate_cms": 1.916,
        "total_vol_10e6l": 6.26,
        "max_ponded_m": 0.0,
        "elevation_m": 6.87,
        "flood_class": "Severe",
        "colour": "#C62828",
        "pct_nonconverging": null,
        "label": "J1659 | Severe | rate=1.92cms | flooded=1.7h | vol=6.3e6L"
      }
    },
    {
      "type": "Feature",
      "geometry": {
        "type": "Point",
        "coordinates": [
          3.392058,
          6.605814
        ]
      },
      "properties": {
        "node_id": "J1886",
        "hours_flooded": 3.32,
        "max_rate_cms": 1.911,
        "total_vol_10e6l": 14.659,
        "max_ponded_m": 0.0,
        "elevation_m": 15.84,
        "flood_class": "Severe",
        "colour": "#C62828",
        "pct_nonconverging": null,
        "label": "J1886 | Severe | rate=1.91cms | flooded=3.3h | vol=14.7e6L"
      }
    },
    {
      "type": "Feature",
      "geometry": {
        "type": "Point",
        "coordinates": [
          3.483831,
          6.627293
        ]
      },
      "properties": {
        "node_id": "J2222",
        "hours_flooded": 2.97,
        "max_rate_cms": 1.899,
        "total_vol_10e6l": 10.185,
        "max_ponded_m": 0.0,
        "elevation_m": 9.12,
        "flood_class": "Severe",
        "colour": "#C62828",
        "pct_nonconverging": null,
        "label": "J2222 | Severe | rate=1.90cms | flooded=3.0h | vol=10.2e6L"
      }
    },
    {
      "type": "Feature",
      "geometry": {
        "type": "Point",
        "coordinates": [
          3.37684,
          6.543462
        ]
      },
      "properties": {
        "node_id": "J1471",
        "hours_flooded": 3.59,
        "max_rate_cms": 1.898,
        "total_vol_10e6l": 14.117,
        "max_ponded_m": 0.0,
        "elevation_m": 4.9,
        "flood_class": "Severe",
        "colour": "#C62828",
        "pct_nonconverging": null,
        "label": "J1471 | Severe | rate=1.90cms | flooded=3.6h | vol=14.1e6L"
      }
    },
    {
      "type": "Feature",
      "geometry": {
        "type": "Point",
        "coordinates": [
          3.393249,
          6.60746
        ]
      },
      "properties": {
        "node_id": "J1882",
        "hours_flooded": 2.63,
        "max_rate_cms": 1.895,
        "total_vol_10e6l": 8.173,
        "max_ponded_m": 0.0,
        "elevation_m": 15.21,
        "flood_class": "Severe",
        "colour": "#C62828",
        "pct_nonconverging": null,
        "label": "J1882 | Severe | rate=1.90cms | flooded=2.6h | vol=8.2e6L"
      }
    },
    {
      "type": "Feature",
      "geometry": {
        "type": "Point",
        "coordinates": [
          3.473315,
          6.552998
        ]
      },
      "properties": {
        "node_id": "J1682",
        "hours_flooded": 5.33,
        "max_rate_cms": 1.893,
        "total_vol_10e6l": 10.53,
        "max_ponded_m": 0.0,
        "elevation_m": 1.43,
        "flood_class": "Severe",
        "colour": "#C62828",
        "pct_nonconverging": null,
        "label": "J1682 | Severe | rate=1.89cms | flooded=5.3h | vol=10.5e6L"
      }
    },
    {
      "type": "Feature",
      "geometry": {
        "type": "Point",
        "coordinates": [
          3.506027,
          6.548979
        ]
      },
      "properties": {
        "node_id": "J0763",
        "hours_flooded": 2.89,
        "max_rate_cms": 1.887,
        "total_vol_10e6l": 11.627,
        "max_ponded_m": 0.0,
        "elevation_m": 4.3,
        "flood_class": "Severe",
        "colour": "#C62828",
        "pct_nonconverging": null,
        "label": "J0763 | Severe | rate=1.89cms | flooded=2.9h | vol=11.6e6L"
      }
    },
    {
      "type": "Feature",
      "geometry": {
        "type": "Point",
        "coordinates": [
          3.501136,
          6.543379
        ]
      },
      "properties": {
        "node_id": "J0746",
        "hours_flooded": 2.39,
        "max_rate_cms": 1.885,
        "total_vol_10e6l": 7.391,
        "max_ponded_m": 0.0,
        "elevation_m": 3.35,
        "flood_class": "Severe",
        "colour": "#C62828",
        "pct_nonconverging": null,
        "label": "J0746 | Severe | rate=1.89cms | flooded=2.4h | vol=7.4e6L"
      }
    },
    {
      "type": "Feature",
      "geometry": {
        "type": "Point",
        "coordinates": [
          3.399543,
          6.589167
        ]
      },
      "properties": {
        "node_id": "J1031",
        "hours_flooded": 3.53,
        "max_rate_cms": 1.882,
        "total_vol_10e6l": 11.331,
        "max_ponded_m": 0.0,
        "elevation_m": 5.57,
        "flood_class": "Severe",
        "colour": "#C62828",
        "pct_nonconverging": null,
        "label": "J1031 | Severe | rate=1.88cms | flooded=3.5h | vol=11.3e6L"
      }
    },
    {
      "type": "Feature",
      "geometry": {
        "type": "Point",
        "coordinates": [
          3.398312,
          6.605449
        ]
      },
      "properties": {
        "node_id": "J1169",
        "hours_flooded": 5.25,
        "max_rate_cms": 1.875,
        "total_vol_10e6l": 15.509,
        "max_ponded_m": 0.0,
        "elevation_m": 1.92,
        "flood_class": "Severe",
        "colour": "#C62828",
        "pct_nonconverging": null,
        "label": "J1169 | Severe | rate=1.88cms | flooded=5.2h | vol=15.5e6L"
      }
    },
    {
      "type": "Feature",
      "geometry": {
        "type": "Point",
        "coordinates": [
          3.392943,
          6.593069
        ]
      },
      "properties": {
        "node_id": "J1163",
        "hours_flooded": 5.3,
        "max_rate_cms": 1.862,
        "total_vol_10e6l": 15.295,
        "max_ponded_m": 0.0,
        "elevation_m": 5.31,
        "flood_class": "Severe",
        "colour": "#C62828",
        "pct_nonconverging": null,
        "label": "J1163 | Severe | rate=1.86cms | flooded=5.3h | vol=15.3e6L"
      }
    },
    {
      "type": "Feature",
      "geometry": {
        "type": "Point",
        "coordinates": [
          3.39297,
          6.607058
        ]
      },
      "properties": {
        "node_id": "J1883",
        "hours_flooded": 5.3,
        "max_rate_cms": 1.845,
        "total_vol_10e6l": 13.599,
        "max_ponded_m": 0.0,
        "elevation_m": 14.96,
        "flood_class": "Severe",
        "colour": "#C62828",
        "pct_nonconverging": null,
        "label": "J1883 | Severe | rate=1.84cms | flooded=5.3h | vol=13.6e6L"
      }
    },
    {
      "type": "Feature",
      "geometry": {
        "type": "Point",
        "coordinates": [
          3.390202,
          6.575968
        ]
      },
      "properties": {
        "node_id": "J0920",
        "hours_flooded": 0.73,
        "max_rate_cms": 1.837,
        "total_vol_10e6l": 2.549,
        "max_ponded_m": 0.0,
        "elevation_m": 21.86,
        "flood_class": "Severe",
        "colour": "#C62828",
        "pct_nonconverging": null,
        "label": "J0920 | Severe | rate=1.84cms | flooded=0.7h | vol=2.5e6L"
      }
    },
    {
      "type": "Feature",
      "geometry": {
        "type": "Point",
        "coordinates": [
          3.499998,
          6.542016
        ]
      },
      "properties": {
        "node_id": "J0740",
        "hours_flooded": 1.67,
        "max_rate_cms": 1.826,
        "total_vol_10e6l": 5.431,
        "max_ponded_m": 0.0,
        "elevation_m": 3.96,
        "flood_class": "Severe",
        "colour": "#C62828",
        "pct_nonconverging": null,
        "label": "J0740 | Severe | rate=1.83cms | flooded=1.7h | vol=5.4e6L"
      }
    },
    {
      "type": "Feature",
      "geometry": {
        "type": "Point",
        "coordinates": [
          3.396263,
          6.619645
        ]
      },
      "properties": {
        "node_id": "J1395",
        "hours_flooded": 2.94,
        "max_rate_cms": 1.821,
        "total_vol_10e6l": 9.598,
        "max_ponded_m": 0.0,
        "elevation_m": 13.7,
        "flood_class": "Severe",
        "colour": "#C62828",
        "pct_nonconverging": null,
        "label": "J1395 | Severe | rate=1.82cms | flooded=2.9h | vol=9.6e6L"
      }
    },
    {
      "type": "Feature",
      "geometry": {
        "type": "Point",
        "coordinates": [
          3.390363,
          6.575856
        ]
      },
      "properties": {
        "node_id": "J0921",
        "hours_flooded": 1.52,
        "max_rate_cms": 1.788,
        "total_vol_10e6l": 5.832,
        "max_ponded_m": 0.0,
        "elevation_m": 21.86,
        "flood_class": "Severe",
        "colour": "#C62828",
        "pct_nonconverging": null,
        "label": "J0921 | Severe | rate=1.79cms | flooded=1.5h | vol=5.8e6L"
      }
    },
    {
      "type": "Feature",
      "geometry": {
        "type": "Point",
        "coordinates": [
          3.479612,
          6.645308
        ]
      },
      "properties": {
        "node_id": "J2214",
        "hours_flooded": 1.75,
        "max_rate_cms": 1.777,
        "total_vol_10e6l": 5.436,
        "max_ponded_m": 0.0,
        "elevation_m": 10.86,
        "flood_class": "Severe",
        "colour": "#C62828",
        "pct_nonconverging": null,
        "label": "J2214 | Severe | rate=1.78cms | flooded=1.8h | vol=5.4e6L"
      }
    },
    {
      "type": "Feature",
      "geometry": {
        "type": "Point",
        "coordinates": [
          3.502507,
          6.544633
        ]
      },
      "properties": {
        "node_id": "J0749",
        "hours_flooded": 5.3,
        "max_rate_cms": 1.776,
        "total_vol_10e6l": 9.988,
        "max_ponded_m": 0.0,
        "elevation_m": 1.7,
        "flood_class": "Severe",
        "colour": "#C62828",
        "pct_nonconverging": null,
        "label": "J0749 | Severe | rate=1.78cms | flooded=5.3h | vol=10.0e6L"
      }
    },
    {
      "type": "Feature",
      "geometry": {
        "type": "Point",
        "coordinates": [
          3.485098,
          6.625892
        ]
      },
      "properties": {
        "node_id": "J2181",
        "hours_flooded": 5.26,
        "max_rate_cms": 1.771,
        "total_vol_10e6l": 24.867,
        "max_ponded_m": 0.0,
        "elevation_m": 8.11,
        "flood_class": "Severe",
        "colour": "#C62828",
        "pct_nonconverging": null,
        "label": "J2181 | Severe | rate=1.77cms | flooded=5.3h | vol=24.9e6L"
      }
    },
    {
      "type": "Feature",
      "geometry": {
        "type": "Point",
        "coordinates": [
          3.372132,
          6.60396
        ]
      },
      "properties": {
        "node_id": "J0584",
        "hours_flooded": 2.99,
        "max_rate_cms": 1.764,
        "total_vol_10e6l": 11.02,
        "max_ponded_m": 0.0,
        "elevation_m": 38.72,
        "flood_class": "Severe",
        "colour": "#C62828",
        "pct_nonconverging": null,
        "label": "J0584 | Severe | rate=1.76cms | flooded=3.0h | vol=11.0e6L"
      }
    },
    {
      "type": "Feature",
      "geometry": {
        "type": "Point",
        "coordinates": [
          3.477893,
          6.613741
        ]
      },
      "properties": {
        "node_id": "J0715",
        "hours_flooded": 0.01,
        "max_rate_cms": 1.764,
        "total_vol_10e6l": 0.015,
        "max_ponded_m": 0.0,
        "elevation_m": 2.36,
        "flood_class": "Severe",
        "colour": "#C62828",
        "pct_nonconverging": null,
        "label": "J0715 | Severe | rate=1.76cms | flooded=0.0h | vol=0.0e6L"
      }
    },
    {
      "type": "Feature",
      "geometry": {
        "type": "Point",
        "coordinates": [
          3.392236,
          6.606059
        ]
      },
      "properties": {
        "node_id": "J1885",
        "hours_flooded": 2.47,
        "max_rate_cms": 1.756,
        "total_vol_10e6l": 7.027,
        "max_ponded_m": 0.0,
        "elevation_m": 15.84,
        "flood_class": "Severe",
        "colour": "#C62828",
        "pct_nonconverging": null,
        "label": "J1885 | Severe | rate=1.76cms | flooded=2.5h | vol=7.0e6L"
      }
    },
    {
      "type": "Feature",
      "geometry": {
        "type": "Point",
        "coordinates": [
          3.414386,
          6.609577
        ]
      },
      "properties": {
        "node_id": "J1430",
        "hours_flooded": 2.23,
        "max_rate_cms": 1.75,
        "total_vol_10e6l": 8.03,
        "max_ponded_m": 0.0,
        "elevation_m": 4.31,
        "flood_class": "Severe",
        "colour": "#C62828",
        "pct_nonconverging": null,
        "label": "J1430 | Severe | rate=1.75cms | flooded=2.2h | vol=8.0e6L"
      }
    },
    {
      "type": "Feature",
      "geometry": {
        "type": "Point",
        "coordinates": [
          3.476877,
          6.562348
        ]
      },
      "properties": {
        "node_id": "J1650",
        "hours_flooded": 4.9,
        "max_rate_cms": 1.746,
        "total_vol_10e6l": 20.649,
        "max_ponded_m": 0.0,
        "elevation_m": 4.97,
        "flood_class": "Severe",
        "colour": "#C62828",
        "pct_nonconverging": null,
        "label": "J1650 | Severe | rate=1.75cms | flooded=4.9h | vol=20.6e6L"
      }
    },
    {
      "type": "Feature",
      "geometry": {
        "type": "Point",
        "coordinates": [
          3.403764,
          6.543598
        ]
      },
      "properties": {
        "node_id": "J1829",
        "hours_flooded": 2.49,
        "max_rate_cms": 1.744,
        "total_vol_10e6l": 8.039,
        "max_ponded_m": 0.0,
        "elevation_m": 6.6,
        "flood_class": "Severe",
        "colour": "#C62828",
        "pct_nonconverging": null,
        "label": "J1829 | Severe | rate=1.74cms | flooded=2.5h | vol=8.0e6L"
      }
    },
    {
      "type": "Feature",
      "geometry": {
        "type": "Point",
        "coordinates": [
          3.367493,
          6.614255
        ]
      },
      "properties": {
        "node_id": "J1276",
        "hours_flooded": 5.3,
        "max_rate_cms": 1.737,
        "total_vol_10e6l": 11.991,
        "max_ponded_m": 0.0,
        "elevation_m": 32.62,
        "flood_class": "Severe",
        "colour": "#C62828",
        "pct_nonconverging": null,
        "label": "J1276 | Severe | rate=1.74cms | flooded=5.3h | vol=12.0e6L"
      }
    },
    {
      "type": "Feature",
      "geometry": {
        "type": "Point",
        "coordinates": [
          3.378878,
          6.639043
        ]
      },
      "properties": {
        "node_id": "J2007",
        "hours_flooded": 1.57,
        "max_rate_cms": 1.734,
        "total_vol_10e6l": 4.861,
        "max_ponded_m": 0.0,
        "elevation_m": 37.74,
        "flood_class": "Severe",
        "colour": "#C62828",
        "pct_nonconverging": null,
        "label": "J2007 | Severe | rate=1.73cms | flooded=1.6h | vol=4.9e6L"
      }
    },
    {
      "type": "Feature",
      "geometry": {
        "type": "Point",
        "coordinates": [
          3.375151,
          6.582316
        ]
      },
      "properties": {
        "node_id": "J2257",
        "hours_flooded": 0.87,
        "max_rate_cms": 1.71,
        "total_vol_10e6l": 3.393,
        "max_ponded_m": 0.0,
        "elevation_m": 7.13,
        "flood_class": "Severe",
        "colour": "#C62828",
        "pct_nonconverging": null,
        "label": "J2257 | Severe | rate=1.71cms | flooded=0.9h | vol=3.4e6L"
      }
    },
    {
      "type": "Feature",
      "geometry": {
        "type": "Point",
        "coordinates": [
          3.414979,
          6.606504
        ]
      },
      "properties": {
        "node_id": "J1427",
        "hours_flooded": 5.26,
        "max_rate_cms": 1.705,
        "total_vol_10e6l": 9.541,
        "max_ponded_m": 0.0,
        "elevation_m": 3.28,
        "flood_class": "Severe",
        "colour": "#C62828",
        "pct_nonconverging": null,
        "label": "J1427 | Severe | rate=1.71cms | flooded=5.3h | vol=9.5e6L"
      }
    },
    {
      "type": "Feature",
      "geometry": {
        "type": "Point",
        "coordinates": [
          3.38009,
          6.599585
        ]
      },
      "properties": {
        "node_id": "J0352",
        "hours_flooded": 3.37,
        "max_rate_cms": 1.697,
        "total_vol_10e6l": 11.381,
        "max_ponded_m": 0.0,
        "elevation_m": 28.21,
        "flood_class": "Severe",
        "colour": "#C62828",
        "pct_nonconverging": null,
        "label": "J0352 | Severe | rate=1.70cms | flooded=3.4h | vol=11.4e6L"
      }
    },
    {
      "type": "Feature",
      "geometry": {
        "type": "Point",
        "coordinates": [
          3.372371,
          6.599643
        ]
      },
      "properties": {
        "node_id": "J0624",
        "hours_flooded": 2.73,
        "max_rate_cms": 1.691,
        "total_vol_10e6l": 7.51,
        "max_ponded_m": 0.0,
        "elevation_m": 30.31,
        "flood_class": "Severe",
        "colour": "#C62828",
        "pct_nonconverging": null,
        "label": "J0624 | Severe | rate=1.69cms | flooded=2.7h | vol=7.5e6L"
      }
    },
    {
      "type": "Feature",
      "geometry": {
        "type": "Point",
        "coordinates": [
          3.496068,
          6.598556
        ]
      },
      "properties": {
        "node_id": "J1949",
        "hours_flooded": 5.2,
        "max_rate_cms": 1.685,
        "total_vol_10e6l": 8.376,
        "max_ponded_m": 0.0,
        "elevation_m": 5.6,
        "flood_class": "Severe",
        "colour": "#C62828",
        "pct_nonconverging": null,
        "label": "J1949 | Severe | rate=1.69cms | flooded=5.2h | vol=8.4e6L"
      }
    },
    {
      "type": "Feature",
      "geometry": {
        "type": "Point",
        "coordinates": [
          3.37036,
          6.544765
        ]
      },
      "properties": {
        "node_id": "J0015",
        "hours_flooded": 2.39,
        "max_rate_cms": 1.677,
        "total_vol_10e6l": 7.741,
        "max_ponded_m": 0.0,
        "elevation_m": 9.91,
        "flood_class": "Severe",
        "colour": "#C62828",
        "pct_nonconverging": null,
        "label": "J0015 | Severe | rate=1.68cms | flooded=2.4h | vol=7.7e6L"
      }
    },
    {
      "type": "Feature",
      "geometry": {
        "type": "Point",
        "coordinates": [
          3.375871,
          6.640129
        ]
      },
      "properties": {
        "node_id": "J2017",
        "hours_flooded": 4.64,
        "max_rate_cms": 1.658,
        "total_vol_10e6l": 11.296,
        "max_ponded_m": 0.0,
        "elevation_m": 34.11,
        "flood_class": "Severe",
        "colour": "#C62828",
        "pct_nonconverging": null,
        "label": "J2017 | Severe | rate=1.66cms | flooded=4.6h | vol=11.3e6L"
      }
    },
    {
      "type": "Feature",
      "geometry": {
        "type": "Point",
        "coordinates": [
          3.376175,
          6.584352
        ]
      },
      "properties": {
        "node_id": "J0120",
        "hours_flooded": 0.88,
        "max_rate_cms": 1.655,
        "total_vol_10e6l": 2.978,
        "max_ponded_m": 0.0,
        "elevation_m": 20.67,
        "flood_class": "Severe",
        "colour": "#C62828",
        "pct_nonconverging": null,
        "label": "J0120 | Severe | rate=1.66cms | flooded=0.9h | vol=3.0e6L"
      }
    },
    {
      "type": "Feature",
      "geometry": {
        "type": "Point",
        "coordinates": [
          3.401049,
          6.605192
        ]
      },
      "properties": {
        "node_id": "J1863",
        "hours_flooded": 3.41,
        "max_rate_cms": 1.653,
        "total_vol_10e6l": 10.62,
        "max_ponded_m": 0.0,
        "elevation_m": 2.98,
        "flood_class": "Severe",
        "colour": "#C62828",
        "pct_nonconverging": null,
        "label": "J1863 | Severe | rate=1.65cms | flooded=3.4h | vol=10.6e6L"
      }
    },
    {
      "type": "Feature",
      "geometry": {
        "type": "Point",
        "coordinates": [
          3.475265,
          6.617805
        ]
      },
      "properties": {
        "node_id": "J0676",
        "hours_flooded": 1.48,
        "max_rate_cms": 1.651,
        "total_vol_10e6l": 3.718,
        "max_ponded_m": 0.0,
        "elevation_m": 3.85,
        "flood_class": "Severe",
        "colour": "#C62828",
        "pct_nonconverging": null,
        "label": "J0676 | Severe | rate=1.65cms | flooded=1.5h | vol=3.7e6L"
      }
    },
    {
      "type": "Feature",
      "geometry": {
        "type": "Point",
        "coordinates": [
          3.414107,
          6.610833
        ]
      },
      "properties": {
        "node_id": "J1432",
        "hours_flooded": 5.34,
        "max_rate_cms": 1.649,
        "total_vol_10e6l": 12.786,
        "max_ponded_m": 0.0,
        "elevation_m": 2.77,
        "flood_class": "Severe",
        "colour": "#C62828",
        "pct_nonconverging": null,
        "label": "J1432 | Severe | rate=1.65cms | flooded=5.3h | vol=12.8e6L"
      }
    },
    {
      "type": "Feature",
      "geometry": {
        "type": "Point",
        "coordinates": [
          3.392688,
          6.624239
        ]
      },
      "properties": {
        "node_id": "J1383",
        "hours_flooded": 4.51,
        "max_rate_cms": 1.63,
        "total_vol_10e6l": 12.765,
        "max_ponded_m": 0.0,
        "elevation_m": 10.65,
        "flood_class": "Severe",
        "colour": "#C62828",
        "pct_nonconverging": null,
        "label": "J1383 | Severe | rate=1.63cms | flooded=4.5h | vol=12.8e6L"
      }
    },
    {
      "type": "Feature",
      "geometry": {
        "type": "Point",
        "coordinates": [
          3.48331,
          6.629411
        ]
      },
      "properties": {
        "node_id": "J2218",
        "hours_flooded": 2.37,
        "max_rate_cms": 1.628,
        "total_vol_10e6l": 6.349,
        "max_ponded_m": 0.0,
        "elevation_m": 9.58,
        "flood_class": "Severe",
        "colour": "#C62828",
        "pct_nonconverging": null,
        "label": "J2218 | Severe | rate=1.63cms | flooded=2.4h | vol=6.3e6L"
      }
    },
    {
      "type": "Feature",
      "geometry": {
        "type": "Point",
        "coordinates": [
          3.388441,
          6.5778
        ]
      },
      "properties": {
        "node_id": "J0911",
        "hours_flooded": 0.63,
        "max_rate_cms": 1.627,
        "total_vol_10e6l": 1.942,
        "max_ponded_m": 0.0,
        "elevation_m": 17.66,
        "flood_class": "Severe",
        "colour": "#C62828",
        "pct_nonconverging": null,
        "label": "J0911 | Severe | rate=1.63cms | flooded=0.6h | vol=1.9e6L"
      }
    },
    {
      "type": "Feature",
      "geometry": {
        "type": "Point",
        "coordinates": [
          3.374452,
          6.580847
        ]
      },
      "properties": {
        "node_id": "J2103",
        "hours_flooded": 1.73,
        "max_rate_cms": 1.612,
        "total_vol_10e6l": 4.005,
        "max_ponded_m": 0.0,
        "elevation_m": 2.93,
        "flood_class": "Severe",
        "colour": "#C62828",
        "pct_nonconverging": null,
        "label": "J2103 | Severe | rate=1.61cms | flooded=1.7h | vol=4.0e6L"
      }
    },
    {
      "type": "Feature",
      "geometry": {
        "type": "Point",
        "coordinates": [
          3.399708,
          6.550838
        ]
      },
      "properties": {
        "node_id": "J0281",
        "hours_flooded": 3.88,
        "max_rate_cms": 1.605,
        "total_vol_10e6l": 11.236,
        "max_ponded_m": 0.0,
        "elevation_m": 6.66,
        "flood_class": "Severe",
        "colour": "#C62828",
        "pct_nonconverging": null,
        "label": "J0281 | Severe | rate=1.60cms | flooded=3.9h | vol=11.2e6L"
      }
    },
    {
      "type": "Feature",
      "geometry": {
        "type": "Point",
        "coordinates": [
          3.400033,
          6.59533
        ]
      },
      "properties": {
        "node_id": "J1088",
        "hours_flooded": 5.21,
        "max_rate_cms": 1.598,
        "total_vol_10e6l": 8.55,
        "max_ponded_m": 0.0,
        "elevation_m": 2.51,
        "flood_class": "Severe",
        "colour": "#C62828",
        "pct_nonconverging": null,
        "label": "J1088 | Severe | rate=1.60cms | flooded=5.2h | vol=8.6e6L"
      }
    },
    {
      "type": "Feature",
      "geometry": {
        "type": "Point",
        "coordinates": [
          3.392718,
          6.585574
        ]
      },
      "properties": {
        "node_id": "J1081",
        "hours_flooded": 5.31,
        "max_rate_cms": 1.594,
        "total_vol_10e6l": 8.096,
        "max_ponded_m": 0.0,
        "elevation_m": 1.0,
        "flood_class": "Severe",
        "colour": "#C62828",
        "pct_nonconverging": null,
        "label": "J1081 | Severe | rate=1.59cms | flooded=5.3h | vol=8.1e6L"
      }
    },
    {
      "type": "Feature",
      "geometry": {
        "type": "Point",
        "coordinates": [
          3.39204,
          6.594792
        ]
      },
      "properties": {
        "node_id": "J1153",
        "hours_flooded": 2.54,
        "max_rate_cms": 1.589,
        "total_vol_10e6l": 7.881,
        "max_ponded_m": 0.0,
        "elevation_m": 12.75,
        "flood_class": "Severe",
        "colour": "#C62828",
        "pct_nonconverging": null,
        "label": "J1153 | Severe | rate=1.59cms | flooded=2.5h | vol=7.9e6L"
      }
    },
    {
      "type": "Feature",
      "geometry": {
        "type": "Point",
        "coordinates": [
          3.372089,
          6.640896
        ]
      },
      "properties": {
        "node_id": "J1798",
        "hours_flooded": 3.83,
        "max_rate_cms": 1.579,
        "total_vol_10e6l": 8.155,
        "max_ponded_m": 0.0,
        "elevation_m": 37.79,
        "flood_class": "Severe",
        "colour": "#C62828",
        "pct_nonconverging": null,
        "label": "J1798 | Severe | rate=1.58cms | flooded=3.8h | vol=8.2e6L"
      }
    },
    {
      "type": "Feature",
      "geometry": {
        "type": "Point",
        "coordinates": [
          3.387968,
          6.599777
        ]
      },
      "properties": {
        "node_id": "J1915",
        "hours_flooded": 5.17,
        "max_rate_cms": 1.572,
        "total_vol_10e6l": 11.31,
        "max_ponded_m": 0.0,
        "elevation_m": 11.56,
        "flood_class": "Severe",
        "colour": "#C62828",
        "pct_nonconverging": null,
        "label": "J1915 | Severe | rate=1.57cms | flooded=5.2h | vol=11.3e6L"
      }
    },
    {
      "type": "Feature",
      "geometry": {
        "type": "Point",
        "coordinates": [
          3.397583,
          6.571856
        ]
      },
      "properties": {
        "node_id": "J0305",
        "hours_flooded": 5.29,
        "max_rate_cms": 1.566,
        "total_vol_10e6l": 8.76,
        "max_ponded_m": 0.0,
        "elevation_m": 9.16,
        "flood_class": "Severe",
        "colour": "#C62828",
        "pct_nonconverging": null,
        "label": "J0305 | Severe | rate=1.57cms | flooded=5.3h | vol=8.8e6L"
      }
    },
    {
      "type": "Feature",
      "geometry": {
        "type": "Point",
        "coordinates": [
          3.483147,
          6.631476
        ]
      },
      "properties": {
        "node_id": "J2192",
        "hours_flooded": 1.51,
        "max_rate_cms": 1.553,
        "total_vol_10e6l": 4.277,
        "max_ponded_m": 0.0,
        "elevation_m": 10.66,
        "flood_class": "Severe",
        "colour": "#C62828",
        "pct_nonconverging": null,
        "label": "J2192 | Severe | rate=1.55cms | flooded=1.5h | vol=4.3e6L"
      }
    },
    {
      "type": "Feature",
      "geometry": {
        "type": "Point",
        "coordinates": [
          3.388756,
          6.597648
        ]
      },
      "properties": {
        "node_id": "J0026",
        "hours_flooded": 4.71,
        "max_rate_cms": 1.545,
        "total_vol_10e6l": 8.088,
        "max_ponded_m": 0.0,
        "elevation_m": 8.69,
        "flood_class": "Severe",
        "colour": "#C62828",
        "pct_nonconverging": null,
        "label": "J0026 | Severe | rate=1.54cms | flooded=4.7h | vol=8.1e6L"
      }
    },
    {
      "type": "Feature",
      "geometry": {
        "type": "Point",
        "coordinates": [
          3.37541,
          6.604236
        ]
      },
      "properties": {
        "node_id": "J0380",
        "hours_flooded": 2.01,
        "max_rate_cms": 1.542,
        "total_vol_10e6l": 5.99,
        "max_ponded_m": 0.0,
        "elevation_m": 35.41,
        "flood_class": "Severe",
        "colour": "#C62828",
        "pct_nonconverging": null,
        "label": "J0380 | Severe | rate=1.54cms | flooded=2.0h | vol=6.0e6L"
      }
    },
    {
      "type": "Feature",
      "geometry": {
        "type": "Point",
        "coordinates": [
          3.372314,
          6.628695
        ]
      },
      "properties": {
        "node_id": "J0400",
        "hours_flooded": 5.33,
        "max_rate_cms": 1.538,
        "total_vol_10e6l": 8.306,
        "max_ponded_m": 0.0,
        "elevation_m": 16.97,
        "flood_class": "Severe",
        "colour": "#C62828",
        "pct_nonconverging": null,
        "label": "J0400 | Severe | rate=1.54cms | flooded=5.3h | vol=8.3e6L"
      }
    },
    {
      "type": "Feature",
      "geometry": {
        "type": "Point",
        "coordinates": [
          3.389321,
          6.602088
        ]
      },
      "properties": {
        "node_id": "J1896",
        "hours_flooded": 2.59,
        "max_rate_cms": 1.536,
        "total_vol_10e6l": 7.495,
        "max_ponded_m": 0.0,
        "elevation_m": 16.74,
        "flood_class": "Severe",
        "colour": "#C62828",
        "pct_nonconverging": null,
        "label": "J1896 | Severe | rate=1.54cms | flooded=2.6h | vol=7.5e6L"
      }
    },
    {
      "type": "Feature",
      "geometry": {
        "type": "Point",
        "coordinates": [
          3.399707,
          6.606088
        ]
      },
      "properties": {
        "node_id": "J1743",
        "hours_flooded": 1.56,
        "max_rate_cms": 1.531,
        "total_vol_10e6l": 4.81,
        "max_ponded_m": 0.0,
        "elevation_m": 4.65,
        "flood_class": "Severe",
        "colour": "#C62828",
        "pct_nonconverging": null,
        "label": "J1743 | Severe | rate=1.53cms | flooded=1.6h | vol=4.8e6L"
      }
    },
    {
      "type": "Feature",
      "geometry": {
        "type": "Point",
        "coordinates": [
          3.403531,
          6.548996
        ]
      },
      "properties": {
        "node_id": "J1771",
        "hours_flooded": 1.86,
        "max_rate_cms": 1.522,
        "total_vol_10e6l": 6.782,
        "max_ponded_m": 0.0,
        "elevation_m": 10.76,
        "flood_class": "Severe",
        "colour": "#C62828",
        "pct_nonconverging": null,
        "label": "J1771 | Severe | rate=1.52cms | flooded=1.9h | vol=6.8e6L"
      }
    },
    {
      "type": "Feature",
      "geometry": {
        "type": "Point",
        "coordinates": [
          3.392882,
          6.606927
        ]
      },
      "properties": {
        "node_id": "J1884",
        "hours_flooded": 5.3,
        "max_rate_cms": 1.522,
        "total_vol_10e6l": 12.576,
        "max_ponded_m": 0.0,
        "elevation_m": 14.96,
        "flood_class": "Severe",
        "colour": "#C62828",
        "pct_nonconverging": null,
        "label": "J1884 | Severe | rate=1.52cms | flooded=5.3h | vol=12.6e6L"
      }
    },
    {
      "type": "Feature",
      "geometry": {
        "type": "Point",
        "coordinates": [
          3.500533,
          6.542817
        ]
      },
      "properties": {
        "node_id": "J0744",
        "hours_flooded": 3.16,
        "max_rate_cms": 1.52,
        "total_vol_10e6l": 8.193,
        "max_ponded_m": 0.0,
        "elevation_m": 3.35,
        "flood_class": "Severe",
        "colour": "#C62828",
        "pct_nonconverging": null,
        "label": "J0744 | Severe | rate=1.52cms | flooded=3.2h | vol=8.2e6L"
      }
    },
    {
      "type": "Feature",
      "geometry": {
        "type": "Point",
        "coordinates": [
          3.37413,
          6.59935
        ]
      },
      "properties": {
        "node_id": "J0629",
        "hours_flooded": 3.13,
        "max_rate_cms": 1.512,
        "total_vol_10e6l": 9.854,
        "max_ponded_m": 0.0,
        "elevation_m": 34.22,
        "flood_class": "Severe",
        "colour": "#C62828",
        "pct_nonconverging": null,
        "label": "J0629 | Severe | rate=1.51cms | flooded=3.1h | vol=9.9e6L"
      }
    },
    {
      "type": "Feature",
      "geometry": {
        "type": "Point",
        "coordinates": [
          3.489963,
          6.60328
        ]
      },
      "properties": {
        "node_id": "J0733",
        "hours_flooded": 0.95,
        "max_rate_cms": 1.511,
        "total_vol_10e6l": 2.239,
        "max_ponded_m": 0.0,
        "elevation_m": 7.44,
        "flood_class": "Severe",
        "colour": "#C62828",
        "pct_nonconverging": null,
        "label": "J0733 | Severe | rate=1.51cms | flooded=0.9h | vol=2.2e6L"
      }
    },
    {
      "type": "Feature",
      "geometry": {
        "type": "Point",
        "coordinates": [
          3.40129,
          6.580119
        ]
      },
      "properties": {
        "node_id": "J0991",
        "hours_flooded": 2.87,
        "max_rate_cms": 1.495,
        "total_vol_10e6l": 9.873,
        "max_ponded_m": 0.0,
        "elevation_m": 2.67,
        "flood_class": "Severe",
        "colour": "#C62828",
        "pct_nonconverging": null,
        "label": "J0991 | Severe | rate=1.50cms | flooded=2.9h | vol=9.9e6L"
      }
    },
    {
      "type": "Feature",
      "geometry": {
        "type": "Point",
        "coordinates": [
          3.396552,
          6.60265
        ]
      },
      "properties": {
        "node_id": "J1173",
        "hours_flooded": 5.24,
        "max_rate_cms": 1.485,
        "total_vol_10e6l": 8.018,
        "max_ponded_m": 0.0,
        "elevation_m": 6.96,
        "flood_class": "Severe",
        "colour": "#C62828",
        "pct_nonconverging": null,
        "label": "J1173 | Severe | rate=1.49cms | flooded=5.2h | vol=8.0e6L"
      }
    },
    {
      "type": "Feature",
      "geometry": {
        "type": "Point",
        "coordinates": [
          3.381525,
          6.548056
        ]
      },
      "properties": {
        "node_id": "J0089",
        "hours_flooded": 4.54,
        "max_rate_cms": 1.481,
        "total_vol_10e6l": 7.487,
        "max_ponded_m": 0.0,
        "elevation_m": 3.45,
        "flood_class": "Severe",
        "colour": "#C62828",
        "pct_nonconverging": null,
        "label": "J0089 | Severe | rate=1.48cms | flooded=4.5h | vol=7.5e6L"
      }
    },
    {
      "type": "Feature",
      "geometry": {
        "type": "Point",
        "coordinates": [
          3.396247,
          6.610373
        ]
      },
      "properties": {
        "node_id": "J1752",
        "hours_flooded": 4.57,
        "max_rate_cms": 1.472,
        "total_vol_10e6l": 7.792,
        "max_ponded_m": 0.0,
        "elevation_m": 6.79,
        "flood_class": "Severe",
        "colour": "#C62828",
        "pct_nonconverging": null,
        "label": "J1752 | Severe | rate=1.47cms | flooded=4.6h | vol=7.8e6L"
      }
    },
    {
      "type": "Feature",
      "geometry": {
        "type": "Point",
        "coordinates": [
          3.479363,
          6.645893
        ]
      },
      "properties": {
        "node_id": "J2228",
        "hours_flooded": 3.52,
        "max_rate_cms": 1.462,
        "total_vol_10e6l": 7.866,
        "max_ponded_m": 0.0,
        "elevation_m": 10.3,
        "flood_class": "Severe",
        "colour": "#C62828",
        "pct_nonconverging": null,
        "label": "J2228 | Severe | rate=1.46cms | flooded=3.5h | vol=7.9e6L"
      }
    },
    {
      "type": "Feature",
      "geometry": {
        "type": "Point",
        "coordinates": [
          3.378666,
          6.599953
        ]
      },
      "properties": {
        "node_id": "J0391",
        "hours_flooded": 3.3,
        "max_rate_cms": 1.455,
        "total_vol_10e6l": 10.507,
        "max_ponded_m": 0.0,
        "elevation_m": 30.14,
        "flood_class": "Severe",
        "colour": "#C62828",
        "pct_nonconverging": null,
        "label": "J0391 | Severe | rate=1.46cms | flooded=3.3h | vol=10.5e6L"
      }
    },
    {
      "type": "Feature",
      "geometry": {
        "type": "Point",
        "coordinates": [
          3.376524,
          6.633034
        ]
      },
      "properties": {
        "node_id": "J0430",
        "hours_flooded": 5.35,
        "max_rate_cms": 1.449,
        "total_vol_10e6l": 7.58,
        "max_ponded_m": 0.0,
        "elevation_m": 26.67,
        "flood_class": "Severe",
        "colour": "#C62828",
        "pct_nonconverging": null,
        "label": "J0430 | Severe | rate=1.45cms | flooded=5.3h | vol=7.6e6L"
      }
    },
    {
      "type": "Feature",
      "geometry": {
        "type": "Point",
        "coordinates": [
          3.394313,
          6.622812
        ]
      },
      "properties": {
        "node_id": "J1388",
        "hours_flooded": 5.34,
        "max_rate_cms": 1.446,
        "total_vol_10e6l": 6.961,
        "max_ponded_m": 0.0,
        "elevation_m": 4.13,
        "flood_class": "Severe",
        "colour": "#C62828",
        "pct_nonconverging": null,
        "label": "J1388 | Severe | rate=1.45cms | flooded=5.3h | vol=7.0e6L"
      }
    },
    {
      "type": "Feature",
      "geometry": {
        "type": "Point",
        "coordinates": [
          3.505854,
          6.548708
        ]
      },
      "properties": {
        "node_id": "J0762",
        "hours_flooded": 2.48,
        "max_rate_cms": 1.432,
        "total_vol_10e6l": 6.587,
        "max_ponded_m": 0.0,
        "elevation_m": 4.3,
        "flood_class": "Severe",
        "colour": "#C62828",
        "pct_nonconverging": null,
        "label": "J0762 | Severe | rate=1.43cms | flooded=2.5h | vol=6.6e6L"
      }
    },
    {
      "type": "Feature",
      "geometry": {
        "type": "Point",
        "coordinates": [
          3.390929,
          6.604285
        ]
      },
      "properties": {
        "node_id": "J1890",
        "hours_flooded": 2.44,
        "max_rate_cms": 1.429,
        "total_vol_10e6l": 6.869,
        "max_ponded_m": 0.0,
        "elevation_m": 17.26,
        "flood_class": "Severe",
        "colour": "#C62828",
        "pct_nonconverging": null,
        "label": "J1890 | Severe | rate=1.43cms | flooded=2.4h | vol=6.9e6L"
      }
    },
    {
      "type": "Feature",
      "geometry": {
        "type": "Point",
        "coordinates": [
          3.396343,
          6.573844
        ]
      },
      "properties": {
        "node_id": "J0345",
        "hours_flooded": 1.85,
        "max_rate_cms": 1.416,
        "total_vol_10e6l": 6.292,
        "max_ponded_m": 0.0,
        "elevation_m": 11.95,
        "flood_class": "Severe",
        "colour": "#C62828",
        "pct_nonconverging": null,
        "label": "J0345 | Severe | rate=1.42cms | flooded=1.9h | vol=6.3e6L"
      }
    },
    {
      "type": "Feature",
      "geometry": {
        "type": "Point",
        "coordinates": [
          3.402522,
          6.545008
        ]
      },
      "properties": {
        "node_id": "J1824",
        "hours_flooded": 2.25,
        "max_rate_cms": 1.414,
        "total_vol_10e6l": 6.082,
        "max_ponded_m": 0.0,
        "elevation_m": 9.46,
        "flood_class": "Severe",
        "colour": "#C62828",
        "pct_nonconverging": null,
        "label": "J1824 | Severe | rate=1.41cms | flooded=2.2h | vol=6.1e6L"
      }
    },
    {
      "type": "Feature",
      "geometry": {
        "type": "Point",
        "coordinates": [
          3.492569,
          6.591216
        ]
      },
      "properties": {
        "node_id": "J1573",
        "hours_flooded": 1.21,
        "max_rate_cms": 1.408,
        "total_vol_10e6l": 2.503,
        "max_ponded_m": 0.0,
        "elevation_m": 8.94,
        "flood_class": "Severe",
        "colour": "#C62828",
        "pct_nonconverging": null,
        "label": "J1573 | Severe | rate=1.41cms | flooded=1.2h | vol=2.5e6L"
      }
    },
    {
      "type": "Feature",
      "geometry": {
        "type": "Point",
        "coordinates": [
          3.387322,
          6.599253
        ]
      },
      "properties": {
        "node_id": "J1901",
        "hours_flooded": 5.27,
        "max_rate_cms": 1.405,
        "total_vol_10e6l": 10.748,
        "max_ponded_m": 0.0,
        "elevation_m": 11.56,
        "flood_class": "Severe",
        "colour": "#C62828",
        "pct_nonconverging": null,
        "label": "J1901 | Severe | rate=1.41cms | flooded=5.3h | vol=10.7e6L"
      }
    },
    {
      "type": "Feature",
      "geometry": {
        "type": "Point",
        "coordinates": [
          3.376889,
          6.631769
        ]
      },
      "properties": {
        "node_id": "J0423",
        "hours_flooded": 2.54,
        "max_rate_cms": 1.4,
        "total_vol_10e6l": 7.009,
        "max_ponded_m": 0.0,
        "elevation_m": 32.25,
        "flood_class": "Severe",
        "colour": "#C62828",
        "pct_nonconverging": null,
        "label": "J0423 | Severe | rate=1.40cms | flooded=2.5h | vol=7.0e6L"
      }
    },
    {
      "type": "Feature",
      "geometry": {
        "type": "Point",
        "coordinates": [
          3.487339,
          6.602645
        ]
      },
      "properties": {
        "node_id": "J0723",
        "hours_flooded": 1.36,
        "max_rate_cms": 1.4,
        "total_vol_10e6l": 4.043,
        "max_ponded_m": 0.0,
        "elevation_m": 2.82,
        "flood_class": "Severe",
        "colour": "#C62828",
        "pct_nonconverging": null,
        "label": "J0723 | Severe | rate=1.40cms | flooded=1.4h | vol=4.0e6L"
      }
    },
    {
      "type": "Feature",
      "geometry": {
        "type": "Point",
        "coordinates": [
          3.482699,
          6.633947
        ]
      },
      "properties": {
        "node_id": "J2198",
        "hours_flooded": 4.07,
        "max_rate_cms": 1.395,
        "total_vol_10e6l": 7.69,
        "max_ponded_m": 0.0,
        "elevation_m": 9.51,
        "flood_class": "Severe",
        "colour": "#C62828",
        "pct_nonconverging": null,
        "label": "J2198 | Severe | rate=1.40cms | flooded=4.1h | vol=7.7e6L"
      }
    },
    {
      "type": "Feature",
      "geometry": {
        "type": "Point",
        "coordinates": [
          3.397086,
          6.603597
        ]
      },
      "properties": {
        "node_id": "J1178",
        "hours_flooded": 4.87,
        "max_rate_cms": 1.392,
        "total_vol_10e6l": 7.43,
        "max_ponded_m": 0.0,
        "elevation_m": 6.96,
        "flood_class": "Severe",
        "colour": "#C62828",
        "pct_nonconverging": null,
        "label": "J1178 | Severe | rate=1.39cms | flooded=4.9h | vol=7.4e6L"
      }
    },
    {
      "type": "Feature",
      "geometry": {
        "type": "Point",
        "coordinates": [
          3.392667,
          6.59376
        ]
      },
      "properties": {
        "node_id": "J1159",
        "hours_flooded": 4.89,
        "max_rate_cms": 1.383,
        "total_vol_10e6l": 7.154,
        "max_ponded_m": 0.0,
        "elevation_m": 5.31,
        "flood_class": "Severe",
        "colour": "#C62828",
        "pct_nonconverging": null,
        "label": "J1159 | Severe | rate=1.38cms | flooded=4.9h | vol=7.2e6L"
      }
    },
    {
      "type": "Feature",
      "geometry": {
        "type": "Point",
        "coordinates": [
          3.488893,
          6.577919
        ]
      },
      "properties": {
        "node_id": "J1605",
        "hours_flooded": 3.42,
        "max_rate_cms": 1.383,
        "total_vol_10e6l": 7.556,
        "max_ponded_m": 0.0,
        "elevation_m": 5.44,
        "flood_class": "Severe",
        "colour": "#C62828",
        "pct_nonconverging": null,
        "label": "J1605 | Severe | rate=1.38cms | flooded=3.4h | vol=7.6e6L"
      }
    },
    {
      "type": "Feature",
      "geometry": {
        "type": "Point",
        "coordinates": [
          3.488049,
          6.576144
        ]
      },
      "properties": {
        "node_id": "J1610",
        "hours_flooded": 0.01,
        "max_rate_cms": 1.38,
        "total_vol_10e6l": 0.005,
        "max_ponded_m": 0.0,
        "elevation_m": 6.58,
        "flood_class": "Severe",
        "colour": "#C62828",
        "pct_nonconverging": null,
        "label": "J1610 | Severe | rate=1.38cms | flooded=0.0h | vol=0.0e6L"
      }
    },
    {
      "type": "Feature",
      "geometry": {
        "type": "Point",
        "coordinates": [
          3.390359,
          6.603499
        ]
      },
      "properties": {
        "node_id": "J1893",
        "hours_flooded": 3.16,
        "max_rate_cms": 1.38,
        "total_vol_10e6l": 9.522,
        "max_ponded_m": 0.0,
        "elevation_m": 16.74,
        "flood_class": "Severe",
        "colour": "#C62828",
        "pct_nonconverging": null,
        "label": "J1893 | Severe | rate=1.38cms | flooded=3.2h | vol=9.5e6L"
      }
    },
    {
      "type": "Feature",
      "geometry": {
        "type": "Point",
        "coordinates": [
          3.395818,
          6.620449
        ]
      },
      "properties": {
        "node_id": "J1392",
        "hours_flooded": 5.3,
        "max_rate_cms": 1.374,
        "total_vol_10e6l": 7.624,
        "max_ponded_m": 0.0,
        "elevation_m": 11.35,
        "flood_class": "Severe",
        "colour": "#C62828",
        "pct_nonconverging": null,
        "label": "J1392 | Severe | rate=1.37cms | flooded=5.3h | vol=7.6e6L"
      }
    },
    {
      "type": "Feature",
      "geometry": {
        "type": "Point",
        "coordinates": [
          3.394489,
          6.573821
        ]
      },
      "properties": {
        "node_id": "J0932",
        "hours_flooded": 0.88,
        "max_rate_cms": 1.371,
        "total_vol_10e6l": 2.461,
        "max_ponded_m": 0.0,
        "elevation_m": 17.0,
        "flood_class": "Severe",
        "colour": "#C62828",
        "pct_nonconverging": null,
        "label": "J0932 | Severe | rate=1.37cms | flooded=0.9h | vol=2.5e6L"
      }
    },
    {
      "type": "Feature",
      "geometry": {
        "type": "Point",
        "coordinates": [
          3.389848,
          6.602797
        ]
      },
      "properties": {
        "node_id": "J1895",
        "hours_flooded": 2.97,
        "max_rate_cms": 1.368,
        "total_vol_10e6l": 7.104,
        "max_ponded_m": 0.0,
        "elevation_m": 16.74,
        "flood_class": "Severe",
        "colour": "#C62828",
        "pct_nonconverging": null,
        "label": "J1895 | Severe | rate=1.37cms | flooded=3.0h | vol=7.1e6L"
      }
    },
    {
      "type": "Feature",
      "geometry": {
        "type": "Point",
        "coordinates": [
          3.378305,
          6.644401
        ]
      },
      "properties": {
        "node_id": "J1377",
        "hours_flooded": 2.67,
        "max_rate_cms": 1.367,
        "total_vol_10e6l": 6.939,
        "max_ponded_m": 0.0,
        "elevation_m": 34.73,
        "flood_class": "Severe",
        "colour": "#C62828",
        "pct_nonconverging": null,
        "label": "J1377 | Severe | rate=1.37cms | flooded=2.7h | vol=6.9e6L"
      }
    },
    {
      "type": "Feature",
      "geometry": {
        "type": "Point",
        "coordinates": [
          3.388873,
          6.597572
        ]
      },
      "properties": {
        "node_id": "J2263",
        "hours_flooded": 5.1,
        "max_rate_cms": 1.367,
        "total_vol_10e6l": 7.0,
        "max_ponded_m": 0.0,
        "elevation_m": 8.69,
        "flood_class": "Severe",
        "colour": "#C62828",
        "pct_nonconverging": null,
        "label": "J2263 | Severe | rate=1.37cms | flooded=5.1h | vol=7.0e6L"
      }
    },
    {
      "type": "Feature",
      "geometry": {
        "type": "Point",
        "coordinates": [
          3.488945,
          6.579321
        ]
      },
      "properties": {
        "node_id": "J1600",
        "hours_flooded": 2.42,
        "max_rate_cms": 1.361,
        "total_vol_10e6l": 6.115,
        "max_ponded_m": 0.0,
        "elevation_m": 5.64,
        "flood_class": "Severe",
        "colour": "#C62828",
        "pct_nonconverging": null,
        "label": "J1600 | Severe | rate=1.36cms | flooded=2.4h | vol=6.1e6L"
      }
    },
    {
      "type": "Feature",
      "geometry": {
        "type": "Point",
        "coordinates": [
          3.476965,
          6.562652
        ]
      },
      "properties": {
        "node_id": "J1648",
        "hours_flooded": 4.43,
        "max_rate_cms": 1.36,
        "total_vol_10e6l": 7.492,
        "max_ponded_m": 0.0,
        "elevation_m": 4.97,
        "flood_class": "Severe",
        "colour": "#C62828",
        "pct_nonconverging": null,
        "label": "J1648 | Severe | rate=1.36cms | flooded=4.4h | vol=7.5e6L"
      }
    },
    {
      "type": "Feature",
      "geometry": {
        "type": "Point",
        "coordinates": [
          3.397974,
          6.590434
        ]
      },
      "properties": {
        "node_id": "J1111",
        "hours_flooded": 2.6,
        "max_rate_cms": 1.35,
        "total_vol_10e6l": 7.153,
        "max_ponded_m": 0.0,
        "elevation_m": 5.73,
        "flood_class": "Severe",
        "colour": "#C62828",
        "pct_nonconverging": null,
        "label": "J1111 | Severe | rate=1.35cms | flooded=2.6h | vol=7.2e6L"
      }
    },
    {
      "type": "Feature",
      "geometry": {
        "type": "Point",
        "coordinates": [
          3.401354,
          6.578538
        ]
      },
      "properties": {
        "node_id": "J0984",
        "hours_flooded": 2.8,
        "max_rate_cms": 1.343,
        "total_vol_10e6l": 7.253,
        "max_ponded_m": 0.0,
        "elevation_m": 2.67,
        "flood_class": "Severe",
        "colour": "#C62828",
        "pct_nonconverging": null,
        "label": "J0984 | Severe | rate=1.34cms | flooded=2.8h | vol=7.3e6L"
      }
    },
    {
      "type": "Feature",
      "geometry": {
        "type": "Point",
        "coordinates": [
          3.390288,
          6.603006
        ]
      },
      "properties": {
        "node_id": "J1918",
        "hours_flooded": 2.34,
        "max_rate_cms": 1.339,
        "total_vol_10e6l": 6.789,
        "max_ponded_m": 0.0,
        "elevation_m": 16.74,
        "flood_class": "Severe",
        "colour": "#C62828",
        "pct_nonconverging": null,
        "label": "J1918 | Severe | rate=1.34cms | flooded=2.3h | vol=6.8e6L"
      }
    },
    {
      "type": "Feature",
      "geometry": {
        "type": "Point",
        "coordinates": [
          3.372478,
          6.60345
        ]
      },
      "properties": {
        "node_id": "J0583",
        "hours_flooded": 2.06,
        "max_rate_cms": 1.326,
        "total_vol_10e6l": 4.724,
        "max_ponded_m": 0.0,
        "elevation_m": 38.72,
        "flood_class": "Severe",
        "colour": "#C62828",
        "pct_nonconverging": null,
        "label": "J0583 | Severe | rate=1.33cms | flooded=2.1h | vol=4.7e6L"
      }
    },
    {
      "type": "Feature",
      "geometry": {
        "type": "Point",
        "coordinates": [
          3.392373,
          6.548962
        ]
      },
      "properties": {
        "node_id": "J0260",
        "hours_flooded": 1.04,
        "max_rate_cms": 1.318,
        "total_vol_10e6l": 2.5,
        "max_ponded_m": 0.0,
        "elevation_m": 7.61,
        "flood_class": "Severe",
        "colour": "#C62828",
        "pct_nonconverging": null,
        "label": "J0260 | Severe | rate=1.32cms | flooded=1.0h | vol=2.5e6L"
      }
    },
    {
      "type": "Feature",
      "geometry": {
        "type": "Point",
        "coordinates": [
          3.478666,
          6.567118
        ]
      },
      "properties": {
        "node_id": "J1637",
        "hours_flooded": 0.63,
        "max_rate_cms": 1.318,
        "total_vol_10e6l": 1.489,
        "max_ponded_m": 0.0,
        "elevation_m": 5.92,
        "flood_class": "Severe",
        "colour": "#C62828",
        "pct_nonconverging": null,
        "label": "J1637 | Severe | rate=1.32cms | flooded=0.6h | vol=1.5e6L"
      }
    },
    {
      "type": "Feature",
      "geometry": {
        "type": "Point",
        "coordinates": [
          3.381497,
          6.590988
        ]
      },
      "properties": {
        "node_id": "J1229",
        "hours_flooded": 1.55,
        "max_rate_cms": 1.315,
        "total_vol_10e6l": 3.881,
        "max_ponded_m": 0.0,
        "elevation_m": 24.68,
        "flood_class": "Severe",
        "colour": "#C62828",
        "pct_nonconverging": null,
        "label": "J1229 | Severe | rate=1.31cms | flooded=1.6h | vol=3.9e6L"
      }
    },
    {
      "type": "Feature",
      "geometry": {
        "type": "Point",
        "coordinates": [
          3.505167,
          6.547596
        ]
      },
      "properties": {
        "node_id": "J0760",
        "hours_flooded": 3.29,
        "max_rate_cms": 1.307,
        "total_vol_10e6l": 7.979,
        "max_ponded_m": 0.0,
        "elevation_m": 3.13,
        "flood_class": "Severe",
        "colour": "#C62828",
        "pct_nonconverging": null,
        "label": "J0760 | Severe | rate=1.31cms | flooded=3.3h | vol=8.0e6L"
      }
    },
    {
      "type": "Feature",
      "geometry": {
        "type": "Point",
        "coordinates": [
          3.392665,
          6.606254
        ]
      },
      "properties": {
        "node_id": "J1926",
        "hours_flooded": 5.22,
        "max_rate_cms": 1.303,
        "total_vol_10e6l": 10.383,
        "max_ponded_m": 0.0,
        "elevation_m": 14.96,
        "flood_class": "Severe",
        "colour": "#C62828",
        "pct_nonconverging": null,
        "label": "J1926 | Severe | rate=1.30cms | flooded=5.2h | vol=10.4e6L"
      }
    },
    {
      "type": "Feature",
      "geometry": {
        "type": "Point",
        "coordinates": [
          3.401804,
          6.576565
        ]
      },
      "properties": {
        "node_id": "J2069",
        "hours_flooded": 3.93,
        "max_rate_cms": 1.3,
        "total_vol_10e6l": 7.118,
        "max_ponded_m": 0.0,
        "elevation_m": 2.31,
        "flood_class": "Severe",
        "colour": "#C62828",
        "pct_nonconverging": null,
        "label": "J2069 | Severe | rate=1.30cms | flooded=3.9h | vol=7.1e6L"
      }
    },
    {
      "type": "Feature",
      "geometry": {
        "type": "Point",
        "coordinates": [
          3.375013,
          6.599338
        ]
      },
      "properties": {
        "node_id": "J0632",
        "hours_flooded": 1.85,
        "max_rate_cms": 1.299,
        "total_vol_10e6l": 3.957,
        "max_ponded_m": 0.0,
        "elevation_m": 35.5,
        "flood_class": "Severe",
        "colour": "#C62828",
        "pct_nonconverging": null,
        "label": "J0632 | Severe | rate=1.30cms | flooded=1.9h | vol=4.0e6L"
      }
    },
    {
      "type": "Feature",
      "geometry": {
        "type": "Point",
        "coordinates": [
          3.369577,
          6.630425
        ]
      },
      "properties": {
        "node_id": "J0395",
        "hours_flooded": 4.82,
        "max_rate_cms": 1.297,
        "total_vol_10e6l": 6.82,
        "max_ponded_m": 0.0,
        "elevation_m": 27.22,
        "flood_class": "Severe",
        "colour": "#C62828",
        "pct_nonconverging": null,
        "label": "J0395 | Severe | rate=1.30cms | flooded=4.8h | vol=6.8e6L"
      }
    },
    {
      "type": "Feature",
      "geometry": {
        "type": "Point",
        "coordinates": [
          3.492133,
          6.584934
        ]
      },
      "properties": {
        "node_id": "J1733",
        "hours_flooded": 0.48,
        "max_rate_cms": 1.265,
        "total_vol_10e6l": 1.149,
        "max_ponded_m": 0.0,
        "elevation_m": 5.38,
        "flood_class": "Severe",
        "colour": "#C62828",
        "pct_nonconverging": null,
        "label": "J1733 | Severe | rate=1.26cms | flooded=0.5h | vol=1.1e6L"
      }
    },
    {
      "type": "Feature",
      "geometry": {
        "type": "Point",
        "coordinates": [
          3.507648,
          6.551614
        ]
      },
      "properties": {
        "node_id": "J0767",
        "hours_flooded": 3.39,
        "max_rate_cms": 1.258,
        "total_vol_10e6l": 9.973,
        "max_ponded_m": 0.0,
        "elevation_m": 3.92,
        "flood_class": "Severe",
        "colour": "#C62828",
        "pct_nonconverging": null,
        "label": "J0767 | Severe | rate=1.26cms | flooded=3.4h | vol=10.0e6L"
      }
    },
    {
      "type": "Feature",
      "geometry": {
        "type": "Point",
        "coordinates": [
          3.390933,
          6.558027
        ]
      },
      "properties": {
        "node_id": "J0007",
        "hours_flooded": 5.32,
        "max_rate_cms": 1.255,
        "total_vol_10e6l": 12.764,
        "max_ponded_m": 0.0,
        "elevation_m": 8.72,
        "flood_class": "Severe",
        "colour": "#C62828",
        "pct_nonconverging": null,
        "label": "J0007 | Severe | rate=1.25cms | flooded=5.3h | vol=12.8e6L"
      }
    },
    {
      "type": "Feature",
      "geometry": {
        "type": "Point",
        "coordinates": [
          3.403519,
          6.603548
        ]
      },
      "properties": {
        "node_id": "J1852",
        "hours_flooded": 5.31,
        "max_rate_cms": 1.249,
        "total_vol_10e6l": 6.735,
        "max_ponded_m": 0.0,
        "elevation_m": 2.72,
        "flood_class": "Severe",
        "colour": "#C62828",
        "pct_nonconverging": null,
        "label": "J1852 | Severe | rate=1.25cms | flooded=5.3h | vol=6.7e6L"
      }
    },
    {
      "type": "Feature",
      "geometry": {
        "type": "Point",
        "coordinates": [
          3.376492,
          6.630704
        ]
      },
      "properties": {
        "node_id": "J0419",
        "hours_flooded": 2.98,
        "max_rate_cms": 1.244,
        "total_vol_10e6l": 7.561,
        "max_ponded_m": 0.0,
        "elevation_m": 32.2,
        "flood_class": "Severe",
        "colour": "#C62828",
        "pct_nonconverging": null,
        "label": "J0419 | Severe | rate=1.24cms | flooded=3.0h | vol=7.6e6L"
      }
    },
    {
      "type": "Feature",
      "geometry": {
        "type": "Point",
        "coordinates": [
          3.378801,
          6.639339
        ]
      },
      "properties": {
        "node_id": "J2009",
        "hours_flooded": 2.6,
        "max_rate_cms": 1.241,
        "total_vol_10e6l": 6.158,
        "max_ponded_m": 0.0,
        "elevation_m": 37.74,
        "flood_class": "Severe",
        "colour": "#C62828",
        "pct_nonconverging": null,
        "label": "J2009 | Severe | rate=1.24cms | flooded=2.6h | vol=6.2e6L"
      }
    },
    {
      "type": "Feature",
      "geometry": {
        "type": "Point",
        "coordinates": [
          3.370783,
          6.594367
        ]
      },
      "properties": {
        "node_id": "J0544",
        "hours_flooded": 1.1,
        "max_rate_cms": 1.239,
        "total_vol_10e6l": 2.489,
        "max_ponded_m": 0.0,
        "elevation_m": 23.77,
        "flood_class": "Severe",
        "colour": "#C62828",
        "pct_nonconverging": null,
        "label": "J0544 | Severe | rate=1.24cms | flooded=1.1h | vol=2.5e6L"
      }
    },
    {
      "type": "Feature",
      "geometry": {
        "type": "Point",
        "coordinates": [
          3.397058,
          6.614086
        ]
      },
      "properties": {
        "node_id": "J1408",
        "hours_flooded": 5.27,
        "max_rate_cms": 1.238,
        "total_vol_10e6l": 6.863,
        "max_ponded_m": 0.0,
        "elevation_m": 2.12,
        "flood_class": "Severe",
        "colour": "#C62828",
        "pct_nonconverging": null,
        "label": "J1408 | Severe | rate=1.24cms | flooded=5.3h | vol=6.9e6L"
      }
    },
    {
      "type": "Feature",
      "geometry": {
        "type": "Point",
        "coordinates": [
          3.376839,
          6.631611
        ]
      },
      "properties": {
        "node_id": "J0422",
        "hours_flooded": 2.62,
        "max_rate_cms": 1.235,
        "total_vol_10e6l": 6.275,
        "max_ponded_m": 0.0,
        "elevation_m": 32.25,
        "flood_class": "Severe",
        "colour": "#C62828",
        "pct_nonconverging": null,
        "label": "J0422 | Severe | rate=1.24cms | flooded=2.6h | vol=6.3e6L"
      }
    },
    {
      "type": "Feature",
      "geometry": {
        "type": "Point",
        "coordinates": [
          3.483298,
          6.629936
        ]
      },
      "properties": {
        "node_id": "J2217",
        "hours_flooded": 2.7,
        "max_rate_cms": 1.235,
        "total_vol_10e6l": 6.319,
        "max_ponded_m": 0.0,
        "elevation_m": 9.58,
        "flood_class": "Severe",
        "colour": "#C62828",
        "pct_nonconverging": null,
        "label": "J2217 | Severe | rate=1.24cms | flooded=2.7h | vol=6.3e6L"
      }
    },
    {
      "type": "Feature",
      "geometry": {
        "type": "Point",
        "coordinates": [
          3.504967,
          6.594597
        ]
      },
      "properties": {
        "node_id": "J1972",
        "hours_flooded": 4.08,
        "max_rate_cms": 1.231,
        "total_vol_10e6l": 6.456,
        "max_ponded_m": 0.0,
        "elevation_m": 7.02,
        "flood_class": "Severe",
        "colour": "#C62828",
        "pct_nonconverging": null,
        "label": "J1972 | Severe | rate=1.23cms | flooded=4.1h | vol=6.5e6L"
      }
    },
    {
      "type": "Feature",
      "geometry": {
        "type": "Point",
        "coordinates": [
          3.49394,
          6.604234
        ]
      },
      "properties": {
        "node_id": "J1507",
        "hours_flooded": 0.6,
        "max_rate_cms": 1.224,
        "total_vol_10e6l": 1.66,
        "max_ponded_m": 0.0,
        "elevation_m": 6.66,
        "flood_class": "Severe",
        "colour": "#C62828",
        "pct_nonconverging": null,
        "label": "J1507 | Severe | rate=1.22cms | flooded=0.6h | vol=1.7e6L"
      }
    },
    {
      "type": "Feature",
      "geometry": {
        "type": "Point",
        "coordinates": [
          3.375219,
          6.604459
        ]
      },
      "properties": {
        "node_id": "J0379",
        "hours_flooded": 2.46,
        "max_rate_cms": 1.218,
        "total_vol_10e6l": 5.825,
        "max_ponded_m": 0.0,
        "elevation_m": 35.41,
        "flood_class": "Severe",
        "colour": "#C62828",
        "pct_nonconverging": null,
        "label": "J0379 | Severe | rate=1.22cms | flooded=2.5h | vol=5.8e6L"
      }
    },
    {
      "type": "Feature",
      "geometry": {
        "type": "Point",
        "coordinates": [
          3.478034,
          6.566162
        ]
      },
      "properties": {
        "node_id": "J1724",
        "hours_flooded": 2.02,
        "max_rate_cms": 1.208,
        "total_vol_10e6l": 5.05,
        "max_ponded_m": 0.0,
        "elevation_m": 5.92,
        "flood_class": "Severe",
        "colour": "#C62828",
        "pct_nonconverging": null,
        "label": "J1724 | Severe | rate=1.21cms | flooded=2.0h | vol=5.0e6L"
      }
    },
    {
      "type": "Feature",
      "geometry": {
        "type": "Point",
        "coordinates": [
          3.376316,
          6.637579
        ]
      },
      "properties": {
        "node_id": "J0456",
        "hours_flooded": 5.32,
        "max_rate_cms": 1.205,
        "total_vol_10e6l": 13.704,
        "max_ponded_m": 0.0,
        "elevation_m": 24.63,
        "flood_class": "Severe",
        "colour": "#C62828",
        "pct_nonconverging": null,
        "label": "J0456 | Severe | rate=1.21cms | flooded=5.3h | vol=13.7e6L"
      }
    },
    {
      "type": "Feature",
      "geometry": {
        "type": "Point",
        "coordinates": [
          3.396647,
          6.602846
        ]
      },
      "properties": {
        "node_id": "J1174",
        "hours_flooded": 5.24,
        "max_rate_cms": 1.198,
        "total_vol_10e6l": 6.405,
        "max_ponded_m": 0.0,
        "elevation_m": 6.96,
        "flood_class": "Severe",
        "colour": "#C62828",
        "pct_nonconverging": null,
        "label": "J1174 | Severe | rate=1.20cms | flooded=5.2h | vol=6.4e6L"
      }
    },
    {
      "type": "Feature",
      "geometry": {
        "type": "Point",
        "coordinates": [
          3.396991,
          6.61382
        ]
      },
      "properties": {
        "node_id": "J2042",
        "hours_flooded": 5.27,
        "max_rate_cms": 1.191,
        "total_vol_10e6l": 6.59,
        "max_ponded_m": 0.0,
        "elevation_m": 2.12,
        "flood_class": "Severe",
        "colour": "#C62828",
        "pct_nonconverging": null,
        "label": "J2042 | Severe | rate=1.19cms | flooded=5.3h | vol=6.6e6L"
      }
    },
    {
      "type": "Feature",
      "geometry": {
        "type": "Point",
        "coordinates": [
          3.375313,
          6.551897
        ]
      },
      "properties": {
        "node_id": "J1706",
        "hours_flooded": 1.85,
        "max_rate_cms": 1.187,
        "total_vol_10e6l": 3.396,
        "max_ponded_m": 0.0,
        "elevation_m": 8.58,
        "flood_class": "Severe",
        "colour": "#C62828",
        "pct_nonconverging": null,
        "label": "J1706 | Severe | rate=1.19cms | flooded=1.9h | vol=3.4e6L"
      }
    },
    {
      "type": "Feature",
      "geometry": {
        "type": "Point",
        "coordinates": [
          3.483764,
          6.627495
        ]
      },
      "properties": {
        "node_id": "J2221",
        "hours_flooded": 3.01,
        "max_rate_cms": 1.187,
        "total_vol_10e6l": 6.315,
        "max_ponded_m": 0.0,
        "elevation_m": 9.12,
        "flood_class": "Severe",
        "colour": "#C62828",
        "pct_nonconverging": null,
        "label": "J2221 | Severe | rate=1.19cms | flooded=3.0h | vol=6.3e6L"
      }
    },
    {
      "type": "Feature",
      "geometry": {
        "type": "Point",
        "coordinates": [
          3.385533,
          6.58085
        ]
      },
      "properties": {
        "node_id": "J0909",
        "hours_flooded": 5.18,
        "max_rate_cms": 1.186,
        "total_vol_10e6l": 6.523,
        "max_ponded_m": 0.0,
        "elevation_m": 5.88,
        "flood_class": "Severe",
        "colour": "#C62828",
        "pct_nonconverging": null,
        "label": "J0909 | Severe | rate=1.19cms | flooded=5.2h | vol=6.5e6L"
      }
    },
    {
      "type": "Feature",
      "geometry": {
        "type": "Point",
        "coordinates": [
          3.390706,
          6.58439
        ]
      },
      "properties": {
        "node_id": "J2080",
        "hours_flooded": 3.58,
        "max_rate_cms": 1.186,
        "total_vol_10e6l": 5.918,
        "max_ponded_m": 0.0,
        "elevation_m": 3.34,
        "flood_class": "Severe",
        "colour": "#C62828",
        "pct_nonconverging": null,
        "label": "J2080 | Severe | rate=1.19cms | flooded=3.6h | vol=5.9e6L"
      }
    },
    {
      "type": "Feature",
      "geometry": {
        "type": "Point",
        "coordinates": [
          3.503086,
          6.545157
        ]
      },
      "properties": {
        "node_id": "J0750",
        "hours_flooded": 5.29,
        "max_rate_cms": 1.179,
        "total_vol_10e6l": 6.531,
        "max_ponded_m": 0.0,
        "elevation_m": 1.7,
        "flood_class": "Severe",
        "colour": "#C62828",
        "pct_nonconverging": null,
        "label": "J0750 | Severe | rate=1.18cms | flooded=5.3h | vol=6.5e6L"
      }
    },
    {
      "type": "Feature",
      "geometry": {
        "type": "Point",
        "coordinates": [
          3.370291,
          6.610729
        ]
      },
      "properties": {
        "node_id": "J1280",
        "hours_flooded": 0.94,
        "max_rate_cms": 1.174,
        "total_vol_10e6l": 1.972,
        "max_ponded_m": 0.0,
        "elevation_m": 38.33,
        "flood_class": "Severe",
        "colour": "#C62828",
        "pct_nonconverging": null,
        "label": "J1280 | Severe | rate=1.17cms | flooded=0.9h | vol=2.0e6L"
      }
    },
    {
      "type": "Feature",
      "geometry": {
        "type": "Point",
        "coordinates": [
          3.396314,
          6.61069
        ]
      },
      "properties": {
        "node_id": "J2038",
        "hours_flooded": 5.28,
        "max_rate_cms": 1.171,
        "total_vol_10e6l": 6.526,
        "max_ponded_m": 0.0,
        "elevation_m": 6.79,
        "flood_class": "Severe",
        "colour": "#C62828",
        "pct_nonconverging": null,
        "label": "J2038 | Severe | rate=1.17cms | flooded=5.3h | vol=6.5e6L"
      }
    },
    {
      "type": "Feature",
      "geometry": {
        "type": "Point",
        "coordinates": [
          3.483449,
          6.629891
        ]
      },
      "properties": {
        "node_id": "J2189",
        "hours_flooded": 2.42,
        "max_rate_cms": 1.168,
        "total_vol_10e6l": 4.66,
        "max_ponded_m": 0.0,
        "elevation_m": 9.58,
        "flood_class": "Severe",
        "colour": "#C62828",
        "pct_nonconverging": null,
        "label": "J2189 | Severe | rate=1.17cms | flooded=2.4h | vol=4.7e6L"
      }
    },
    {
      "type": "Feature",
      "geometry": {
        "type": "Point",
        "coordinates": [
          3.48356,
          6.628266
        ]
      },
      "properties": {
        "node_id": "J2220",
        "hours_flooded": 3.2,
        "max_rate_cms": 1.162,
        "total_vol_10e6l": 6.233,
        "max_ponded_m": 0.0,
        "elevation_m": 9.12,
        "flood_class": "Severe",
        "colour": "#C62828",
        "pct_nonconverging": null,
        "label": "J2220 | Severe | rate=1.16cms | flooded=3.2h | vol=6.2e6L"
      }
    },
    {
      "type": "Feature",
      "geometry": {
        "type": "Point",
        "coordinates": [
          3.488995,
          6.579655
        ]
      },
      "properties": {
        "node_id": "J1599",
        "hours_flooded": 2.48,
        "max_rate_cms": 1.152,
        "total_vol_10e6l": 5.546,
        "max_ponded_m": 0.0,
        "elevation_m": 5.64,
        "flood_class": "Severe",
        "colour": "#C62828",
        "pct_nonconverging": null,
        "label": "J1599 | Severe | rate=1.15cms | flooded=2.5h | vol=5.5e6L"
      }
    },
    {
      "type": "Feature",
      "geometry": {
        "type": "Point",
        "coordinates": [
          3.401708,
          6.604811
        ]
      },
      "properties": {
        "node_id": "J1860",
        "hours_flooded": 2.61,
        "max_rate_cms": 1.139,
        "total_vol_10e6l": 5.129,
        "max_ponded_m": 0.0,
        "elevation_m": 2.99,
        "flood_class": "Severe",
        "colour": "#C62828",
        "pct_nonconverging": null,
        "label": "J1860 | Severe | rate=1.14cms | flooded=2.6h | vol=5.1e6L"
      }
    },
    {
      "type": "Feature",
      "geometry": {
        "type": "Point",
        "coordinates": [
          3.403294,
          6.547673
        ]
      },
      "properties": {
        "node_id": "J0334",
        "hours_flooded": 2.56,
        "max_rate_cms": 1.138,
        "total_vol_10e6l": 7.113,
        "max_ponded_m": 0.0,
        "elevation_m": 9.89,
        "flood_class": "Severe",
        "colour": "#C62828",
        "pct_nonconverging": null,
        "label": "J0334 | Severe | rate=1.14cms | flooded=2.6h | vol=7.1e6L"
      }
    },
    {
      "type": "Feature",
      "geometry": {
        "type": "Point",
        "coordinates": [
          3.505128,
          6.594469
        ]
      },
      "properties": {
        "node_id": "J1973",
        "hours_flooded": 4.66,
        "max_rate_cms": 1.138,
        "total_vol_10e6l": 6.064,
        "max_ponded_m": 0.0,
        "elevation_m": 7.02,
        "flood_class": "Severe",
        "colour": "#C62828",
        "pct_nonconverging": null,
        "label": "J1973 | Severe | rate=1.14cms | flooded=4.7h | vol=6.1e6L"
      }
    },
    {
      "type": "Feature",
      "geometry": {
        "type": "Point",
        "coordinates": [
          3.401545,
          6.575237
        ]
      },
      "properties": {
        "node_id": "J2071",
        "hours_flooded": 5.33,
        "max_rate_cms": 1.138,
        "total_vol_10e6l": 15.005,
        "max_ponded_m": 0.0,
        "elevation_m": 1.51,
        "flood_class": "Severe",
        "colour": "#C62828",
        "pct_nonconverging": null,
        "label": "J2071 | Severe | rate=1.14cms | flooded=5.3h | vol=15.0e6L"
      }
    },
    {
      "type": "Feature",
      "geometry": {
        "type": "Point",
        "coordinates": [
          3.398194,
          6.605176
        ]
      },
      "properties": {
        "node_id": "J1182",
        "hours_flooded": 4.68,
        "max_rate_cms": 1.137,
        "total_vol_10e6l": 6.061,
        "max_ponded_m": 0.0,
        "elevation_m": 1.92,
        "flood_class": "Severe",
        "colour": "#C62828",
        "pct_nonconverging": null,
        "label": "J1182 | Severe | rate=1.14cms | flooded=4.7h | vol=6.1e6L"
      }
    },
    {
      "type": "Feature",
      "geometry": {
        "type": "Point",
        "coordinates": [
          3.393145,
          6.592358
        ]
      },
      "properties": {
        "node_id": "J1123",
        "hours_flooded": 1.38,
        "max_rate_cms": 1.135,
        "total_vol_10e6l": 3.319,
        "max_ponded_m": 0.0,
        "elevation_m": 7.85,
        "flood_class": "Severe",
        "colour": "#C62828",
        "pct_nonconverging": null,
        "label": "J1123 | Severe | rate=1.14cms | flooded=1.4h | vol=3.3e6L"
      }
    },
    {
      "type": "Feature",
      "geometry": {
        "type": "Point",
        "coordinates": [
          3.491771,
          6.584616
        ]
      },
      "properties": {
        "node_id": "J1585",
        "hours_flooded": 5.25,
        "max_rate_cms": 1.134,
        "total_vol_10e6l": 6.85,
        "max_ponded_m": 0.0,
        "elevation_m": 2.92,
        "flood_class": "Severe",
        "colour": "#C62828",
        "pct_nonconverging": null,
        "label": "J1585 | Severe | rate=1.13cms | flooded=5.2h | vol=6.8e6L"
      }
    },
    {
      "type": "Feature",
      "geometry": {
        "type": "Point",
        "coordinates": [
          3.39076,
          6.584536
        ]
      },
      "properties": {
        "node_id": "J0319",
        "hours_flooded": 4.05,
        "max_rate_cms": 1.121,
        "total_vol_10e6l": 6.643,
        "max_ponded_m": 0.0,
        "elevation_m": 3.34,
        "flood_class": "Severe",
        "colour": "#C62828",
        "pct_nonconverging": null,
        "label": "J0319 | Severe | rate=1.12cms | flooded=4.0h | vol=6.6e6L"
      }
    },
    {
      "type": "Feature",
      "geometry": {
        "type": "Point",
        "coordinates": [
          3.376927,
          6.632179
        ]
      },
      "properties": {
        "node_id": "J0425",
        "hours_flooded": 1.43,
        "max_rate_cms": 1.11,
        "total_vol_10e6l": 2.509,
        "max_ponded_m": 0.0,
        "elevation_m": 32.25,
        "flood_class": "Severe",
        "colour": "#C62828",
        "pct_nonconverging": null,
        "label": "J0425 | Severe | rate=1.11cms | flooded=1.4h | vol=2.5e6L"
      }
    },
    {
      "type": "Feature",
      "geometry": {
        "type": "Point",
        "coordinates": [
          3.40034,
          6.595209
        ]
      },
      "properties": {
        "node_id": "J1086",
        "hours_flooded": 5.28,
        "max_rate_cms": 1.101,
        "total_vol_10e6l": 6.081,
        "max_ponded_m": 0.0,
        "elevation_m": 2.51,
        "flood_class": "Severe",
        "colour": "#C62828",
        "pct_nonconverging": null,
        "label": "J1086 | Severe | rate=1.10cms | flooded=5.3h | vol=6.1e6L"
      }
    },
    {
      "type": "Feature",
      "geometry": {
        "type": "Point",
        "coordinates": [
          3.492577,
          6.588106
        ]
      },
      "properties": {
        "node_id": "J1735",
        "hours_flooded": 1.44,
        "max_rate_cms": 1.094,
        "total_vol_10e6l": 2.567,
        "max_ponded_m": 0.0,
        "elevation_m": 7.43,
        "flood_class": "Severe",
        "colour": "#C62828",
        "pct_nonconverging": null,
        "label": "J1735 | Severe | rate=1.09cms | flooded=1.4h | vol=2.6e6L"
      }
    },
    {
      "type": "Feature",
      "geometry": {
        "type": "Point",
        "coordinates": [
          3.371773,
          6.64125
        ]
      },
      "properties": {
        "node_id": "J1282",
        "hours_flooded": 5.23,
        "max_rate_cms": 1.093,
        "total_vol_10e6l": 5.894,
        "max_ponded_m": 0.0,
        "elevation_m": 37.79,
        "flood_class": "Severe",
        "colour": "#C62828",
        "pct_nonconverging": null,
        "label": "J1282 | Severe | rate=1.09cms | flooded=5.2h | vol=5.9e6L"
      }
    },
    {
      "type": "Feature",
      "geometry": {
        "type": "Point",
        "coordinates": [
          3.509268,
          6.556033
        ]
      },
      "properties": {
        "node_id": "J0781",
        "hours_flooded": 2.02,
        "max_rate_cms": 1.088,
        "total_vol_10e6l": 3.598,
        "max_ponded_m": 0.0,
        "elevation_m": 5.65,
        "flood_class": "Severe",
        "colour": "#C62828",
        "pct_nonconverging": null,
        "label": "J0781 | Severe | rate=1.09cms | flooded=2.0h | vol=3.6e6L"
      }
    },
    {
      "type": "Feature",
      "geometry": {
        "type": "Point",
        "coordinates": [
          3.400838,
          6.574384
        ]
      },
      "properties": {
        "node_id": "J0951",
        "hours_flooded": 3.83,
        "max_rate_cms": 1.087,
        "total_vol_10e6l": 5.849,
        "max_ponded_m": 0.0,
        "elevation_m": 3.12,
        "flood_class": "Severe",
        "colour": "#C62828",
        "pct_nonconverging": null,
        "label": "J0951 | Severe | rate=1.09cms | flooded=3.8h | vol=5.8e6L"
      }
    },
    {
      "type": "Feature",
      "geometry": {
        "type": "Point",
        "coordinates": [
          3.39688,
          6.574849
        ]
      },
      "properties": {
        "node_id": "J0293",
        "hours_flooded": 5.26,
        "max_rate_cms": 1.084,
        "total_vol_10e6l": 7.883,
        "max_ponded_m": 0.0,
        "elevation_m": 3.12,
        "flood_class": "Severe",
        "colour": "#C62828",
        "pct_nonconverging": null,
        "label": "J0293 | Severe | rate=1.08cms | flooded=5.3h | vol=7.9e6L"
      }
    },
    {
      "type": "Feature",
      "geometry": {
        "type": "Point",
        "coordinates": [
          3.404422,
          6.543039
        ]
      },
      "properties": {
        "node_id": "J1830",
        "hours_flooded": 1.49,
        "max_rate_cms": 1.083,
        "total_vol_10e6l": 2.483,
        "max_ponded_m": 0.0,
        "elevation_m": 6.6,
        "flood_class": "Severe",
        "colour": "#C62828",
        "pct_nonconverging": null,
        "label": "J1830 | Severe | rate=1.08cms | flooded=1.5h | vol=2.5e6L"
      }
    },
    {
      "type": "Feature",
      "geometry": {
        "type": "Point",
        "coordinates": [
          3.374343,
          6.60079
        ]
      },
      "properties": {
        "node_id": "J0668",
        "hours_flooded": 2.84,
        "max_rate_cms": 1.081,
        "total_vol_10e6l": 5.853,
        "max_ponded_m": 0.0,
        "elevation_m": 35.87,
        "flood_class": "Severe",
        "colour": "#C62828",
        "pct_nonconverging": null,
        "label": "J0668 | Severe | rate=1.08cms | flooded=2.8h | vol=5.9e6L"
      }
    },
    {
      "type": "Feature",
      "geometry": {
        "type": "Point",
        "coordinates": [
          3.372104,
          6.592819
        ]
      },
      "properties": {
        "node_id": "J0548",
        "hours_flooded": 2.03,
        "max_rate_cms": 1.076,
        "total_vol_10e6l": 4.422,
        "max_ponded_m": 0.0,
        "elevation_m": 23.73,
        "flood_class": "Severe",
        "colour": "#C62828",
        "pct_nonconverging": null,
        "label": "J0548 | Severe | rate=1.08cms | flooded=2.0h | vol=4.4e6L"
      }
    },
    {
      "type": "Feature",
      "geometry": {
        "type": "Point",
        "coordinates": [
          3.477006,
          6.56293
        ]
      },
      "properties": {
        "node_id": "J1647",
        "hours_flooded": 4.34,
        "max_rate_cms": 1.062,
        "total_vol_10e6l": 5.811,
        "max_ponded_m": 0.0,
        "elevation_m": 4.97,
        "flood_class": "Severe",
        "colour": "#C62828",
        "pct_nonconverging": null,
        "label": "J1647 | Severe | rate=1.06cms | flooded=4.3h | vol=5.8e6L"
      }
    },
    {
      "type": "Feature",
      "geometry": {
        "type": "Point",
        "coordinates": [
          3.396208,
          6.591753
        ]
      },
      "properties": {
        "node_id": "J1138",
        "hours_flooded": 5.25,
        "max_rate_cms": 1.061,
        "total_vol_10e6l": 8.737,
        "max_ponded_m": 0.0,
        "elevation_m": 4.95,
        "flood_class": "Severe",
        "colour": "#C62828",
        "pct_nonconverging": null,
        "label": "J1138 | Severe | rate=1.06cms | flooded=5.2h | vol=8.7e6L"
      }
    },
    {
      "type": "Feature",
      "geometry": {
        "type": "Point",
        "coordinates": [
          3.490269,
          6.602854
        ]
      },
      "properties": {
        "node_id": "J1545",
        "hours_flooded": 1.31,
        "max_rate_cms": 1.06,
        "total_vol_10e6l": 2.901,
        "max_ponded_m": 0.0,
        "elevation_m": 7.44,
        "flood_class": "Severe",
        "colour": "#C62828",
        "pct_nonconverging": null,
        "label": "J1545 | Severe | rate=1.06cms | flooded=1.3h | vol=2.9e6L"
      }
    },
    {
      "type": "Feature",
      "geometry": {
        "type": "Point",
        "coordinates": [
          3.479422,
          6.64577
        ]
      },
      "properties": {
        "node_id": "J2227",
        "hours_flooded": 4.35,
        "max_rate_cms": 1.06,
        "total_vol_10e6l": 9.584,
        "max_ponded_m": 0.0,
        "elevation_m": 10.3,
        "flood_class": "Severe",
        "colour": "#C62828",
        "pct_nonconverging": null,
        "label": "J2227 | Severe | rate=1.06cms | flooded=4.3h | vol=9.6e6L"
      }
    },
    {
      "type": "Feature",
      "geometry": {
        "type": "Point",
        "coordinates": [
          3.479622,
          6.645047
        ]
      },
      "properties": {
        "node_id": "J2215",
        "hours_flooded": 2.13,
        "max_rate_cms": 1.057,
        "total_vol_10e6l": 3.656,
        "max_ponded_m": 0.0,
        "elevation_m": 10.86,
        "flood_class": "Severe",
        "colour": "#C62828",
        "pct_nonconverging": null,
        "label": "J2215 | Severe | rate=1.06cms | flooded=2.1h | vol=3.7e6L"
      }
    },
    {
      "type": "Feature",
      "geometry": {
        "type": "Point",
        "coordinates": [
          3.37099,
          6.544809
        ]
      },
      "properties": {
        "node_id": "J0016",
        "hours_flooded": 1.58,
        "max_rate_cms": 1.055,
        "total_vol_10e6l": 2.926,
        "max_ponded_m": 0.0,
        "elevation_m": 9.91,
        "flood_class": "Severe",
        "colour": "#C62828",
        "pct_nonconverging": null,
        "label": "J0016 | Severe | rate=1.05cms | flooded=1.6h | vol=2.9e6L"
      }
    },
    {
      "type": "Feature",
      "geometry": {
        "type": "Point",
        "coordinates": [
          3.393662,
          6.607881
        ]
      },
      "properties": {
        "node_id": "J1879",
        "hours_flooded": 3.49,
        "max_rate_cms": 1.049,
        "total_vol_10e6l": 5.662,
        "max_ponded_m": 0.0,
        "elevation_m": 15.21,
        "flood_class": "Severe",
        "colour": "#C62828",
        "pct_nonconverging": null,
        "label": "J1879 | Severe | rate=1.05cms | flooded=3.5h | vol=5.7e6L"
      }
    },
    {
      "type": "Feature",
      "geometry": {
        "type": "Point",
        "coordinates": [
          3.400894,
          6.585244
        ]
      },
      "properties": {
        "node_id": "J0970",
        "hours_flooded": 2.51,
        "max_rate_cms": 1.034,
        "total_vol_10e6l": 4.814,
        "max_ponded_m": 0.0,
        "elevation_m": 2.64,
        "flood_class": "Severe",
        "colour": "#C62828",
        "pct_nonconverging": null,
        "label": "J0970 | Severe | rate=1.03cms | flooded=2.5h | vol=4.8e6L"
      }
    },
    {
      "type": "Feature",
      "geometry": {
        "type": "Point",
        "coordinates": [
          3.401656,
          6.576646
        ]
      },
      "properties": {
        "node_id": "J2070",
        "hours_flooded": 3.73,
        "max_rate_cms": 1.032,
        "total_vol_10e6l": 7.692,
        "max_ponded_m": 0.0,
        "elevation_m": 2.31,
        "flood_class": "Severe",
        "colour": "#C62828",
        "pct_nonconverging": null,
        "label": "J2070 | Severe | rate=1.03cms | flooded=3.7h | vol=7.7e6L"
      }
    },
    {
      "type": "Feature",
      "geometry": {
        "type": "Point",
        "coordinates": [
          3.48325,
          6.630938
        ]
      },
      "properties": {
        "node_id": "J2191",
        "hours_flooded": 0.45,
        "max_rate_cms": 1.029,
        "total_vol_10e6l": 0.285,
        "max_ponded_m": 0.0,
        "elevation_m": 10.66,
        "flood_class": "Severe",
        "colour": "#C62828",
        "pct_nonconverging": null,
        "label": "J2191 | Severe | rate=1.03cms | flooded=0.5h | vol=0.3e6L"
      }
    },
    {
      "type": "Feature",
      "geometry": {
        "type": "Point",
        "coordinates": [
          3.37112,
          6.640657
        ]
      },
      "properties": {
        "node_id": "J1285",
        "hours_flooded": 5.23,
        "max_rate_cms": 1.027,
        "total_vol_10e6l": 6.003,
        "max_ponded_m": 0.0,
        "elevation_m": 37.79,
        "flood_class": "Severe",
        "colour": "#C62828",
        "pct_nonconverging": null,
        "label": "J1285 | Severe | rate=1.03cms | flooded=5.2h | vol=6.0e6L"
      }
    },
    {
      "type": "Feature",
      "geometry": {
        "type": "Point",
        "coordinates": [
          3.48793,
          6.602637
        ]
      },
      "properties": {
        "node_id": "J0725",
        "hours_flooded": 1.62,
        "max_rate_cms": 1.025,
        "total_vol_10e6l": 4.01,
        "max_ponded_m": 0.0,
        "elevation_m": 2.82,
        "flood_class": "Severe",
        "colour": "#C62828",
        "pct_nonconverging": null,
        "label": "J0725 | Severe | rate=1.02cms | flooded=1.6h | vol=4.0e6L"
      }
    },
    {
      "type": "Feature",
      "geometry": {
        "type": "Point",
        "coordinates": [
          3.39661,
          6.598571
        ]
      },
      "properties": {
        "node_id": "J1183",
        "hours_flooded": 5.26,
        "max_rate_cms": 1.015,
        "total_vol_10e6l": 5.654,
        "max_ponded_m": 0.0,
        "elevation_m": 6.74,
        "flood_class": "Severe",
        "colour": "#C62828",
        "pct_nonconverging": null,
        "label": "J1183 | Severe | rate=1.01cms | flooded=5.3h | vol=5.7e6L"
      }
    },
    {
      "type": "Feature",
      "geometry": {
        "type": "Point",
        "coordinates": [
          3.376905,
          6.602151
        ]
      },
      "properties": {
        "node_id": "J0387",
        "hours_flooded": 2.51,
        "max_rate_cms": 1.011,
        "total_vol_10e6l": 5.537,
        "max_ponded_m": 0.0,
        "elevation_m": 31.92,
        "flood_class": "Severe",
        "colour": "#C62828",
        "pct_nonconverging": null,
        "label": "J0387 | Severe | rate=1.01cms | flooded=2.5h | vol=5.5e6L"
      }
    },
    {
      "type": "Feature",
      "geometry": {
        "type": "Point",
        "coordinates": [
          3.384055,
          6.585811
        ]
      },
      "properties": {
        "node_id": "J0890",
        "hours_flooded": 0.01,
        "max_rate_cms": 1.007,
        "total_vol_10e6l": 0.001,
        "max_ponded_m": 0.0,
        "elevation_m": 5.94,
        "flood_class": "Severe",
        "colour": "#C62828",
        "pct_nonconverging": null,
        "label": "J0890 | Severe | rate=1.01cms | flooded=0.0h | vol=0.0e6L"
      }
    },
    {
      "type": "Feature",
      "geometry": {
        "type": "Point",
        "coordinates": [
          3.390846,
          6.60417
        ]
      },
      "properties": {
        "node_id": "J1891",
        "hours_flooded": 1.98,
        "max_rate_cms": 0.997,
        "total_vol_10e6l": 3.304,
        "max_ponded_m": 0.0,
        "elevation_m": 17.26,
        "flood_class": "Moderate",
        "colour": "#FF8F00",
        "pct_nonconverging": null,
        "label": "J1891 | Moderate | rate=1.00cms | flooded=2.0h | vol=3.3e6L"
      }
    },
    {
      "type": "Feature",
      "geometry": {
        "type": "Point",
        "coordinates": [
          3.492741,
          6.592277
        ]
      },
      "properties": {
        "node_id": "J1569",
        "hours_flooded": 0.56,
        "max_rate_cms": 0.995,
        "total_vol_10e6l": 1.161,
        "max_ponded_m": 0.0,
        "elevation_m": 8.94,
        "flood_class": "Moderate",
        "colour": "#FF8F00",
        "pct_nonconverging": null,
        "label": "J1569 | Moderate | rate=0.99cms | flooded=0.6h | vol=1.2e6L"
      }
    },
    {
      "type": "Feature",
      "geometry": {
        "type": "Point",
        "coordinates": [
          3.374497,
          6.600754
        ]
      },
      "properties": {
        "node_id": "J0577",
        "hours_flooded": 2.37,
        "max_rate_cms": 0.989,
        "total_vol_10e6l": 4.239,
        "max_ponded_m": 0.0,
        "elevation_m": 35.87,
        "flood_class": "Moderate",
        "colour": "#FF8F00",
        "pct_nonconverging": null,
        "label": "J0577 | Moderate | rate=0.99cms | flooded=2.4h | vol=4.2e6L"
      }
    },
    {
      "type": "Feature",
      "geometry": {
        "type": "Point",
        "coordinates": [
          3.483554,
          6.628929
        ]
      },
      "properties": {
        "node_id": "J2175",
        "hours_flooded": 3.93,
        "max_rate_cms": 0.989,
        "total_vol_10e6l": 9.661,
        "max_ponded_m": 0.0,
        "elevation_m": 9.12,
        "flood_class": "Moderate",
        "colour": "#FF8F00",
        "pct_nonconverging": null,
        "label": "J2175 | Moderate | rate=0.99cms | flooded=3.9h | vol=9.7e6L"
      }
    },
    {
      "type": "Feature",
      "geometry": {
        "type": "Point",
        "coordinates": [
          3.397469,
          6.616777
        ]
      },
      "properties": {
        "node_id": "J2045",
        "hours_flooded": 1.02,
        "max_rate_cms": 0.985,
        "total_vol_10e6l": 1.625,
        "max_ponded_m": 0.0,
        "elevation_m": 13.7,
        "flood_class": "Moderate",
        "colour": "#FF8F00",
        "pct_nonconverging": null,
        "label": "J2045 | Moderate | rate=0.98cms | flooded=1.0h | vol=1.6e6L"
      }
    },
    {
      "type": "Feature",
      "geometry": {
        "type": "Point",
        "coordinates": [
          3.375548,
          6.583483
        ]
      },
      "properties": {
        "node_id": "J0122",
        "hours_flooded": 1.18,
        "max_rate_cms": 0.982,
        "total_vol_10e6l": 2.704,
        "max_ponded_m": 0.0,
        "elevation_m": 17.83,
        "flood_class": "Moderate",
        "colour": "#FF8F00",
        "pct_nonconverging": null,
        "label": "J0122 | Moderate | rate=0.98cms | flooded=1.2h | vol=2.7e6L"
      }
    },
    {
      "type": "Feature",
      "geometry": {
        "type": "Point",
        "coordinates": [
          3.39689,
          6.613521
        ]
      },
      "properties": {
        "node_id": "J2043",
        "hours_flooded": 5.27,
        "max_rate_cms": 0.981,
        "total_vol_10e6l": 5.387,
        "max_ponded_m": 0.0,
        "elevation_m": 2.12,
        "flood_class": "Moderate",
        "colour": "#FF8F00",
        "pct_nonconverging": null,
        "label": "J2043 | Moderate | rate=0.98cms | flooded=5.3h | vol=5.4e6L"
      }
    },
    {
      "type": "Feature",
      "geometry": {
        "type": "Point",
        "coordinates": [
          3.487056,
          6.602695
        ]
      },
      "properties": {
        "node_id": "J0722",
        "hours_flooded": 0.83,
        "max_rate_cms": 0.979,
        "total_vol_10e6l": 1.334,
        "max_ponded_m": 0.0,
        "elevation_m": 2.82,
        "flood_class": "Moderate",
        "colour": "#FF8F00",
        "pct_nonconverging": null,
        "label": "J0722 | Moderate | rate=0.98cms | flooded=0.8h | vol=1.3e6L"
      }
    },
    {
      "type": "Feature",
      "geometry": {
        "type": "Point",
        "coordinates": [
          3.486968,
          6.574944
        ]
      },
      "properties": {
        "node_id": "J1614",
        "hours_flooded": 0.52,
        "max_rate_cms": 0.975,
        "total_vol_10e6l": 0.356,
        "max_ponded_m": 0.0,
        "elevation_m": 6.58,
        "flood_class": "Moderate",
        "colour": "#FF8F00",
        "pct_nonconverging": null,
        "label": "J1614 | Moderate | rate=0.97cms | flooded=0.5h | vol=0.4e6L"
      }
    },
    {
      "type": "Feature",
      "geometry": {
        "type": "Point",
        "coordinates": [
          3.489149,
          6.58037
        ]
      },
      "properties": {
        "node_id": "J1597",
        "hours_flooded": 1.19,
        "max_rate_cms": 0.969,
        "total_vol_10e6l": 1.713,
        "max_ponded_m": 0.0,
        "elevation_m": 6.11,
        "flood_class": "Moderate",
        "colour": "#FF8F00",
        "pct_nonconverging": null,
        "label": "J1597 | Moderate | rate=0.97cms | flooded=1.2h | vol=1.7e6L"
      }
    },
    {
      "type": "Feature",
      "geometry": {
        "type": "Point",
        "coordinates": [
          3.397521,
          6.596436
        ]
      },
      "properties": {
        "node_id": "J1099",
        "hours_flooded": 5.24,
        "max_rate_cms": 0.965,
        "total_vol_10e6l": 5.313,
        "max_ponded_m": 0.0,
        "elevation_m": 4.97,
        "flood_class": "Moderate",
        "colour": "#FF8F00",
        "pct_nonconverging": null,
        "label": "J1099 | Moderate | rate=0.96cms | flooded=5.2h | vol=5.3e6L"
      }
    },
    {
      "type": "Feature",
      "geometry": {
        "type": "Point",
        "coordinates": [
          3.385417,
          6.548444
        ]
      },
      "properties": {
        "node_id": "J0080",
        "hours_flooded": 0.54,
        "max_rate_cms": 0.964,
        "total_vol_10e6l": 1.172,
        "max_ponded_m": 0.0,
        "elevation_m": 7.16,
        "flood_class": "Moderate",
        "colour": "#FF8F00",
        "pct_nonconverging": null,
        "label": "J0080 | Moderate | rate=0.96cms | flooded=0.5h | vol=1.2e6L"
      }
    },
    {
      "type": "Feature",
      "geometry": {
        "type": "Point",
        "coordinates": [
          3.40153,
          6.54917
        ]
      },
      "properties": {
        "node_id": "J2065",
        "hours_flooded": 2.06,
        "max_rate_cms": 0.963,
        "total_vol_10e6l": 4.364,
        "max_ponded_m": 0.0,
        "elevation_m": 9.94,
        "flood_class": "Moderate",
        "colour": "#FF8F00",
        "pct_nonconverging": null,
        "label": "J2065 | Moderate | rate=0.96cms | flooded=2.1h | vol=4.4e6L"
      }
    },
    {
      "type": "Feature",
      "geometry": {
        "type": "Point",
        "coordinates": [
          3.383803,
          6.586328
        ]
      },
      "properties": {
        "node_id": "J0887",
        "hours_flooded": 0.01,
        "max_rate_cms": 0.954,
        "total_vol_10e6l": 0.001,
        "max_ponded_m": 0.0,
        "elevation_m": 5.94,
        "flood_class": "Moderate",
        "colour": "#FF8F00",
        "pct_nonconverging": null,
        "label": "J0887 | Moderate | rate=0.95cms | flooded=0.0h | vol=0.0e6L"
      }
    },
    {
      "type": "Feature",
      "geometry": {
        "type": "Point",
        "coordinates": [
          3.400553,
          6.605214
        ]
      },
      "properties": {
        "node_id": "J1745",
        "hours_flooded": 3.46,
        "max_rate_cms": 0.954,
        "total_vol_10e6l": 6.859,
        "max_ponded_m": 0.0,
        "elevation_m": 2.98,
        "flood_class": "Moderate",
        "colour": "#FF8F00",
        "pct_nonconverging": null,
        "label": "J1745 | Moderate | rate=0.95cms | flooded=3.5h | vol=6.9e6L"
      }
    },
    {
      "type": "Feature",
      "geometry": {
        "type": "Point",
        "coordinates": [
          3.372514,
          6.578493
        ]
      },
      "properties": {
        "node_id": "J2153",
        "hours_flooded": 0.01,
        "max_rate_cms": 0.947,
        "total_vol_10e6l": 0.002,
        "max_ponded_m": 0.0,
        "elevation_m": 4.63,
        "flood_class": "Moderate",
        "colour": "#FF8F00",
        "pct_nonconverging": null,
        "label": "J2153 | Moderate | rate=0.95cms | flooded=0.0h | vol=0.0e6L"
      }
    },
    {
      "type": "Feature",
      "geometry": {
        "type": "Point",
        "coordinates": [
          3.401406,
          6.578977
        ]
      },
      "properties": {
        "node_id": "J0986",
        "hours_flooded": 3.03,
        "max_rate_cms": 0.939,
        "total_vol_10e6l": 4.914,
        "max_ponded_m": 0.0,
        "elevation_m": 2.67,
        "flood_class": "Moderate",
        "colour": "#FF8F00",
        "pct_nonconverging": null,
        "label": "J0986 | Moderate | rate=0.94cms | flooded=3.0h | vol=4.9e6L"
      }
    },
    {
      "type": "Feature",
      "geometry": {
        "type": "Point",
        "coordinates": [
          3.37471,
          6.54376
        ]
      },
      "properties": {
        "node_id": "J1457",
        "hours_flooded": 2.53,
        "max_rate_cms": 0.938,
        "total_vol_10e6l": 4.692,
        "max_ponded_m": 0.0,
        "elevation_m": 6.88,
        "flood_class": "Moderate",
        "colour": "#FF8F00",
        "pct_nonconverging": null,
        "label": "J1457 | Moderate | rate=0.94cms | flooded=2.5h | vol=4.7e6L"
      }
    },
    {
      "type": "Feature",
      "geometry": {
        "type": "Point",
        "coordinates": [
          3.390269,
          6.603377
        ]
      },
      "properties": {
        "node_id": "J1894",
        "hours_flooded": 3.15,
        "max_rate_cms": 0.925,
        "total_vol_10e6l": 4.888,
        "max_ponded_m": 0.0,
        "elevation_m": 16.74,
        "flood_class": "Moderate",
        "colour": "#FF8F00",
        "pct_nonconverging": null,
        "label": "J1894 | Moderate | rate=0.93cms | flooded=3.1h | vol=4.9e6L"
      }
    },
    {
      "type": "Feature",
      "geometry": {
        "type": "Point",
        "coordinates": [
          3.378683,
          6.639436
        ]
      },
      "properties": {
        "node_id": "J2010",
        "hours_flooded": 2.39,
        "max_rate_cms": 0.913,
        "total_vol_10e6l": 4.131,
        "max_ponded_m": 0.0,
        "elevation_m": 37.74,
        "flood_class": "Moderate",
        "colour": "#FF8F00",
        "pct_nonconverging": null,
        "label": "J2010 | Moderate | rate=0.91cms | flooded=2.4h | vol=4.1e6L"
      }
    },
    {
      "type": "Feature",
      "geometry": {
        "type": "Point",
        "coordinates": [
          3.378697,
          6.644561
        ]
      },
      "properties": {
        "node_id": "J1376",
        "hours_flooded": 2.84,
        "max_rate_cms": 0.908,
        "total_vol_10e6l": 4.631,
        "max_ponded_m": 0.0,
        "elevation_m": 34.73,
        "flood_class": "Moderate",
        "colour": "#FF8F00",
        "pct_nonconverging": null,
        "label": "J1376 | Moderate | rate=0.91cms | flooded=2.8h | vol=4.6e6L"
      }
    },
    {
      "type": "Feature",
      "geometry": {
        "type": "Point",
        "coordinates": [
          3.396478,
          6.600776
        ]
      },
      "properties": {
        "node_id": "J1189",
        "hours_flooded": 1.22,
        "max_rate_cms": 0.907,
        "total_vol_10e6l": 1.756,
        "max_ponded_m": 0.0,
        "elevation_m": 9.86,
        "flood_class": "Moderate",
        "colour": "#FF8F00",
        "pct_nonconverging": null,
        "label": "J1189 | Moderate | rate=0.91cms | flooded=1.2h | vol=1.8e6L"
      }
    },
    {
      "type": "Feature",
      "geometry": {
        "type": "Point",
        "coordinates": [
          3.376692,
          6.631212
        ]
      },
      "properties": {
        "node_id": "J0421",
        "hours_flooded": 2.63,
        "max_rate_cms": 0.906,
        "total_vol_10e6l": 4.521,
        "max_ponded_m": 0.0,
        "elevation_m": 32.25,
        "flood_class": "Moderate",
        "colour": "#FF8F00",
        "pct_nonconverging": null,
        "label": "J0421 | Moderate | rate=0.91cms | flooded=2.6h | vol=4.5e6L"
      }
    },
    {
      "type": "Feature",
      "geometry": {
        "type": "Point",
        "coordinates": [
          3.507112,
          6.550758
        ]
      },
      "properties": {
        "node_id": "J0766",
        "hours_flooded": 1.66,
        "max_rate_cms": 0.901,
        "total_vol_10e6l": 2.695,
        "max_ponded_m": 0.0,
        "elevation_m": 5.17,
        "flood_class": "Moderate",
        "colour": "#FF8F00",
        "pct_nonconverging": null,
        "label": "J0766 | Moderate | rate=0.90cms | flooded=1.7h | vol=2.7e6L"
      }
    },
    {
      "type": "Feature",
      "geometry": {
        "type": "Point",
        "coordinates": [
          3.390605,
          6.550161
        ]
      },
      "properties": {
        "node_id": "J0215",
        "hours_flooded": 1.4,
        "max_rate_cms": 0.897,
        "total_vol_10e6l": 1.543,
        "max_ponded_m": 0.0,
        "elevation_m": 6.74,
        "flood_class": "Moderate",
        "colour": "#FF8F00",
        "pct_nonconverging": null,
        "label": "J0215 | Moderate | rate=0.90cms | flooded=1.4h | vol=1.5e6L"
      }
    },
    {
      "type": "Feature",
      "geometry": {
        "type": "Point",
        "coordinates": [
          3.374621,
          6.63582
        ]
      },
      "properties": {
        "node_id": "J0467",
        "hours_flooded": 3.01,
        "max_rate_cms": 0.894,
        "total_vol_10e6l": 6.926,
        "max_ponded_m": 0.0,
        "elevation_m": 25.36,
        "flood_class": "Moderate",
        "colour": "#FF8F00",
        "pct_nonconverging": null,
        "label": "J0467 | Moderate | rate=0.89cms | flooded=3.0h | vol=6.9e6L"
      }
    },
    {
      "type": "Feature",
      "geometry": {
        "type": "Point",
        "coordinates": [
          3.371888,
          6.578368
        ]
      },
      "properties": {
        "node_id": "J2142",
        "hours_flooded": 3.32,
        "max_rate_cms": 0.885,
        "total_vol_10e6l": 4.487,
        "max_ponded_m": 0.0,
        "elevation_m": 4.63,
        "flood_class": "Moderate",
        "colour": "#FF8F00",
        "pct_nonconverging": null,
        "label": "J2142 | Moderate | rate=0.89cms | flooded=3.3h | vol=4.5e6L"
      }
    },
    {
      "type": "Feature",
      "geometry": {
        "type": "Point",
        "coordinates": [
          3.492703,
          6.592095
        ]
      },
      "properties": {
        "node_id": "J1570",
        "hours_flooded": 0.96,
        "max_rate_cms": 0.884,
        "total_vol_10e6l": 1.706,
        "max_ponded_m": 0.0,
        "elevation_m": 8.94,
        "flood_class": "Moderate",
        "colour": "#FF8F00",
        "pct_nonconverging": null,
        "label": "J1570 | Moderate | rate=0.88cms | flooded=1.0h | vol=1.7e6L"
      }
    },
    {
      "type": "Feature",
      "geometry": {
        "type": "Point",
        "coordinates": [
          3.402433,
          6.545596
        ]
      },
      "properties": {
        "node_id": "J1822",
        "hours_flooded": 2.73,
        "max_rate_cms": 0.884,
        "total_vol_10e6l": 6.081,
        "max_ponded_m": 0.0,
        "elevation_m": 9.46,
        "flood_class": "Moderate",
        "colour": "#FF8F00",
        "pct_nonconverging": null,
        "label": "J1822 | Moderate | rate=0.88cms | flooded=2.7h | vol=6.1e6L"
      }
    },
    {
      "type": "Feature",
      "geometry": {
        "type": "Point",
        "coordinates": [
          3.383981,
          6.586001
        ]
      },
      "properties": {
        "node_id": "J0889",
        "hours_flooded": 0.01,
        "max_rate_cms": 0.882,
        "total_vol_10e6l": 0.001,
        "max_ponded_m": 0.0,
        "elevation_m": 5.94,
        "flood_class": "Moderate",
        "colour": "#FF8F00",
        "pct_nonconverging": null,
        "label": "J0889 | Moderate | rate=0.88cms | flooded=0.0h | vol=0.0e6L"
      }
    },
    {
      "type": "Feature",
      "geometry": {
        "type": "Point",
        "coordinates": [
          3.40601,
          6.548553
        ]
      },
      "properties": {
        "node_id": "J1776",
        "hours_flooded": 5.36,
        "max_rate_cms": 0.88,
        "total_vol_10e6l": 4.85,
        "max_ponded_m": 0.0,
        "elevation_m": 8.03,
        "flood_class": "Moderate",
        "colour": "#FF8F00",
        "pct_nonconverging": null,
        "label": "J1776 | Moderate | rate=0.88cms | flooded=5.4h | vol=4.8e6L"
      }
    },
    {
      "type": "Feature",
      "geometry": {
        "type": "Point",
        "coordinates": [
          3.398222,
          6.607105
        ]
      },
      "properties": {
        "node_id": "J1202",
        "hours_flooded": 1.63,
        "max_rate_cms": 0.879,
        "total_vol_10e6l": 3.392,
        "max_ponded_m": 0.0,
        "elevation_m": 4.65,
        "flood_class": "Moderate",
        "colour": "#FF8F00",
        "pct_nonconverging": null,
        "label": "J1202 | Moderate | rate=0.88cms | flooded=1.6h | vol=3.4e6L"
      }
    },
    {
      "type": "Feature",
      "geometry": {
        "type": "Point",
        "coordinates": [
          3.40268,
          6.544819
        ]
      },
      "properties": {
        "node_id": "J1825",
        "hours_flooded": 1.46,
        "max_rate_cms": 0.867,
        "total_vol_10e6l": 2.07,
        "max_ponded_m": 0.0,
        "elevation_m": 9.46,
        "flood_class": "Moderate",
        "colour": "#FF8F00",
        "pct_nonconverging": null,
        "label": "J1825 | Moderate | rate=0.87cms | flooded=1.5h | vol=2.1e6L"
      }
    },
    {
      "type": "Feature",
      "geometry": {
        "type": "Point",
        "coordinates": [
          3.374029,
          6.543891
        ]
      },
      "properties": {
        "node_id": "J0025",
        "hours_flooded": 2.67,
        "max_rate_cms": 0.864,
        "total_vol_10e6l": 4.433,
        "max_ponded_m": 0.0,
        "elevation_m": 6.88,
        "flood_class": "Moderate",
        "colour": "#FF8F00",
        "pct_nonconverging": null,
        "label": "J0025 | Moderate | rate=0.86cms | flooded=2.7h | vol=4.4e6L"
      }
    },
    {
      "type": "Feature",
      "geometry": {
        "type": "Point",
        "coordinates": [
          3.401572,
          6.575092
        ]
      },
      "properties": {
        "node_id": "J0955",
        "hours_flooded": 5.32,
        "max_rate_cms": 0.864,
        "total_vol_10e6l": 12.15,
        "max_ponded_m": 0.0,
        "elevation_m": 1.51,
        "flood_class": "Moderate",
        "colour": "#FF8F00",
        "pct_nonconverging": null,
        "label": "J0955 | Moderate | rate=0.86cms | flooded=5.3h | vol=12.2e6L"
      }
    },
    {
      "type": "Feature",
      "geometry": {
        "type": "Point",
        "coordinates": [
          3.481634,
          6.612131
        ]
      },
      "properties": {
        "node_id": "J0688",
        "hours_flooded": 0.65,
        "max_rate_cms": 0.861,
        "total_vol_10e6l": 0.944,
        "max_ponded_m": 0.0,
        "elevation_m": 3.13,
        "flood_class": "Moderate",
        "colour": "#FF8F00",
        "pct_nonconverging": null,
        "label": "J0688 | Moderate | rate=0.86cms | flooded=0.7h | vol=0.9e6L"
      }
    },
    {
      "type": "Feature",
      "geometry": {
        "type": "Point",
        "coordinates": [
          3.380699,
          6.54067
        ]
      },
      "properties": {
        "node_id": "J1464",
        "hours_flooded": 5.27,
        "max_rate_cms": 0.86,
        "total_vol_10e6l": 4.731,
        "max_ponded_m": 0.0,
        "elevation_m": 3.45,
        "flood_class": "Moderate",
        "colour": "#FF8F00",
        "pct_nonconverging": null,
        "label": "J1464 | Moderate | rate=0.86cms | flooded=5.3h | vol=4.7e6L"
      }
    },
    {
      "type": "Feature",
      "geometry": {
        "type": "Point",
        "coordinates": [
          3.375272,
          6.543665
        ]
      },
      "properties": {
        "node_id": "J1459",
        "hours_flooded": 1.85,
        "max_rate_cms": 0.856,
        "total_vol_10e6l": 3.356,
        "max_ponded_m": 0.0,
        "elevation_m": 6.88,
        "flood_class": "Moderate",
        "colour": "#FF8F00",
        "pct_nonconverging": null,
        "label": "J1459 | Moderate | rate=0.86cms | flooded=1.9h | vol=3.4e6L"
      }
    },
    {
      "type": "Feature",
      "geometry": {
        "type": "Point",
        "coordinates": [
          3.380336,
          6.599638
        ]
      },
      "properties": {
        "node_id": "J0353",
        "hours_flooded": 1.5,
        "max_rate_cms": 0.852,
        "total_vol_10e6l": 2.543,
        "max_ponded_m": 0.0,
        "elevation_m": 28.21,
        "flood_class": "Moderate",
        "colour": "#FF8F00",
        "pct_nonconverging": null,
        "label": "J0353 | Moderate | rate=0.85cms | flooded=1.5h | vol=2.5e6L"
      }
    },
    {
      "type": "Feature",
      "geometry": {
        "type": "Point",
        "coordinates": [
          3.392902,
          6.540963
        ]
      },
      "properties": {
        "node_id": "J0183",
        "hours_flooded": 4.96,
        "max_rate_cms": 0.85,
        "total_vol_10e6l": 4.475,
        "max_ponded_m": 0.0,
        "elevation_m": 0.71,
        "flood_class": "Moderate",
        "colour": "#FF8F00",
        "pct_nonconverging": null,
        "label": "J0183 | Moderate | rate=0.85cms | flooded=5.0h | vol=4.5e6L"
      }
    },
    {
      "type": "Feature",
      "geometry": {
        "type": "Point",
        "coordinates": [
          3.47837,
          6.613463
        ]
      },
      "properties": {
        "node_id": "J0686",
        "hours_flooded": 0.59,
        "max_rate_cms": 0.849,
        "total_vol_10e6l": 0.682,
        "max_ponded_m": 0.0,
        "elevation_m": 2.36,
        "flood_class": "Moderate",
        "colour": "#FF8F00",
        "pct_nonconverging": null,
        "label": "J0686 | Moderate | rate=0.85cms | flooded=0.6h | vol=0.7e6L"
      }
    },
    {
      "type": "Feature",
      "geometry": {
        "type": "Point",
        "coordinates": [
          3.397239,
          6.615159
        ]
      },
      "properties": {
        "node_id": "J1406",
        "hours_flooded": 1.02,
        "max_rate_cms": 0.849,
        "total_vol_10e6l": 1.391,
        "max_ponded_m": 0.0,
        "elevation_m": 3.58,
        "flood_class": "Moderate",
        "colour": "#FF8F00",
        "pct_nonconverging": null,
        "label": "J1406 | Moderate | rate=0.85cms | flooded=1.0h | vol=1.4e6L"
      }
    },
    {
      "type": "Feature",
      "geometry": {
        "type": "Point",
        "coordinates": [
          3.487682,
          6.602632
        ]
      },
      "properties": {
        "node_id": "J0724",
        "hours_flooded": 1.49,
        "max_rate_cms": 0.846,
        "total_vol_10e6l": 3.083,
        "max_ponded_m": 0.0,
        "elevation_m": 2.82,
        "flood_class": "Moderate",
        "colour": "#FF8F00",
        "pct_nonconverging": null,
        "label": "J0724 | Moderate | rate=0.85cms | flooded=1.5h | vol=3.1e6L"
      }
    },
    {
      "type": "Feature",
      "geometry": {
        "type": "Point",
        "coordinates": [
          3.379212,
          6.541737
        ]
      },
      "properties": {
        "node_id": "J2062",
        "hours_flooded": 5.09,
        "max_rate_cms": 0.841,
        "total_vol_10e6l": 4.543,
        "max_ponded_m": 0.0,
        "elevation_m": 3.45,
        "flood_class": "Moderate",
        "colour": "#FF8F00",
        "pct_nonconverging": null,
        "label": "J2062 | Moderate | rate=0.84cms | flooded=5.1h | vol=4.5e6L"
      }
    },
    {
      "type": "Feature",
      "geometry": {
        "type": "Point",
        "coordinates": [
          3.396937,
          6.618426
        ]
      },
      "properties": {
        "node_id": "J1396",
        "hours_flooded": 2.49,
        "max_rate_cms": 0.833,
        "total_vol_10e6l": 4.103,
        "max_ponded_m": 0.0,
        "elevation_m": 13.7,
        "flood_class": "Moderate",
        "colour": "#FF8F00",
        "pct_nonconverging": null,
        "label": "J1396 | Moderate | rate=0.83cms | flooded=2.5h | vol=4.1e6L"
      }
    },
    {
      "type": "Feature",
      "geometry": {
        "type": "Point",
        "coordinates": [
          3.479476,
          6.568006
        ]
      },
      "properties": {
        "node_id": "J1634",
        "hours_flooded": 0.01,
        "max_rate_cms": 0.821,
        "total_vol_10e6l": 0.001,
        "max_ponded_m": 0.0,
        "elevation_m": 5.9,
        "flood_class": "Moderate",
        "colour": "#FF8F00",
        "pct_nonconverging": null,
        "label": "J1634 | Moderate | rate=0.82cms | flooded=0.0h | vol=0.0e6L"
      }
    },
    {
      "type": "Feature",
      "geometry": {
        "type": "Point",
        "coordinates": [
          3.377232,
          6.601739
        ]
      },
      "properties": {
        "node_id": "J0388",
        "hours_flooded": 1.5,
        "max_rate_cms": 0.82,
        "total_vol_10e6l": 2.574,
        "max_ponded_m": 0.0,
        "elevation_m": 32.14,
        "flood_class": "Moderate",
        "colour": "#FF8F00",
        "pct_nonconverging": null,
        "label": "J0388 | Moderate | rate=0.82cms | flooded=1.5h | vol=2.6e6L"
      }
    },
    {
      "type": "Feature",
      "geometry": {
        "type": "Point",
        "coordinates": [
          3.37119,
          6.605331
        ]
      },
      "properties": {
        "node_id": "J0585",
        "hours_flooded": 1.51,
        "max_rate_cms": 0.816,
        "total_vol_10e6l": 2.36,
        "max_ponded_m": 0.0,
        "elevation_m": 40.5,
        "flood_class": "Moderate",
        "colour": "#FF8F00",
        "pct_nonconverging": null,
        "label": "J0585 | Moderate | rate=0.82cms | flooded=1.5h | vol=2.4e6L"
      }
    },
    {
      "type": "Feature",
      "geometry": {
        "type": "Point",
        "coordinates": [
          3.402626,
          6.603948
        ]
      },
      "properties": {
        "node_id": "J1842",
        "hours_flooded": 3.3,
        "max_rate_cms": 0.811,
        "total_vol_10e6l": 4.314,
        "max_ponded_m": 0.0,
        "elevation_m": 2.99,
        "flood_class": "Moderate",
        "colour": "#FF8F00",
        "pct_nonconverging": null,
        "label": "J1842 | Moderate | rate=0.81cms | flooded=3.3h | vol=4.3e6L"
      }
    },
    {
      "type": "Feature",
      "geometry": {
        "type": "Point",
        "coordinates": [
          3.376628,
          6.63104
        ]
      },
      "properties": {
        "node_id": "J0420",
        "hours_flooded": 2.51,
        "max_rate_cms": 0.807,
        "total_vol_10e6l": 3.202,
        "max_ponded_m": 0.0,
        "elevation_m": 32.25,
        "flood_class": "Moderate",
        "colour": "#FF8F00",
        "pct_nonconverging": null,
        "label": "J0420 | Moderate | rate=0.81cms | flooded=2.5h | vol=3.2e6L"
      }
    },
    {
      "type": "Feature",
      "geometry": {
        "type": "Point",
        "coordinates": [
          3.393023,
          6.592507
        ]
      },
      "properties": {
        "node_id": "J1122",
        "hours_flooded": 1.11,
        "max_rate_cms": 0.79,
        "total_vol_10e6l": 1.28,
        "max_ponded_m": 0.0,
        "elevation_m": 7.85,
        "flood_class": "Moderate",
        "colour": "#FF8F00",
        "pct_nonconverging": null,
        "label": "J1122 | Moderate | rate=0.79cms | flooded=1.1h | vol=1.3e6L"
      }
    },
    {
      "type": "Feature",
      "geometry": {
        "type": "Point",
        "coordinates": [
          3.374839,
          6.636513
        ]
      },
      "properties": {
        "node_id": "J0446",
        "hours_flooded": 5.3,
        "max_rate_cms": 0.778,
        "total_vol_10e6l": 8.07,
        "max_ponded_m": 0.0,
        "elevation_m": 24.63,
        "flood_class": "Moderate",
        "colour": "#FF8F00",
        "pct_nonconverging": null,
        "label": "J0446 | Moderate | rate=0.78cms | flooded=5.3h | vol=8.1e6L"
      }
    },
    {
      "type": "Feature",
      "geometry": {
        "type": "Point",
        "coordinates": [
          3.405064,
          6.54876
        ]
      },
      "properties": {
        "node_id": "J1774",
        "hours_flooded": 0.87,
        "max_rate_cms": 0.774,
        "total_vol_10e6l": 1.197,
        "max_ponded_m": 0.0,
        "elevation_m": 10.76,
        "flood_class": "Moderate",
        "colour": "#FF8F00",
        "pct_nonconverging": null,
        "label": "J1774 | Moderate | rate=0.77cms | flooded=0.9h | vol=1.2e6L"
      }
    },
    {
      "type": "Feature",
      "geometry": {
        "type": "Point",
        "coordinates": [
          3.385779,
          6.580723
        ]
      },
      "properties": {
        "node_id": "J0938",
        "hours_flooded": 5.23,
        "max_rate_cms": 0.77,
        "total_vol_10e6l": 4.207,
        "max_ponded_m": 0.0,
        "elevation_m": 5.88,
        "flood_class": "Moderate",
        "colour": "#FF8F00",
        "pct_nonconverging": null,
        "label": "J0938 | Moderate | rate=0.77cms | flooded=5.2h | vol=4.2e6L"
      }
    },
    {
      "type": "Feature",
      "geometry": {
        "type": "Point",
        "coordinates": [
          3.490932,
          6.583978
        ]
      },
      "properties": {
        "node_id": "J1588",
        "hours_flooded": 5.25,
        "max_rate_cms": 0.77,
        "total_vol_10e6l": 4.224,
        "max_ponded_m": 0.0,
        "elevation_m": 2.92,
        "flood_class": "Moderate",
        "colour": "#FF8F00",
        "pct_nonconverging": null,
        "label": "J1588 | Moderate | rate=0.77cms | flooded=5.2h | vol=4.2e6L"
      }
    },
    {
      "type": "Feature",
      "geometry": {
        "type": "Point",
        "coordinates": [
          3.400381,
          6.59177
        ]
      },
      "properties": {
        "node_id": "J1018",
        "hours_flooded": 1.51,
        "max_rate_cms": 0.765,
        "total_vol_10e6l": 2.129,
        "max_ponded_m": 0.0,
        "elevation_m": 9.24,
        "flood_class": "Moderate",
        "colour": "#FF8F00",
        "pct_nonconverging": null,
        "label": "J1018 | Moderate | rate=0.77cms | flooded=1.5h | vol=2.1e6L"
      }
    },
    {
      "type": "Feature",
      "geometry": {
        "type": "Point",
        "coordinates": [
          3.378361,
          6.639423
        ]
      },
      "properties": {
        "node_id": "J2011",
        "hours_flooded": 1.59,
        "max_rate_cms": 0.764,
        "total_vol_10e6l": 2.187,
        "max_ponded_m": 0.0,
        "elevation_m": 37.74,
        "flood_class": "Moderate",
        "colour": "#FF8F00",
        "pct_nonconverging": null,
        "label": "J2011 | Moderate | rate=0.76cms | flooded=1.6h | vol=2.2e6L"
      }
    },
    {
      "type": "Feature",
      "geometry": {
        "type": "Point",
        "coordinates": [
          3.404104,
          6.603476
        ]
      },
      "properties": {
        "node_id": "J1855",
        "hours_flooded": 5.31,
        "max_rate_cms": 0.757,
        "total_vol_10e6l": 4.141,
        "max_ponded_m": 0.0,
        "elevation_m": 2.72,
        "flood_class": "Moderate",
        "colour": "#FF8F00",
        "pct_nonconverging": null,
        "label": "J1855 | Moderate | rate=0.76cms | flooded=5.3h | vol=4.1e6L"
      }
    },
    {
      "type": "Feature",
      "geometry": {
        "type": "Point",
        "coordinates": [
          3.396081,
          6.611674
        ]
      },
      "properties": {
        "node_id": "J1446",
        "hours_flooded": 0.67,
        "max_rate_cms": 0.755,
        "total_vol_10e6l": 1.162,
        "max_ponded_m": 0.0,
        "elevation_m": 6.58,
        "flood_class": "Moderate",
        "colour": "#FF8F00",
        "pct_nonconverging": null,
        "label": "J1446 | Moderate | rate=0.76cms | flooded=0.7h | vol=1.2e6L"
      }
    },
    {
      "type": "Feature",
      "geometry": {
        "type": "Point",
        "coordinates": [
          3.382565,
          6.599939
        ]
      },
      "properties": {
        "node_id": "J0357",
        "hours_flooded": 1.35,
        "max_rate_cms": 0.753,
        "total_vol_10e6l": 1.469,
        "max_ponded_m": 0.0,
        "elevation_m": 24.4,
        "flood_class": "Moderate",
        "colour": "#FF8F00",
        "pct_nonconverging": null,
        "label": "J0357 | Moderate | rate=0.75cms | flooded=1.4h | vol=1.5e6L"
      }
    },
    {
      "type": "Feature",
      "geometry": {
        "type": "Point",
        "coordinates": [
          3.364873,
          6.62582
        ]
      },
      "properties": {
        "node_id": "J1245",
        "hours_flooded": 5.01,
        "max_rate_cms": 0.752,
        "total_vol_10e6l": 6.269,
        "max_ponded_m": 0.0,
        "elevation_m": 4.56,
        "flood_class": "Moderate",
        "colour": "#FF8F00",
        "pct_nonconverging": null,
        "label": "J1245 | Moderate | rate=0.75cms | flooded=5.0h | vol=6.3e6L"
      }
    },
    {
      "type": "Feature",
      "geometry": {
        "type": "Point",
        "coordinates": [
          3.374307,
          6.590518
        ]
      },
      "properties": {
        "node_id": "J0556",
        "hours_flooded": 5.08,
        "max_rate_cms": 0.749,
        "total_vol_10e6l": 4.0,
        "max_ponded_m": 0.0,
        "elevation_m": 23.43,
        "flood_class": "Moderate",
        "colour": "#FF8F00",
        "pct_nonconverging": null,
        "label": "J0556 | Moderate | rate=0.75cms | flooded=5.1h | vol=4.0e6L"
      }
    },
    {
      "type": "Feature",
      "geometry": {
        "type": "Point",
        "coordinates": [
          3.39874,
          6.551616
        ]
      },
      "properties": {
        "node_id": "J0275",
        "hours_flooded": 2.51,
        "max_rate_cms": 0.748,
        "total_vol_10e6l": 3.691,
        "max_ponded_m": 0.0,
        "elevation_m": 7.98,
        "flood_class": "Moderate",
        "colour": "#FF8F00",
        "pct_nonconverging": null,
        "label": "J0275 | Moderate | rate=0.75cms | flooded=2.5h | vol=3.7e6L"
      }
    },
    {
      "type": "Feature",
      "geometry": {
        "type": "Point",
        "coordinates": [
          3.378967,
          6.644665
        ]
      },
      "properties": {
        "node_id": "J1375",
        "hours_flooded": 2.99,
        "max_rate_cms": 0.744,
        "total_vol_10e6l": 3.829,
        "max_ponded_m": 0.0,
        "elevation_m": 34.73,
        "flood_class": "Moderate",
        "colour": "#FF8F00",
        "pct_nonconverging": null,
        "label": "J1375 | Moderate | rate=0.74cms | flooded=3.0h | vol=3.8e6L"
      }
    },
    {
      "type": "Feature",
      "geometry": {
        "type": "Point",
        "coordinates": [
          3.373524,
          6.54407
        ]
      },
      "properties": {
        "node_id": "J0023",
        "hours_flooded": 2.95,
        "max_rate_cms": 0.736,
        "total_vol_10e6l": 3.85,
        "max_ponded_m": 0.0,
        "elevation_m": 6.88,
        "flood_class": "Moderate",
        "colour": "#FF8F00",
        "pct_nonconverging": null,
        "label": "J0023 | Moderate | rate=0.74cms | flooded=3.0h | vol=3.9e6L"
      }
    },
    {
      "type": "Feature",
      "geometry": {
        "type": "Point",
        "coordinates": [
          3.373788,
          6.543954
        ]
      },
      "properties": {
        "node_id": "J0024",
        "hours_flooded": 2.81,
        "max_rate_cms": 0.736,
        "total_vol_10e6l": 3.808,
        "max_ponded_m": 0.0,
        "elevation_m": 6.88,
        "flood_class": "Moderate",
        "colour": "#FF8F00",
        "pct_nonconverging": null,
        "label": "J0024 | Moderate | rate=0.74cms | flooded=2.8h | vol=3.8e6L"
      }
    },
    {
      "type": "Feature",
      "geometry": {
        "type": "Point",
        "coordinates": [
          3.396125,
          6.596851
        ]
      },
      "properties": {
        "node_id": "J1102",
        "hours_flooded": 5.23,
        "max_rate_cms": 0.735,
        "total_vol_10e6l": 3.853,
        "max_ponded_m": 0.0,
        "elevation_m": 6.77,
        "flood_class": "Moderate",
        "colour": "#FF8F00",
        "pct_nonconverging": null,
        "label": "J1102 | Moderate | rate=0.73cms | flooded=5.2h | vol=3.9e6L"
      }
    },
    {
      "type": "Feature",
      "geometry": {
        "type": "Point",
        "coordinates": [
          3.502336,
          6.544475
        ]
      },
      "properties": {
        "node_id": "J0748",
        "hours_flooded": 5.3,
        "max_rate_cms": 0.726,
        "total_vol_10e6l": 3.97,
        "max_ponded_m": 0.0,
        "elevation_m": 1.7,
        "flood_class": "Moderate",
        "colour": "#FF8F00",
        "pct_nonconverging": null,
        "label": "J0748 | Moderate | rate=0.73cms | flooded=5.3h | vol=4.0e6L"
      }
    },
    {
      "type": "Feature",
      "geometry": {
        "type": "Point",
        "coordinates": [
          3.402312,
          6.604423
        ]
      },
      "properties": {
        "node_id": "J1858",
        "hours_flooded": 2.53,
        "max_rate_cms": 0.712,
        "total_vol_10e6l": 3.321,
        "max_ponded_m": 0.0,
        "elevation_m": 2.99,
        "flood_class": "Moderate",
        "colour": "#FF8F00",
        "pct_nonconverging": null,
        "label": "J1858 | Moderate | rate=0.71cms | flooded=2.5h | vol=3.3e6L"
      }
    },
    {
      "type": "Feature",
      "geometry": {
        "type": "Point",
        "coordinates": [
          3.36932,
          6.558929
        ]
      },
      "properties": {
        "node_id": "J1701",
        "hours_flooded": 0.22,
        "max_rate_cms": 0.71,
        "total_vol_10e6l": 0.294,
        "max_ponded_m": 0.0,
        "elevation_m": 26.81,
        "flood_class": "Moderate",
        "colour": "#FF8F00",
        "pct_nonconverging": null,
        "label": "J1701 | Moderate | rate=0.71cms | flooded=0.2h | vol=0.3e6L"
      }
    },
    {
      "type": "Feature",
      "geometry": {
        "type": "Point",
        "coordinates": [
          3.413068,
          6.611112
        ]
      },
      "properties": {
        "node_id": "J1437",
        "hours_flooded": 3.85,
        "max_rate_cms": 0.709,
        "total_vol_10e6l": 3.826,
        "max_ponded_m": 0.0,
        "elevation_m": 4.86,
        "flood_class": "Moderate",
        "colour": "#FF8F00",
        "pct_nonconverging": null,
        "label": "J1437 | Moderate | rate=0.71cms | flooded=3.9h | vol=3.8e6L"
      }
    },
    {
      "type": "Feature",
      "geometry": {
        "type": "Point",
        "coordinates": [
          3.374717,
          6.582516
        ]
      },
      "properties": {
        "node_id": "J2256",
        "hours_flooded": 1.31,
        "max_rate_cms": 0.707,
        "total_vol_10e6l": 1.792,
        "max_ponded_m": 0.0,
        "elevation_m": 7.13,
        "flood_class": "Moderate",
        "colour": "#FF8F00",
        "pct_nonconverging": null,
        "label": "J2256 | Moderate | rate=0.71cms | flooded=1.3h | vol=1.8e6L"
      }
    },
    {
      "type": "Feature",
      "geometry": {
        "type": "Point",
        "coordinates": [
          3.414515,
          6.60886
        ]
      },
      "properties": {
        "node_id": "J1429",
        "hours_flooded": 0.8,
        "max_rate_cms": 0.706,
        "total_vol_10e6l": 1.088,
        "max_ponded_m": 0.0,
        "elevation_m": 5.54,
        "flood_class": "Moderate",
        "colour": "#FF8F00",
        "pct_nonconverging": null,
        "label": "J1429 | Moderate | rate=0.71cms | flooded=0.8h | vol=1.1e6L"
      }
    },
    {
      "type": "Feature",
      "geometry": {
        "type": "Point",
        "coordinates": [
          3.371267,
          6.640687
        ]
      },
      "properties": {
        "node_id": "J1818",
        "hours_flooded": 5.23,
        "max_rate_cms": 0.701,
        "total_vol_10e6l": 4.05,
        "max_ponded_m": 0.0,
        "elevation_m": 37.79,
        "flood_class": "Moderate",
        "colour": "#FF8F00",
        "pct_nonconverging": null,
        "label": "J1818 | Moderate | rate=0.70cms | flooded=5.2h | vol=4.0e6L"
      }
    },
    {
      "type": "Feature",
      "geometry": {
        "type": "Point",
        "coordinates": [
          3.371989,
          6.592941
        ]
      },
      "properties": {
        "node_id": "J0547",
        "hours_flooded": 2.1,
        "max_rate_cms": 0.697,
        "total_vol_10e6l": 3.02,
        "max_ponded_m": 0.0,
        "elevation_m": 23.73,
        "flood_class": "Moderate",
        "colour": "#FF8F00",
        "pct_nonconverging": null,
        "label": "J0547 | Moderate | rate=0.70cms | flooded=2.1h | vol=3.0e6L"
      }
    },
    {
      "type": "Feature",
      "geometry": {
        "type": "Point",
        "coordinates": [
          3.389588,
          6.602042
        ]
      },
      "properties": {
        "node_id": "J1917",
        "hours_flooded": 1.57,
        "max_rate_cms": 0.696,
        "total_vol_10e6l": 1.662,
        "max_ponded_m": 0.0,
        "elevation_m": 16.74,
        "flood_class": "Moderate",
        "colour": "#FF8F00",
        "pct_nonconverging": null,
        "label": "J1917 | Moderate | rate=0.70cms | flooded=1.6h | vol=1.7e6L"
      }
    },
    {
      "type": "Feature",
      "geometry": {
        "type": "Point",
        "coordinates": [
          3.372735,
          6.544681
        ]
      },
      "properties": {
        "node_id": "J0019",
        "hours_flooded": 3.22,
        "max_rate_cms": 0.694,
        "total_vol_10e6l": 3.712,
        "max_ponded_m": 0.0,
        "elevation_m": 6.88,
        "flood_class": "Moderate",
        "colour": "#FF8F00",
        "pct_nonconverging": null,
        "label": "J0019 | Moderate | rate=0.69cms | flooded=3.2h | vol=3.7e6L"
      }
    },
    {
      "type": "Feature",
      "geometry": {
        "type": "Point",
        "coordinates": [
          3.372392,
          6.544828
        ]
      },
      "properties": {
        "node_id": "J0018",
        "hours_flooded": 3.28,
        "max_rate_cms": 0.69,
        "total_vol_10e6l": 3.7,
        "max_ponded_m": 0.0,
        "elevation_m": 6.88,
        "flood_class": "Moderate",
        "colour": "#FF8F00",
        "pct_nonconverging": null,
        "label": "J0018 | Moderate | rate=0.69cms | flooded=3.3h | vol=3.7e6L"
      }
    },
    {
      "type": "Feature",
      "geometry": {
        "type": "Point",
        "coordinates": [
          3.476707,
          6.561982
        ]
      },
      "properties": {
        "node_id": "J1651",
        "hours_flooded": 0.01,
        "max_rate_cms": 0.688,
        "total_vol_10e6l": 0.001,
        "max_ponded_m": 0.0,
        "elevation_m": 5.99,
        "flood_class": "Moderate",
        "colour": "#FF8F00",
        "pct_nonconverging": null,
        "label": "J1651 | Moderate | rate=0.69cms | flooded=0.0h | vol=0.0e6L"
      }
    },
    {
      "type": "Feature",
      "geometry": {
        "type": "Point",
        "coordinates": [
          3.491586,
          6.584472
        ]
      },
      "properties": {
        "node_id": "J1586",
        "hours_flooded": 5.25,
        "max_rate_cms": 0.687,
        "total_vol_10e6l": 3.807,
        "max_ponded_m": 0.0,
        "elevation_m": 2.92,
        "flood_class": "Moderate",
        "colour": "#FF8F00",
        "pct_nonconverging": null,
        "label": "J1586 | Moderate | rate=0.69cms | flooded=5.2h | vol=3.8e6L"
      }
    },
    {
      "type": "Feature",
      "geometry": {
        "type": "Point",
        "coordinates": [
          3.375971,
          6.629501
        ]
      },
      "properties": {
        "node_id": "J0416",
        "hours_flooded": 0.54,
        "max_rate_cms": 0.683,
        "total_vol_10e6l": 0.828,
        "max_ponded_m": 0.0,
        "elevation_m": 35.53,
        "flood_class": "Moderate",
        "colour": "#FF8F00",
        "pct_nonconverging": null,
        "label": "J0416 | Moderate | rate=0.68cms | flooded=0.5h | vol=0.8e6L"
      }
    },
    {
      "type": "Feature",
      "geometry": {
        "type": "Point",
        "coordinates": [
          3.483739,
          6.628303
        ]
      },
      "properties": {
        "node_id": "J2187",
        "hours_flooded": 3.14,
        "max_rate_cms": 0.683,
        "total_vol_10e6l": 3.609,
        "max_ponded_m": 0.0,
        "elevation_m": 9.12,
        "flood_class": "Moderate",
        "colour": "#FF8F00",
        "pct_nonconverging": null,
        "label": "J2187 | Moderate | rate=0.68cms | flooded=3.1h | vol=3.6e6L"
      }
    },
    {
      "type": "Feature",
      "geometry": {
        "type": "Point",
        "coordinates": [
          3.367942,
          6.582227
        ]
      },
      "properties": {
        "node_id": "J2109",
        "hours_flooded": 2.42,
        "max_rate_cms": 0.682,
        "total_vol_10e6l": 2.979,
        "max_ponded_m": 0.0,
        "elevation_m": 3.61,
        "flood_class": "Moderate",
        "colour": "#FF8F00",
        "pct_nonconverging": null,
        "label": "J2109 | Moderate | rate=0.68cms | flooded=2.4h | vol=3.0e6L"
      }
    },
    {
      "type": "Feature",
      "geometry": {
        "type": "Point",
        "coordinates": [
          3.505628,
          6.548339
        ]
      },
      "properties": {
        "node_id": "J0761",
        "hours_flooded": 1.51,
        "max_rate_cms": 0.675,
        "total_vol_10e6l": 1.738,
        "max_ponded_m": 0.0,
        "elevation_m": 4.3,
        "flood_class": "Moderate",
        "colour": "#FF8F00",
        "pct_nonconverging": null,
        "label": "J0761 | Moderate | rate=0.68cms | flooded=1.5h | vol=1.7e6L"
      }
    },
    {
      "type": "Feature",
      "geometry": {
        "type": "Point",
        "coordinates": [
          3.491178,
          6.584169
        ]
      },
      "properties": {
        "node_id": "J1587",
        "hours_flooded": 5.25,
        "max_rate_cms": 0.673,
        "total_vol_10e6l": 3.711,
        "max_ponded_m": 0.0,
        "elevation_m": 2.92,
        "flood_class": "Moderate",
        "colour": "#FF8F00",
        "pct_nonconverging": null,
        "label": "J1587 | Moderate | rate=0.67cms | flooded=5.2h | vol=3.7e6L"
      }
    },
    {
      "type": "Feature",
      "geometry": {
        "type": "Point",
        "coordinates": [
          3.477157,
          6.649174
        ]
      },
      "properties": {
        "node_id": "J2233",
        "hours_flooded": 1.74,
        "max_rate_cms": 0.664,
        "total_vol_10e6l": 2.036,
        "max_ponded_m": 0.0,
        "elevation_m": 10.34,
        "flood_class": "Moderate",
        "colour": "#FF8F00",
        "pct_nonconverging": null,
        "label": "J2233 | Moderate | rate=0.66cms | flooded=1.7h | vol=2.0e6L"
      }
    },
    {
      "type": "Feature",
      "geometry": {
        "type": "Point",
        "coordinates": [
          3.393465,
          6.607366
        ]
      },
      "properties": {
        "node_id": "J1928",
        "hours_flooded": 5.22,
        "max_rate_cms": 0.652,
        "total_vol_10e6l": 4.34,
        "max_ponded_m": 0.0,
        "elevation_m": 14.96,
        "flood_class": "Moderate",
        "colour": "#FF8F00",
        "pct_nonconverging": null,
        "label": "J1928 | Moderate | rate=0.65cms | flooded=5.2h | vol=4.3e6L"
      }
    },
    {
      "type": "Feature",
      "geometry": {
        "type": "Point",
        "coordinates": [
          3.403562,
          6.603783
        ]
      },
      "properties": {
        "node_id": "J1848",
        "hours_flooded": 5.25,
        "max_rate_cms": 0.651,
        "total_vol_10e6l": 6.087,
        "max_ponded_m": 0.0,
        "elevation_m": 2.72,
        "flood_class": "Moderate",
        "colour": "#FF8F00",
        "pct_nonconverging": null,
        "label": "J1848 | Moderate | rate=0.65cms | flooded=5.2h | vol=6.1e6L"
      }
    },
    {
      "type": "Feature",
      "geometry": {
        "type": "Point",
        "coordinates": [
          3.393369,
          6.574325
        ]
      },
      "properties": {
        "node_id": "J0925",
        "hours_flooded": 0.41,
        "max_rate_cms": 0.644,
        "total_vol_10e6l": 0.538,
        "max_ponded_m": 0.0,
        "elevation_m": 23.73,
        "flood_class": "Moderate",
        "colour": "#FF8F00",
        "pct_nonconverging": null,
        "label": "J0925 | Moderate | rate=0.64cms | flooded=0.4h | vol=0.5e6L"
      }
    },
    {
      "type": "Feature",
      "geometry": {
        "type": "Point",
        "coordinates": [
          3.402635,
          6.549243
        ]
      },
      "properties": {
        "node_id": "J1768",
        "hours_flooded": 1.32,
        "max_rate_cms": 0.634,
        "total_vol_10e6l": 1.449,
        "max_ponded_m": 0.0,
        "elevation_m": 11.53,
        "flood_class": "Moderate",
        "colour": "#FF8F00",
        "pct_nonconverging": null,
        "label": "J1768 | Moderate | rate=0.63cms | flooded=1.3h | vol=1.4e6L"
      }
    },
    {
      "type": "Feature",
      "geometry": {
        "type": "Point",
        "coordinates": [
          3.384386,
          6.600164
        ]
      },
      "properties": {
        "node_id": "J0362",
        "hours_flooded": 1.38,
        "max_rate_cms": 0.633,
        "total_vol_10e6l": 1.293,
        "max_ponded_m": 0.0,
        "elevation_m": 21.43,
        "flood_class": "Moderate",
        "colour": "#FF8F00",
        "pct_nonconverging": null,
        "label": "J0362 | Moderate | rate=0.63cms | flooded=1.4h | vol=1.3e6L"
      }
    },
    {
      "type": "Feature",
      "geometry": {
        "type": "Point",
        "coordinates": [
          3.388816,
          6.556009
        ]
      },
      "properties": {
        "node_id": "J0012",
        "hours_flooded": 0.76,
        "max_rate_cms": 0.629,
        "total_vol_10e6l": 0.932,
        "max_ponded_m": 0.0,
        "elevation_m": 14.38,
        "flood_class": "Moderate",
        "colour": "#FF8F00",
        "pct_nonconverging": null,
        "label": "J0012 | Moderate | rate=0.63cms | flooded=0.8h | vol=0.9e6L"
      }
    },
    {
      "type": "Feature",
      "geometry": {
        "type": "Point",
        "coordinates": [
          3.486191,
          6.603089
        ]
      },
      "properties": {
        "node_id": "J1488",
        "hours_flooded": 0.29,
        "max_rate_cms": 0.628,
        "total_vol_10e6l": 0.261,
        "max_ponded_m": 0.0,
        "elevation_m": 2.44,
        "flood_class": "Moderate",
        "colour": "#FF8F00",
        "pct_nonconverging": null,
        "label": "J1488 | Moderate | rate=0.63cms | flooded=0.3h | vol=0.3e6L"
      }
    },
    {
      "type": "Feature",
      "geometry": {
        "type": "Point",
        "coordinates": [
          3.394373,
          6.608219
        ]
      },
      "properties": {
        "node_id": "J1876",
        "hours_flooded": 3.54,
        "max_rate_cms": 0.627,
        "total_vol_10e6l": 3.362,
        "max_ponded_m": 0.0,
        "elevation_m": 15.21,
        "flood_class": "Moderate",
        "colour": "#FF8F00",
        "pct_nonconverging": null,
        "label": "J1876 | Moderate | rate=0.63cms | flooded=3.5h | vol=3.4e6L"
      }
    },
    {
      "type": "Feature",
      "geometry": {
        "type": "Point",
        "coordinates": [
          3.485479,
          6.5734
        ]
      },
      "properties": {
        "node_id": "J1618",
        "hours_flooded": 0.71,
        "max_rate_cms": 0.624,
        "total_vol_10e6l": 0.892,
        "max_ponded_m": 0.0,
        "elevation_m": 6.25,
        "flood_class": "Moderate",
        "colour": "#FF8F00",
        "pct_nonconverging": null,
        "label": "J1618 | Moderate | rate=0.62cms | flooded=0.7h | vol=0.9e6L"
      }
    },
    {
      "type": "Feature",
      "geometry": {
        "type": "Point",
        "coordinates": [
          3.401403,
          6.579172
        ]
      },
      "properties": {
        "node_id": "J0987",
        "hours_flooded": 3.06,
        "max_rate_cms": 0.622,
        "total_vol_10e6l": 3.274,
        "max_ponded_m": 0.0,
        "elevation_m": 2.67,
        "flood_class": "Moderate",
        "colour": "#FF8F00",
        "pct_nonconverging": null,
        "label": "J0987 | Moderate | rate=0.62cms | flooded=3.1h | vol=3.3e6L"
      }
    },
    {
      "type": "Feature",
      "geometry": {
        "type": "Point",
        "coordinates": [
          3.399646,
          6.54795
        ]
      },
      "properties": {
        "node_id": "J0265",
        "hours_flooded": 0.99,
        "max_rate_cms": 0.62,
        "total_vol_10e6l": 1.162,
        "max_ponded_m": 0.0,
        "elevation_m": 3.28,
        "flood_class": "Moderate",
        "colour": "#FF8F00",
        "pct_nonconverging": null,
        "label": "J0265 | Moderate | rate=0.62cms | flooded=1.0h | vol=1.2e6L"
      }
    },
    {
      "type": "Feature",
      "geometry": {
        "type": "Point",
        "coordinates": [
          3.475352,
          6.554122
        ]
      },
      "properties": {
        "node_id": "J1672",
        "hours_flooded": 0.01,
        "max_rate_cms": 0.62,
        "total_vol_10e6l": 0.003,
        "max_ponded_m": 0.0,
        "elevation_m": 4.79,
        "flood_class": "Moderate",
        "colour": "#FF8F00",
        "pct_nonconverging": null,
        "label": "J1672 | Moderate | rate=0.62cms | flooded=0.0h | vol=0.0e6L"
      }
    },
    {
      "type": "Feature",
      "geometry": {
        "type": "Point",
        "coordinates": [
          3.484192,
          6.626576
        ]
      },
      "properties": {
        "node_id": "J2223",
        "hours_flooded": 1.17,
        "max_rate_cms": 0.617,
        "total_vol_10e6l": 1.144,
        "max_ponded_m": 0.0,
        "elevation_m": 9.55,
        "flood_class": "Moderate",
        "colour": "#FF8F00",
        "pct_nonconverging": null,
        "label": "J2223 | Moderate | rate=0.62cms | flooded=1.2h | vol=1.1e6L"
      }
    },
    {
      "type": "Feature",
      "geometry": {
        "type": "Point",
        "coordinates": [
          3.374378,
          6.640357
        ]
      },
      "properties": {
        "node_id": "J2028",
        "hours_flooded": 3.89,
        "max_rate_cms": 0.616,
        "total_vol_10e6l": 3.19,
        "max_ponded_m": 0.0,
        "elevation_m": 34.11,
        "flood_class": "Moderate",
        "colour": "#FF8F00",
        "pct_nonconverging": null,
        "label": "J2028 | Moderate | rate=0.62cms | flooded=3.9h | vol=3.2e6L"
      }
    },
    {
      "type": "Feature",
      "geometry": {
        "type": "Point",
        "coordinates": [
          3.396772,
          6.613201
        ]
      },
      "properties": {
        "node_id": "J2044",
        "hours_flooded": 4.72,
        "max_rate_cms": 0.614,
        "total_vol_10e6l": 3.287,
        "max_ponded_m": 0.0,
        "elevation_m": 2.12,
        "flood_class": "Moderate",
        "colour": "#FF8F00",
        "pct_nonconverging": null,
        "label": "J2044 | Moderate | rate=0.61cms | flooded=4.7h | vol=3.3e6L"
      }
    },
    {
      "type": "Feature",
      "geometry": {
        "type": "Point",
        "coordinates": [
          3.401402,
          6.549619
        ]
      },
      "properties": {
        "node_id": "J0288",
        "hours_flooded": 1.36,
        "max_rate_cms": 0.611,
        "total_vol_10e6l": 1.453,
        "max_ponded_m": 0.0,
        "elevation_m": 10.65,
        "flood_class": "Moderate",
        "colour": "#FF8F00",
        "pct_nonconverging": null,
        "label": "J0288 | Moderate | rate=0.61cms | flooded=1.4h | vol=1.5e6L"
      }
    },
    {
      "type": "Feature",
      "geometry": {
        "type": "Point",
        "coordinates": [
          3.404361,
          6.548823
        ]
      },
      "properties": {
        "node_id": "J1772",
        "hours_flooded": 1.44,
        "max_rate_cms": 0.608,
        "total_vol_10e6l": 1.931,
        "max_ponded_m": 0.0,
        "elevation_m": 10.76,
        "flood_class": "Moderate",
        "colour": "#FF8F00",
        "pct_nonconverging": null,
        "label": "J1772 | Moderate | rate=0.61cms | flooded=1.4h | vol=1.9e6L"
      }
    },
    {
      "type": "Feature",
      "geometry": {
        "type": "Point",
        "coordinates": [
          3.382382,
          6.599917
        ]
      },
      "properties": {
        "node_id": "J0356",
        "hours_flooded": 1.62,
        "max_rate_cms": 0.606,
        "total_vol_10e6l": 2.354,
        "max_ponded_m": 0.0,
        "elevation_m": 24.4,
        "flood_class": "Moderate",
        "colour": "#FF8F00",
        "pct_nonconverging": null,
        "label": "J0356 | Moderate | rate=0.61cms | flooded=1.6h | vol=2.4e6L"
      }
    },
    {
      "type": "Feature",
      "geometry": {
        "type": "Point",
        "coordinates": [
          3.400393,
          6.593319
        ]
      },
      "properties": {
        "node_id": "J1014",
        "hours_flooded": 1.51,
        "max_rate_cms": 0.606,
        "total_vol_10e6l": 1.759,
        "max_ponded_m": 0.0,
        "elevation_m": 8.38,
        "flood_class": "Moderate",
        "colour": "#FF8F00",
        "pct_nonconverging": null,
        "label": "J1014 | Moderate | rate=0.61cms | flooded=1.5h | vol=1.8e6L"
      }
    },
    {
      "type": "Feature",
      "geometry": {
        "type": "Point",
        "coordinates": [
          3.400353,
          6.591449
        ]
      },
      "properties": {
        "node_id": "J1019",
        "hours_flooded": 1.71,
        "max_rate_cms": 0.6,
        "total_vol_10e6l": 2.394,
        "max_ponded_m": 0.0,
        "elevation_m": 9.24,
        "flood_class": "Moderate",
        "colour": "#FF8F00",
        "pct_nonconverging": null,
        "label": "J1019 | Moderate | rate=0.60cms | flooded=1.7h | vol=2.4e6L"
      }
    },
    {
      "type": "Feature",
      "geometry": {
        "type": "Point",
        "coordinates": [
          3.484454,
          6.608067
        ]
      },
      "properties": {
        "node_id": "J0699",
        "hours_flooded": 0.35,
        "max_rate_cms": 0.599,
        "total_vol_10e6l": 0.086,
        "max_ponded_m": 0.0,
        "elevation_m": 2.82,
        "flood_class": "Moderate",
        "colour": "#FF8F00",
        "pct_nonconverging": null,
        "label": "J0699 | Moderate | rate=0.60cms | flooded=0.3h | vol=0.1e6L"
      }
    },
    {
      "type": "Feature",
      "geometry": {
        "type": "Point",
        "coordinates": [
          3.367187,
          6.597829
        ]
      },
      "properties": {
        "node_id": "J0530",
        "hours_flooded": 4.66,
        "max_rate_cms": 0.598,
        "total_vol_10e6l": 0.126,
        "max_ponded_m": 0.0,
        "elevation_m": 22.76,
        "flood_class": "Moderate",
        "colour": "#FF8F00",
        "pct_nonconverging": null,
        "label": "J0530 | Moderate | rate=0.60cms | flooded=4.7h | vol=0.1e6L"
      }
    },
    {
      "type": "Feature",
      "geometry": {
        "type": "Point",
        "coordinates": [
          3.38026,
          6.54091
        ]
      },
      "properties": {
        "node_id": "J1463",
        "hours_flooded": 5.27,
        "max_rate_cms": 0.597,
        "total_vol_10e6l": 3.254,
        "max_ponded_m": 0.0,
        "elevation_m": 3.45,
        "flood_class": "Moderate",
        "colour": "#FF8F00",
        "pct_nonconverging": null,
        "label": "J1463 | Moderate | rate=0.60cms | flooded=5.3h | vol=3.3e6L"
      }
    },
    {
      "type": "Feature",
      "geometry": {
        "type": "Point",
        "coordinates": [
          3.375616,
          6.603973
        ]
      },
      "properties": {
        "node_id": "J0381",
        "hours_flooded": 0.93,
        "max_rate_cms": 0.596,
        "total_vol_10e6l": 0.981,
        "max_ponded_m": 0.0,
        "elevation_m": 35.41,
        "flood_class": "Moderate",
        "colour": "#FF8F00",
        "pct_nonconverging": null,
        "label": "J0381 | Moderate | rate=0.60cms | flooded=0.9h | vol=1.0e6L"
      }
    },
    {
      "type": "Feature",
      "geometry": {
        "type": "Point",
        "coordinates": [
          3.387753,
          6.549073
        ]
      },
      "properties": {
        "node_id": "J0075",
        "hours_flooded": 5.11,
        "max_rate_cms": 0.589,
        "total_vol_10e6l": 3.213,
        "max_ponded_m": 0.0,
        "elevation_m": 5.24,
        "flood_class": "Moderate",
        "colour": "#FF8F00",
        "pct_nonconverging": null,
        "label": "J0075 | Moderate | rate=0.59cms | flooded=5.1h | vol=3.2e6L"
      }
    },
    {
      "type": "Feature",
      "geometry": {
        "type": "Point",
        "coordinates": [
          3.475172,
          6.553819
        ]
      },
      "properties": {
        "node_id": "J1673",
        "hours_flooded": 1.18,
        "max_rate_cms": 0.588,
        "total_vol_10e6l": 0.466,
        "max_ponded_m": 0.0,
        "elevation_m": 4.79,
        "flood_class": "Moderate",
        "colour": "#FF8F00",
        "pct_nonconverging": null,
        "label": "J1673 | Moderate | rate=0.59cms | flooded=1.2h | vol=0.5e6L"
      }
    },
    {
      "type": "Feature",
      "geometry": {
        "type": "Point",
        "coordinates": [
          3.397382,
          6.607643
        ]
      },
      "properties": {
        "node_id": "J1866",
        "hours_flooded": 4.69,
        "max_rate_cms": 0.587,
        "total_vol_10e6l": 3.107,
        "max_ponded_m": 0.0,
        "elevation_m": 11.37,
        "flood_class": "Moderate",
        "colour": "#FF8F00",
        "pct_nonconverging": null,
        "label": "J1866 | Moderate | rate=0.59cms | flooded=4.7h | vol=3.1e6L"
      }
    },
    {
      "type": "Feature",
      "geometry": {
        "type": "Point",
        "coordinates": [
          3.383883,
          6.586205
        ]
      },
      "properties": {
        "node_id": "J0888",
        "hours_flooded": 0.01,
        "max_rate_cms": 0.585,
        "total_vol_10e6l": 0.001,
        "max_ponded_m": 0.0,
        "elevation_m": 5.94,
        "flood_class": "Moderate",
        "colour": "#FF8F00",
        "pct_nonconverging": null,
        "label": "J0888 | Moderate | rate=0.58cms | flooded=0.0h | vol=0.0e6L"
      }
    },
    {
      "type": "Feature",
      "geometry": {
        "type": "Point",
        "coordinates": [
          3.366238,
          6.616465
        ]
      },
      "properties": {
        "node_id": "J1270",
        "hours_flooded": 1.56,
        "max_rate_cms": 0.584,
        "total_vol_10e6l": 2.253,
        "max_ponded_m": 0.0,
        "elevation_m": 40.47,
        "flood_class": "Moderate",
        "colour": "#FF8F00",
        "pct_nonconverging": null,
        "label": "J1270 | Moderate | rate=0.58cms | flooded=1.6h | vol=2.3e6L"
      }
    },
    {
      "type": "Feature",
      "geometry": {
        "type": "Point",
        "coordinates": [
          3.485389,
          6.625912
        ]
      },
      "properties": {
        "node_id": "J2180",
        "hours_flooded": 5.26,
        "max_rate_cms": 0.582,
        "total_vol_10e6l": 3.161,
        "max_ponded_m": 0.0,
        "elevation_m": 8.11,
        "flood_class": "Moderate",
        "colour": "#FF8F00",
        "pct_nonconverging": null,
        "label": "J2180 | Moderate | rate=0.58cms | flooded=5.3h | vol=3.2e6L"
      }
    },
    {
      "type": "Feature",
      "geometry": {
        "type": "Point",
        "coordinates": [
          3.373975,
          6.590993
        ]
      },
      "properties": {
        "node_id": "J0555",
        "hours_flooded": 5.06,
        "max_rate_cms": 0.58,
        "total_vol_10e6l": 3.086,
        "max_ponded_m": 0.0,
        "elevation_m": 23.43,
        "flood_class": "Moderate",
        "colour": "#FF8F00",
        "pct_nonconverging": null,
        "label": "J0555 | Moderate | rate=0.58cms | flooded=5.1h | vol=3.1e6L"
      }
    },
    {
      "type": "Feature",
      "geometry": {
        "type": "Point",
        "coordinates": [
          3.403914,
          6.603482
        ]
      },
      "properties": {
        "node_id": "J1854",
        "hours_flooded": 5.31,
        "max_rate_cms": 0.58,
        "total_vol_10e6l": 3.161,
        "max_ponded_m": 0.0,
        "elevation_m": 2.72,
        "flood_class": "Moderate",
        "colour": "#FF8F00",
        "pct_nonconverging": null,
        "label": "J1854 | Moderate | rate=0.58cms | flooded=5.3h | vol=3.2e6L"
      }
    },
    {
      "type": "Feature",
      "geometry": {
        "type": "Point",
        "coordinates": [
          3.476367,
          6.65036
        ]
      },
      "properties": {
        "node_id": "J2235",
        "hours_flooded": 0.37,
        "max_rate_cms": 0.578,
        "total_vol_10e6l": 0.021,
        "max_ponded_m": 0.0,
        "elevation_m": 10.34,
        "flood_class": "Moderate",
        "colour": "#FF8F00",
        "pct_nonconverging": null,
        "label": "J2235 | Moderate | rate=0.58cms | flooded=0.4h | vol=0.0e6L"
      }
    },
    {
      "type": "Feature",
      "geometry": {
        "type": "Point",
        "coordinates": [
          3.503199,
          6.545259
        ]
      },
      "properties": {
        "node_id": "J0751",
        "hours_flooded": 5.28,
        "max_rate_cms": 0.573,
        "total_vol_10e6l": 3.117,
        "max_ponded_m": 0.0,
        "elevation_m": 1.7,
        "flood_class": "Moderate",
        "colour": "#FF8F00",
        "pct_nonconverging": null,
        "label": "J0751 | Moderate | rate=0.57cms | flooded=5.3h | vol=3.1e6L"
      }
    },
    {
      "type": "Feature",
      "geometry": {
        "type": "Point",
        "coordinates": [
          3.3905,
          6.575894
        ]
      },
      "properties": {
        "node_id": "J0935",
        "hours_flooded": 1.22,
        "max_rate_cms": 0.571,
        "total_vol_10e6l": 1.377,
        "max_ponded_m": 0.0,
        "elevation_m": 21.86,
        "flood_class": "Moderate",
        "colour": "#FF8F00",
        "pct_nonconverging": null,
        "label": "J0935 | Moderate | rate=0.57cms | flooded=1.2h | vol=1.4e6L"
      }
    },
    {
      "type": "Feature",
      "geometry": {
        "type": "Point",
        "coordinates": [
          3.489063,
          6.579488
        ]
      },
      "properties": {
        "node_id": "J1727",
        "hours_flooded": 2.07,
        "max_rate_cms": 0.57,
        "total_vol_10e6l": 2.085,
        "max_ponded_m": 0.0,
        "elevation_m": 5.64,
        "flood_class": "Moderate",
        "colour": "#FF8F00",
        "pct_nonconverging": null,
        "label": "J1727 | Moderate | rate=0.57cms | flooded=2.1h | vol=2.1e6L"
      }
    },
    {
      "type": "Feature",
      "geometry": {
        "type": "Point",
        "coordinates": [
          3.375005,
          6.543702
        ]
      },
      "properties": {
        "node_id": "J1458",
        "hours_flooded": 2.27,
        "max_rate_cms": 0.566,
        "total_vol_10e6l": 2.589,
        "max_ponded_m": 0.0,
        "elevation_m": 6.88,
        "flood_class": "Moderate",
        "colour": "#FF8F00",
        "pct_nonconverging": null,
        "label": "J1458 | Moderate | rate=0.57cms | flooded=2.3h | vol=2.6e6L"
      }
    },
    {
      "type": "Feature",
      "geometry": {
        "type": "Point",
        "coordinates": [
          3.493484,
          6.598086
        ]
      },
      "properties": {
        "node_id": "J1557",
        "hours_flooded": 0.54,
        "max_rate_cms": 0.563,
        "total_vol_10e6l": 0.718,
        "max_ponded_m": 0.0,
        "elevation_m": 7.68,
        "flood_class": "Moderate",
        "colour": "#FF8F00",
        "pct_nonconverging": null,
        "label": "J1557 | Moderate | rate=0.56cms | flooded=0.5h | vol=0.7e6L"
      }
    },
    {
      "type": "Feature",
      "geometry": {
        "type": "Point",
        "coordinates": [
          3.476583,
          6.649966
        ]
      },
      "properties": {
        "node_id": "J2234",
        "hours_flooded": 2.0,
        "max_rate_cms": 0.559,
        "total_vol_10e6l": 0.133,
        "max_ponded_m": 0.0,
        "elevation_m": 10.34,
        "flood_class": "Moderate",
        "colour": "#FF8F00",
        "pct_nonconverging": null,
        "label": "J2234 | Moderate | rate=0.56cms | flooded=2.0h | vol=0.1e6L"
      }
    },
    {
      "type": "Feature",
      "geometry": {
        "type": "Point",
        "coordinates": [
          3.401652,
          6.583775
        ]
      },
      "properties": {
        "node_id": "J1005",
        "hours_flooded": 0.01,
        "max_rate_cms": 0.556,
        "total_vol_10e6l": 0.002,
        "max_ponded_m": 0.0,
        "elevation_m": 2.56,
        "flood_class": "Moderate",
        "colour": "#FF8F00",
        "pct_nonconverging": null,
        "label": "J1005 | Moderate | rate=0.56cms | flooded=0.0h | vol=0.0e6L"
      }
    },
    {
      "type": "Feature",
      "geometry": {
        "type": "Point",
        "coordinates": [
          3.4015,
          6.604926
        ]
      },
      "properties": {
        "node_id": "J1861",
        "hours_flooded": 3.22,
        "max_rate_cms": 0.553,
        "total_vol_10e6l": 3.754,
        "max_ponded_m": 0.0,
        "elevation_m": 2.98,
        "flood_class": "Moderate",
        "colour": "#FF8F00",
        "pct_nonconverging": null,
        "label": "J1861 | Moderate | rate=0.55cms | flooded=3.2h | vol=3.8e6L"
      }
    },
    {
      "type": "Feature",
      "geometry": {
        "type": "Point",
        "coordinates": [
          3.371322,
          6.579697
        ]
      },
      "properties": {
        "node_id": "J2093",
        "hours_flooded": 1.39,
        "max_rate_cms": 0.553,
        "total_vol_10e6l": 0.225,
        "max_ponded_m": 0.0,
        "elevation_m": 3.71,
        "flood_class": "Moderate",
        "colour": "#FF8F00",
        "pct_nonconverging": null,
        "label": "J2093 | Moderate | rate=0.55cms | flooded=1.4h | vol=0.2e6L"
      }
    },
    {
      "type": "Feature",
      "geometry": {
        "type": "Point",
        "coordinates": [
          3.401063,
          6.574464
        ]
      },
      "properties": {
        "node_id": "J0952",
        "hours_flooded": 3.75,
        "max_rate_cms": 0.551,
        "total_vol_10e6l": 2.766,
        "max_ponded_m": 0.0,
        "elevation_m": 3.12,
        "flood_class": "Moderate",
        "colour": "#FF8F00",
        "pct_nonconverging": null,
        "label": "J0952 | Moderate | rate=0.55cms | flooded=3.8h | vol=2.8e6L"
      }
    },
    {
      "type": "Feature",
      "geometry": {
        "type": "Point",
        "coordinates": [
          3.400049,
          6.586051
        ]
      },
      "properties": {
        "node_id": "J0966",
        "hours_flooded": 0.8,
        "max_rate_cms": 0.551,
        "total_vol_10e6l": 0.897,
        "max_ponded_m": 0.0,
        "elevation_m": 5.45,
        "flood_class": "Moderate",
        "colour": "#FF8F00",
        "pct_nonconverging": null,
        "label": "J0966 | Moderate | rate=0.55cms | flooded=0.8h | vol=0.9e6L"
      }
    },
    {
      "type": "Feature",
      "geometry": {
        "type": "Point",
        "coordinates": [
          3.395682,
          6.592088
        ]
      },
      "properties": {
        "node_id": "J1135",
        "hours_flooded": 5.26,
        "max_rate_cms": 0.55,
        "total_vol_10e6l": 2.983,
        "max_ponded_m": 0.0,
        "elevation_m": 4.95,
        "flood_class": "Moderate",
        "colour": "#FF8F00",
        "pct_nonconverging": null,
        "label": "J1135 | Moderate | rate=0.55cms | flooded=5.3h | vol=3.0e6L"
      }
    },
    {
      "type": "Feature",
      "geometry": {
        "type": "Point",
        "coordinates": [
          3.488216,
          6.602699
        ]
      },
      "properties": {
        "node_id": "J0726",
        "hours_flooded": 1.68,
        "max_rate_cms": 0.547,
        "total_vol_10e6l": 1.95,
        "max_ponded_m": 0.0,
        "elevation_m": 2.82,
        "flood_class": "Moderate",
        "colour": "#FF8F00",
        "pct_nonconverging": null,
        "label": "J0726 | Moderate | rate=0.55cms | flooded=1.7h | vol=1.9e6L"
      }
    },
    {
      "type": "Feature",
      "geometry": {
        "type": "Point",
        "coordinates": [
          3.380919,
          6.547828
        ]
      },
      "properties": {
        "node_id": "J0861",
        "hours_flooded": 4.56,
        "max_rate_cms": 0.547,
        "total_vol_10e6l": 2.907,
        "max_ponded_m": 0.0,
        "elevation_m": 3.45,
        "flood_class": "Moderate",
        "colour": "#FF8F00",
        "pct_nonconverging": null,
        "label": "J0861 | Moderate | rate=0.55cms | flooded=4.6h | vol=2.9e6L"
      }
    },
    {
      "type": "Feature",
      "geometry": {
        "type": "Point",
        "coordinates": [
          3.401203,
          6.605101
        ]
      },
      "properties": {
        "node_id": "J1862",
        "hours_flooded": 3.3,
        "max_rate_cms": 0.543,
        "total_vol_10e6l": 2.873,
        "max_ponded_m": 0.0,
        "elevation_m": 2.98,
        "flood_class": "Moderate",
        "colour": "#FF8F00",
        "pct_nonconverging": null,
        "label": "J1862 | Moderate | rate=0.54cms | flooded=3.3h | vol=2.9e6L"
      }
    },
    {
      "type": "Feature",
      "geometry": {
        "type": "Point",
        "coordinates": [
          3.373406,
          6.544146
        ]
      },
      "properties": {
        "node_id": "J0022",
        "hours_flooded": 3.03,
        "max_rate_cms": 0.541,
        "total_vol_10e6l": 2.844,
        "max_ponded_m": 0.0,
        "elevation_m": 6.88,
        "flood_class": "Moderate",
        "colour": "#FF8F00",
        "pct_nonconverging": null,
        "label": "J0022 | Moderate | rate=0.54cms | flooded=3.0h | vol=2.8e6L"
      }
    },
    {
      "type": "Feature",
      "geometry": {
        "type": "Point",
        "coordinates": [
          3.391161,
          6.604195
        ]
      },
      "properties": {
        "node_id": "J1920",
        "hours_flooded": 1.46,
        "max_rate_cms": 0.539,
        "total_vol_10e6l": 1.498,
        "max_ponded_m": 0.0,
        "elevation_m": 17.26,
        "flood_class": "Moderate",
        "colour": "#FF8F00",
        "pct_nonconverging": null,
        "label": "J1920 | Moderate | rate=0.54cms | flooded=1.5h | vol=1.5e6L"
      }
    },
    {
      "type": "Feature",
      "geometry": {
        "type": "Point",
        "coordinates": [
          3.391737,
          6.605385
        ]
      },
      "properties": {
        "node_id": "J1888",
        "hours_flooded": 0.95,
        "max_rate_cms": 0.537,
        "total_vol_10e6l": 0.876,
        "max_ponded_m": 0.0,
        "elevation_m": 17.26,
        "flood_class": "Moderate",
        "colour": "#FF8F00",
        "pct_nonconverging": null,
        "label": "J1888 | Moderate | rate=0.54cms | flooded=0.9h | vol=0.9e6L"
      }
    },
    {
      "type": "Feature",
      "geometry": {
        "type": "Point",
        "coordinates": [
          3.484148,
          6.60935
        ]
      },
      "properties": {
        "node_id": "J0697",
        "hours_flooded": 0.01,
        "max_rate_cms": 0.535,
        "total_vol_10e6l": 0.001,
        "max_ponded_m": 0.0,
        "elevation_m": 3.35,
        "flood_class": "Moderate",
        "colour": "#FF8F00",
        "pct_nonconverging": null,
        "label": "J0697 | Moderate | rate=0.54cms | flooded=0.0h | vol=0.0e6L"
      }
    },
    {
      "type": "Feature",
      "geometry": {
        "type": "Point",
        "coordinates": [
          3.377246,
          6.54335
        ]
      },
      "properties": {
        "node_id": "J1472",
        "hours_flooded": 2.2,
        "max_rate_cms": 0.532,
        "total_vol_10e6l": 2.426,
        "max_ponded_m": 0.0,
        "elevation_m": 4.9,
        "flood_class": "Moderate",
        "colour": "#FF8F00",
        "pct_nonconverging": null,
        "label": "J1472 | Moderate | rate=0.53cms | flooded=2.2h | vol=2.4e6L"
      }
    },
    {
      "type": "Feature",
      "geometry": {
        "type": "Point",
        "coordinates": [
          3.509399,
          6.556422
        ]
      },
      "properties": {
        "node_id": "J0783",
        "hours_flooded": 1.57,
        "max_rate_cms": 0.529,
        "total_vol_10e6l": 1.408,
        "max_ponded_m": 0.0,
        "elevation_m": 5.65,
        "flood_class": "Moderate",
        "colour": "#FF8F00",
        "pct_nonconverging": null,
        "label": "J0783 | Moderate | rate=0.53cms | flooded=1.6h | vol=1.4e6L"
      }
    },
    {
      "type": "Feature",
      "geometry": {
        "type": "Point",
        "coordinates": [
          3.375931,
          6.543566
        ]
      },
      "properties": {
        "node_id": "J1460",
        "hours_flooded": 1.23,
        "max_rate_cms": 0.529,
        "total_vol_10e6l": 0.985,
        "max_ponded_m": 0.0,
        "elevation_m": 6.88,
        "flood_class": "Moderate",
        "colour": "#FF8F00",
        "pct_nonconverging": null,
        "label": "J1460 | Moderate | rate=0.53cms | flooded=1.2h | vol=1.0e6L"
      }
    },
    {
      "type": "Feature",
      "geometry": {
        "type": "Point",
        "coordinates": [
          3.402433,
          6.54537
        ]
      },
      "properties": {
        "node_id": "J1823",
        "hours_flooded": 2.44,
        "max_rate_cms": 0.526,
        "total_vol_10e6l": 2.579,
        "max_ponded_m": 0.0,
        "elevation_m": 9.46,
        "flood_class": "Moderate",
        "colour": "#FF8F00",
        "pct_nonconverging": null,
        "label": "J1823 | Moderate | rate=0.53cms | flooded=2.4h | vol=2.6e6L"
      }
    },
    {
      "type": "Feature",
      "geometry": {
        "type": "Point",
        "coordinates": [
          3.401435,
          6.583454
        ]
      },
      "properties": {
        "node_id": "J1004",
        "hours_flooded": 5.25,
        "max_rate_cms": 0.525,
        "total_vol_10e6l": 5.427,
        "max_ponded_m": 0.0,
        "elevation_m": 1.9,
        "flood_class": "Moderate",
        "colour": "#FF8F00",
        "pct_nonconverging": null,
        "label": "J1004 | Moderate | rate=0.53cms | flooded=5.2h | vol=5.4e6L"
      }
    },
    {
      "type": "Feature",
      "geometry": {
        "type": "Point",
        "coordinates": [
          3.386331,
          6.598044
        ]
      },
      "properties": {
        "node_id": "J1905",
        "hours_flooded": 5.26,
        "max_rate_cms": 0.518,
        "total_vol_10e6l": 6.126,
        "max_ponded_m": 0.0,
        "elevation_m": 16.7,
        "flood_class": "Moderate",
        "colour": "#FF8F00",
        "pct_nonconverging": null,
        "label": "J1905 | Moderate | rate=0.52cms | flooded=5.3h | vol=6.1e6L"
      }
    },
    {
      "type": "Feature",
      "geometry": {
        "type": "Point",
        "coordinates": [
          3.4756,
          6.55931
        ]
      },
      "properties": {
        "node_id": "J1660",
        "hours_flooded": 1.09,
        "max_rate_cms": 0.517,
        "total_vol_10e6l": 0.79,
        "max_ponded_m": 0.0,
        "elevation_m": 6.87,
        "flood_class": "Moderate",
        "colour": "#FF8F00",
        "pct_nonconverging": null,
        "label": "J1660 | Moderate | rate=0.52cms | flooded=1.1h | vol=0.8e6L"
      }
    },
    {
      "type": "Feature",
      "geometry": {
        "type": "Point",
        "coordinates": [
          3.377918,
          6.600876
        ]
      },
      "properties": {
        "node_id": "J0389",
        "hours_flooded": 1.15,
        "max_rate_cms": 0.514,
        "total_vol_10e6l": 1.006,
        "max_ponded_m": 0.0,
        "elevation_m": 32.14,
        "flood_class": "Moderate",
        "colour": "#FF8F00",
        "pct_nonconverging": null,
        "label": "J0389 | Moderate | rate=0.51cms | flooded=1.1h | vol=1.0e6L"
      }
    },
    {
      "type": "Feature",
      "geometry": {
        "type": "Point",
        "coordinates": [
          3.392986,
          6.606692
        ]
      },
      "properties": {
        "node_id": "J1927",
        "hours_flooded": 5.12,
        "max_rate_cms": 0.511,
        "total_vol_10e6l": 2.738,
        "max_ponded_m": 0.0,
        "elevation_m": 14.96,
        "flood_class": "Moderate",
        "colour": "#FF8F00",
        "pct_nonconverging": null,
        "label": "J1927 | Moderate | rate=0.51cms | flooded=5.1h | vol=2.7e6L"
      }
    },
    {
      "type": "Feature",
      "geometry": {
        "type": "Point",
        "coordinates": [
          3.39866,
          6.60681
        ]
      },
      "properties": {
        "node_id": "J1201",
        "hours_flooded": 1.18,
        "max_rate_cms": 0.509,
        "total_vol_10e6l": 1.088,
        "max_ponded_m": 0.0,
        "elevation_m": 4.65,
        "flood_class": "Moderate",
        "colour": "#FF8F00",
        "pct_nonconverging": null,
        "label": "J1201 | Moderate | rate=0.51cms | flooded=1.2h | vol=1.1e6L"
      }
    },
    {
      "type": "Feature",
      "geometry": {
        "type": "Point",
        "coordinates": [
          3.39286,
          6.540769
        ]
      },
      "properties": {
        "node_id": "J0182",
        "hours_flooded": 4.91,
        "max_rate_cms": 0.504,
        "total_vol_10e6l": 2.527,
        "max_ponded_m": 0.0,
        "elevation_m": 0.71,
        "flood_class": "Moderate",
        "colour": "#FF8F00",
        "pct_nonconverging": null,
        "label": "J0182 | Moderate | rate=0.50cms | flooded=4.9h | vol=2.5e6L"
      }
    },
    {
      "type": "Feature",
      "geometry": {
        "type": "Point",
        "coordinates": [
          3.51067,
          6.558577
        ]
      },
      "properties": {
        "node_id": "J0793",
        "hours_flooded": 3.62,
        "max_rate_cms": 0.503,
        "total_vol_10e6l": 5.59,
        "max_ponded_m": 0.0,
        "elevation_m": 4.36,
        "flood_class": "Moderate",
        "colour": "#FF8F00",
        "pct_nonconverging": null,
        "label": "J0793 | Moderate | rate=0.50cms | flooded=3.6h | vol=5.6e6L"
      }
    },
    {
      "type": "Feature",
      "geometry": {
        "type": "Point",
        "coordinates": [
          3.397146,
          6.607521
        ]
      },
      "properties": {
        "node_id": "J1940",
        "hours_flooded": 4.36,
        "max_rate_cms": 0.502,
        "total_vol_10e6l": 2.641,
        "max_ponded_m": 0.0,
        "elevation_m": 11.37,
        "flood_class": "Moderate",
        "colour": "#FF8F00",
        "pct_nonconverging": null,
        "label": "J1940 | Moderate | rate=0.50cms | flooded=4.4h | vol=2.6e6L"
      }
    },
    {
      "type": "Feature",
      "geometry": {
        "type": "Point",
        "coordinates": [
          3.396082,
          6.611478
        ]
      },
      "properties": {
        "node_id": "J1447",
        "hours_flooded": 1.08,
        "max_rate_cms": 0.501,
        "total_vol_10e6l": 1.155,
        "max_ponded_m": 0.0,
        "elevation_m": 6.58,
        "flood_class": "Moderate",
        "colour": "#FF8F00",
        "pct_nonconverging": null,
        "label": "J1447 | Moderate | rate=0.50cms | flooded=1.1h | vol=1.2e6L"
      }
    },
    {
      "type": "Feature",
      "geometry": {
        "type": "Point",
        "coordinates": [
          3.488929,
          6.579022
        ]
      },
      "properties": {
        "node_id": "J1601",
        "hours_flooded": 1.68,
        "max_rate_cms": 0.499,
        "total_vol_10e6l": 0.98,
        "max_ponded_m": 0.0,
        "elevation_m": 5.64,
        "flood_class": "Moderate",
        "colour": "#FF8F00",
        "pct_nonconverging": null,
        "label": "J1601 | Moderate | rate=0.50cms | flooded=1.7h | vol=1.0e6L"
      }
    },
    {
      "type": "Feature",
      "geometry": {
        "type": "Point",
        "coordinates": [
          3.396689,
          6.599106
        ]
      },
      "properties": {
        "node_id": "J1184",
        "hours_flooded": 5.27,
        "max_rate_cms": 0.496,
        "total_vol_10e6l": 2.688,
        "max_ponded_m": 0.0,
        "elevation_m": 6.74,
        "flood_class": "Moderate",
        "colour": "#FF8F00",
        "pct_nonconverging": null,
        "label": "J1184 | Moderate | rate=0.50cms | flooded=5.3h | vol=2.7e6L"
      }
    },
    {
      "type": "Feature",
      "geometry": {
        "type": "Point",
        "coordinates": [
          3.503816,
          6.545769
        ]
      },
      "properties": {
        "node_id": "J0754",
        "hours_flooded": 5.27,
        "max_rate_cms": 0.494,
        "total_vol_10e6l": 7.424,
        "max_ponded_m": 0.0,
        "elevation_m": 1.7,
        "flood_class": "Moderate",
        "colour": "#FF8F00",
        "pct_nonconverging": null,
        "label": "J0754 | Moderate | rate=0.49cms | flooded=5.3h | vol=7.4e6L"
      }
    },
    {
      "type": "Feature",
      "geometry": {
        "type": "Point",
        "coordinates": [
          3.393876,
          6.58646
        ]
      },
      "properties": {
        "node_id": "J1077",
        "hours_flooded": 0.78,
        "max_rate_cms": 0.494,
        "total_vol_10e6l": 0.834,
        "max_ponded_m": 0.0,
        "elevation_m": 5.33,
        "flood_class": "Moderate",
        "colour": "#FF8F00",
        "pct_nonconverging": null,
        "label": "J1077 | Moderate | rate=0.49cms | flooded=0.8h | vol=0.8e6L"
      }
    },
    {
      "type": "Feature",
      "geometry": {
        "type": "Point",
        "coordinates": [
          3.398413,
          6.57429
        ]
      },
      "properties": {
        "node_id": "J0318",
        "hours_flooded": 1.44,
        "max_rate_cms": 0.493,
        "total_vol_10e6l": 1.213,
        "max_ponded_m": 0.0,
        "elevation_m": 7.64,
        "flood_class": "Moderate",
        "colour": "#FF8F00",
        "pct_nonconverging": null,
        "label": "J0318 | Moderate | rate=0.49cms | flooded=1.4h | vol=1.2e6L"
      }
    },
    {
      "type": "Feature",
      "geometry": {
        "type": "Point",
        "coordinates": [
          3.393958,
          6.608057
        ]
      },
      "properties": {
        "node_id": "J1878",
        "hours_flooded": 3.5,
        "max_rate_cms": 0.493,
        "total_vol_10e6l": 2.631,
        "max_ponded_m": 0.0,
        "elevation_m": 15.21,
        "flood_class": "Moderate",
        "colour": "#FF8F00",
        "pct_nonconverging": null,
        "label": "J1878 | Moderate | rate=0.49cms | flooded=3.5h | vol=2.6e6L"
      }
    },
    {
      "type": "Feature",
      "geometry": {
        "type": "Point",
        "coordinates": [
          3.492416,
          6.589248
        ]
      },
      "properties": {
        "node_id": "J1575",
        "hours_flooded": 0.66,
        "max_rate_cms": 0.486,
        "total_vol_10e6l": 0.592,
        "max_ponded_m": 0.0,
        "elevation_m": 7.9,
        "flood_class": "Moderate",
        "colour": "#FF8F00",
        "pct_nonconverging": null,
        "label": "J1575 | Moderate | rate=0.49cms | flooded=0.7h | vol=0.6e6L"
      }
    },
    {
      "type": "Feature",
      "geometry": {
        "type": "Point",
        "coordinates": [
          3.476125,
          6.651696
        ]
      },
      "properties": {
        "node_id": "J2241",
        "hours_flooded": 2.19,
        "max_rate_cms": 0.486,
        "total_vol_10e6l": 0.001,
        "max_ponded_m": 0.0,
        "elevation_m": 10.34,
        "flood_class": "Moderate",
        "colour": "#FF8F00",
        "pct_nonconverging": null,
        "label": "J2241 | Moderate | rate=0.49cms | flooded=2.2h | vol=0.0e6L"
      }
    },
    {
      "type": "Feature",
      "geometry": {
        "type": "Point",
        "coordinates": [
          3.364955,
          6.620208
        ]
      },
      "properties": {
        "node_id": "J1262",
        "hours_flooded": 1.52,
        "max_rate_cms": 0.482,
        "total_vol_10e6l": 1.764,
        "max_ponded_m": 0.0,
        "elevation_m": 32.91,
        "flood_class": "Moderate",
        "colour": "#FF8F00",
        "pct_nonconverging": null,
        "label": "J1262 | Moderate | rate=0.48cms | flooded=1.5h | vol=1.8e6L"
      }
    },
    {
      "type": "Feature",
      "geometry": {
        "type": "Point",
        "coordinates": [
          3.370042,
          6.599875
        ]
      },
      "properties": {
        "node_id": "J0619",
        "hours_flooded": 5.25,
        "max_rate_cms": 0.481,
        "total_vol_10e6l": 2.568,
        "max_ponded_m": 0.0,
        "elevation_m": 26.18,
        "flood_class": "Moderate",
        "colour": "#FF8F00",
        "pct_nonconverging": null,
        "label": "J0619 | Moderate | rate=0.48cms | flooded=5.2h | vol=2.6e6L"
      }
    },
    {
      "type": "Feature",
      "geometry": {
        "type": "Point",
        "coordinates": [
          3.384201,
          6.585275
        ]
      },
      "properties": {
        "node_id": "J0892",
        "hours_flooded": 5.21,
        "max_rate_cms": 0.481,
        "total_vol_10e6l": 2.603,
        "max_ponded_m": 0.0,
        "elevation_m": 5.26,
        "flood_class": "Moderate",
        "colour": "#FF8F00",
        "pct_nonconverging": null,
        "label": "J0892 | Moderate | rate=0.48cms | flooded=5.2h | vol=2.6e6L"
      }
    },
    {
      "type": "Feature",
      "geometry": {
        "type": "Point",
        "coordinates": [
          3.476112,
          6.652549
        ]
      },
      "properties": {
        "node_id": "J2244",
        "hours_flooded": 4.92,
        "max_rate_cms": 0.481,
        "total_vol_10e6l": 0.077,
        "max_ponded_m": 0.0,
        "elevation_m": 10.34,
        "flood_class": "Moderate",
        "colour": "#FF8F00",
        "pct_nonconverging": null,
        "label": "J2244 | Moderate | rate=0.48cms | flooded=4.9h | vol=0.1e6L"
      }
    },
    {
      "type": "Feature",
      "geometry": {
        "type": "Point",
        "coordinates": [
          3.387227,
          6.599124
        ]
      },
      "properties": {
        "node_id": "J1902",
        "hours_flooded": 5.27,
        "max_rate_cms": 0.48,
        "total_vol_10e6l": 4.863,
        "max_ponded_m": 0.0,
        "elevation_m": 11.56,
        "flood_class": "Moderate",
        "colour": "#FF8F00",
        "pct_nonconverging": null,
        "label": "J1902 | Moderate | rate=0.48cms | flooded=5.3h | vol=4.9e6L"
      }
    },
    {
      "type": "Feature",
      "geometry": {
        "type": "Point",
        "coordinates": [
          3.488917,
          6.57882
        ]
      },
      "properties": {
        "node_id": "J1602",
        "hours_flooded": 0.44,
        "max_rate_cms": 0.477,
        "total_vol_10e6l": 0.0,
        "max_ponded_m": 0.0,
        "elevation_m": 5.64,
        "flood_class": "Moderate",
        "colour": "#FF8F00",
        "pct_nonconverging": null,
        "label": "J1602 | Moderate | rate=0.48cms | flooded=0.4h | vol=0.0e6L"
      }
    },
    {
      "type": "Feature",
      "geometry": {
        "type": "Point",
        "coordinates": [
          3.500006,
          6.541118
        ]
      },
      "properties": {
        "node_id": "J0736",
        "hours_flooded": 3.49,
        "max_rate_cms": 0.473,
        "total_vol_10e6l": 2.518,
        "max_ponded_m": 0.0,
        "elevation_m": 3.96,
        "flood_class": "Moderate",
        "colour": "#FF8F00",
        "pct_nonconverging": null,
        "label": "J0736 | Moderate | rate=0.47cms | flooded=3.5h | vol=2.5e6L"
      }
    },
    {
      "type": "Feature",
      "geometry": {
        "type": "Point",
        "coordinates": [
          3.384269,
          6.584983
        ]
      },
      "properties": {
        "node_id": "J0893",
        "hours_flooded": 5.21,
        "max_rate_cms": 0.473,
        "total_vol_10e6l": 2.548,
        "max_ponded_m": 0.0,
        "elevation_m": 5.26,
        "flood_class": "Moderate",
        "colour": "#FF8F00",
        "pct_nonconverging": null,
        "label": "J0893 | Moderate | rate=0.47cms | flooded=5.2h | vol=2.5e6L"
      }
    },
    {
      "type": "Feature",
      "geometry": {
        "type": "Point",
        "coordinates": [
          3.389086,
          6.601745
        ]
      },
      "properties": {
        "node_id": "J1897",
        "hours_flooded": 0.59,
        "max_rate_cms": 0.472,
        "total_vol_10e6l": 0.608,
        "max_ponded_m": 0.0,
        "elevation_m": 17.06,
        "flood_class": "Moderate",
        "colour": "#FF8F00",
        "pct_nonconverging": null,
        "label": "J1897 | Moderate | rate=0.47cms | flooded=0.6h | vol=0.6e6L"
      }
    },
    {
      "type": "Feature",
      "geometry": {
        "type": "Point",
        "coordinates": [
          3.401618,
          6.604504
        ]
      },
      "properties": {
        "node_id": "J1750",
        "hours_flooded": 3.62,
        "max_rate_cms": 0.471,
        "total_vol_10e6l": 3.252,
        "max_ponded_m": 0.0,
        "elevation_m": 2.98,
        "flood_class": "Moderate",
        "colour": "#FF8F00",
        "pct_nonconverging": null,
        "label": "J1750 | Moderate | rate=0.47cms | flooded=3.6h | vol=3.3e6L"
      }
    },
    {
      "type": "Feature",
      "geometry": {
        "type": "Point",
        "coordinates": [
          3.396229,
          6.619978
        ]
      },
      "properties": {
        "node_id": "J2050",
        "hours_flooded": 0.35,
        "max_rate_cms": 0.469,
        "total_vol_10e6l": 0.32,
        "max_ponded_m": 0.0,
        "elevation_m": 16.34,
        "flood_class": "Moderate",
        "colour": "#FF8F00",
        "pct_nonconverging": null,
        "label": "J2050 | Moderate | rate=0.47cms | flooded=0.3h | vol=0.3e6L"
      }
    },
    {
      "type": "Feature",
      "geometry": {
        "type": "Point",
        "coordinates": [
          3.38601,
          6.525556
        ]
      },
      "properties": {
        "node_id": "J0131",
        "hours_flooded": 0.01,
        "max_rate_cms": 0.462,
        "total_vol_10e6l": 0.0,
        "max_ponded_m": 0.0,
        "elevation_m": 1.26,
        "flood_class": "Moderate",
        "colour": "#FF8F00",
        "pct_nonconverging": null,
        "label": "J0131 | Moderate | rate=0.46cms | flooded=0.0h | vol=0.0e6L"
      }
    },
    {
      "type": "Feature",
      "geometry": {
        "type": "Point",
        "coordinates": [
          3.476119,
          6.651436
        ]
      },
      "properties": {
        "node_id": "J2240",
        "hours_flooded": 2.07,
        "max_rate_cms": 0.456,
        "total_vol_10e6l": 0.001,
        "max_ponded_m": 0.0,
        "elevation_m": 10.34,
        "flood_class": "Moderate",
        "colour": "#FF8F00",
        "pct_nonconverging": null,
        "label": "J2240 | Moderate | rate=0.46cms | flooded=2.1h | vol=0.0e6L"
      }
    },
    {
      "type": "Feature",
      "geometry": {
        "type": "Point",
        "coordinates": [
          3.4839,
          6.627421
        ]
      },
      "properties": {
        "node_id": "J2185",
        "hours_flooded": 2.87,
        "max_rate_cms": 0.447,
        "total_vol_10e6l": 2.443,
        "max_ponded_m": 0.0,
        "elevation_m": 9.12,
        "flood_class": "Moderate",
        "colour": "#FF8F00",
        "pct_nonconverging": null,
        "label": "J2185 | Moderate | rate=0.45cms | flooded=2.9h | vol=2.4e6L"
      }
    },
    {
      "type": "Feature",
      "geometry": {
        "type": "Point",
        "coordinates": [
          3.375216,
          6.63717
        ]
      },
      "properties": {
        "node_id": "J0450",
        "hours_flooded": 4.89,
        "max_rate_cms": 0.445,
        "total_vol_10e6l": 1.099,
        "max_ponded_m": 0.0,
        "elevation_m": 24.63,
        "flood_class": "Moderate",
        "colour": "#FF8F00",
        "pct_nonconverging": null,
        "label": "J0450 | Moderate | rate=0.45cms | flooded=4.9h | vol=1.1e6L"
      }
    },
    {
      "type": "Feature",
      "geometry": {
        "type": "Point",
        "coordinates": [
          3.375831,
          6.58342
        ]
      },
      "properties": {
        "node_id": "J1206",
        "hours_flooded": 0.44,
        "max_rate_cms": 0.444,
        "total_vol_10e6l": 0.557,
        "max_ponded_m": 0.0,
        "elevation_m": 13.56,
        "flood_class": "Moderate",
        "colour": "#FF8F00",
        "pct_nonconverging": null,
        "label": "J1206 | Moderate | rate=0.44cms | flooded=0.4h | vol=0.6e6L"
      }
    },
    {
      "type": "Feature",
      "geometry": {
        "type": "Point",
        "coordinates": [
          3.47754,
          6.565289
        ]
      },
      "properties": {
        "node_id": "J1722",
        "hours_flooded": 2.5,
        "max_rate_cms": 0.444,
        "total_vol_10e6l": 2.127,
        "max_ponded_m": 0.0,
        "elevation_m": 6.23,
        "flood_class": "Moderate",
        "colour": "#FF8F00",
        "pct_nonconverging": null,
        "label": "J1722 | Moderate | rate=0.44cms | flooded=2.5h | vol=2.1e6L"
      }
    },
    {
      "type": "Feature",
      "geometry": {
        "type": "Point",
        "coordinates": [
          3.397699,
          6.57211
        ]
      },
      "properties": {
        "node_id": "J0307",
        "hours_flooded": 5.29,
        "max_rate_cms": 0.443,
        "total_vol_10e6l": 2.394,
        "max_ponded_m": 0.0,
        "elevation_m": 9.16,
        "flood_class": "Moderate",
        "colour": "#FF8F00",
        "pct_nonconverging": null,
        "label": "J0307 | Moderate | rate=0.44cms | flooded=5.3h | vol=2.4e6L"
      }
    },
    {
      "type": "Feature",
      "geometry": {
        "type": "Point",
        "coordinates": [
          3.403718,
          6.603508
        ]
      },
      "properties": {
        "node_id": "J1853",
        "hours_flooded": 5.31,
        "max_rate_cms": 0.438,
        "total_vol_10e6l": 2.371,
        "max_ponded_m": 0.0,
        "elevation_m": 2.72,
        "flood_class": "Moderate",
        "colour": "#FF8F00",
        "pct_nonconverging": null,
        "label": "J1853 | Moderate | rate=0.44cms | flooded=5.3h | vol=2.4e6L"
      }
    },
    {
      "type": "Feature",
      "geometry": {
        "type": "Point",
        "coordinates": [
          3.385537,
          6.524186
        ]
      },
      "properties": {
        "node_id": "J0127",
        "hours_flooded": 0.04,
        "max_rate_cms": 0.436,
        "total_vol_10e6l": 0.032,
        "max_ponded_m": 0.0,
        "elevation_m": 1.26,
        "flood_class": "Moderate",
        "colour": "#FF8F00",
        "pct_nonconverging": null,
        "label": "J0127 | Moderate | rate=0.44cms | flooded=0.0h | vol=0.0e6L"
      }
    },
    {
      "type": "Feature",
      "geometry": {
        "type": "Point",
        "coordinates": [
          3.380334,
          6.547992
        ]
      },
      "properties": {
        "node_id": "J0860",
        "hours_flooded": 4.64,
        "max_rate_cms": 0.436,
        "total_vol_10e6l": 2.311,
        "max_ponded_m": 0.0,
        "elevation_m": 3.45,
        "flood_class": "Moderate",
        "colour": "#FF8F00",
        "pct_nonconverging": null,
        "label": "J0860 | Moderate | rate=0.44cms | flooded=4.6h | vol=2.3e6L"
      }
    },
    {
      "type": "Feature",
      "geometry": {
        "type": "Point",
        "coordinates": [
          3.374849,
          6.636656
        ]
      },
      "properties": {
        "node_id": "J0447",
        "hours_flooded": 4.31,
        "max_rate_cms": 0.43,
        "total_vol_10e6l": 0.283,
        "max_ponded_m": 0.0,
        "elevation_m": 24.63,
        "flood_class": "Moderate",
        "colour": "#FF8F00",
        "pct_nonconverging": null,
        "label": "J0447 | Moderate | rate=0.43cms | flooded=4.3h | vol=0.3e6L"
      }
    },
    {
      "type": "Feature",
      "geometry": {
        "type": "Point",
        "coordinates": [
          3.366537,
          6.615892
        ]
      },
      "properties": {
        "node_id": "J1272",
        "hours_flooded": 1.16,
        "max_rate_cms": 0.43,
        "total_vol_10e6l": 0.926,
        "max_ponded_m": 0.0,
        "elevation_m": 40.47,
        "flood_class": "Moderate",
        "colour": "#FF8F00",
        "pct_nonconverging": null,
        "label": "J1272 | Moderate | rate=0.43cms | flooded=1.2h | vol=0.9e6L"
      }
    },
    {
      "type": "Feature",
      "geometry": {
        "type": "Point",
        "coordinates": [
          3.396347,
          6.608008
        ]
      },
      "properties": {
        "node_id": "J1938",
        "hours_flooded": 4.04,
        "max_rate_cms": 0.429,
        "total_vol_10e6l": 2.235,
        "max_ponded_m": 0.0,
        "elevation_m": 11.37,
        "flood_class": "Moderate",
        "colour": "#FF8F00",
        "pct_nonconverging": null,
        "label": "J1938 | Moderate | rate=0.43cms | flooded=4.0h | vol=2.2e6L"
      }
    },
    {
      "type": "Feature",
      "geometry": {
        "type": "Point",
        "coordinates": [
          3.396728,
          6.599363
        ]
      },
      "properties": {
        "node_id": "J1185",
        "hours_flooded": 5.27,
        "max_rate_cms": 0.425,
        "total_vol_10e6l": 2.3,
        "max_ponded_m": 0.0,
        "elevation_m": 6.74,
        "flood_class": "Moderate",
        "colour": "#FF8F00",
        "pct_nonconverging": null,
        "label": "J1185 | Moderate | rate=0.42cms | flooded=5.3h | vol=2.3e6L"
      }
    },
    {
      "type": "Feature",
      "geometry": {
        "type": "Point",
        "coordinates": [
          3.371489,
          6.641075
        ]
      },
      "properties": {
        "node_id": "J1283",
        "hours_flooded": 3.87,
        "max_rate_cms": 0.424,
        "total_vol_10e6l": 2.199,
        "max_ponded_m": 0.0,
        "elevation_m": 37.79,
        "flood_class": "Moderate",
        "colour": "#FF8F00",
        "pct_nonconverging": null,
        "label": "J1283 | Moderate | rate=0.42cms | flooded=3.9h | vol=2.2e6L"
      }
    },
    {
      "type": "Feature",
      "geometry": {
        "type": "Point",
        "coordinates": [
          3.40154,
          6.582302
        ]
      },
      "properties": {
        "node_id": "J0996",
        "hours_flooded": 1.58,
        "max_rate_cms": 0.423,
        "total_vol_10e6l": 1.177,
        "max_ponded_m": 0.0,
        "elevation_m": 1.9,
        "flood_class": "Moderate",
        "colour": "#FF8F00",
        "pct_nonconverging": null,
        "label": "J0996 | Moderate | rate=0.42cms | flooded=1.6h | vol=1.2e6L"
      }
    },
    {
      "type": "Feature",
      "geometry": {
        "type": "Point",
        "coordinates": [
          3.401245,
          6.583143
        ]
      },
      "properties": {
        "node_id": "J1002",
        "hours_flooded": 3.35,
        "max_rate_cms": 0.423,
        "total_vol_10e6l": 0.768,
        "max_ponded_m": 0.0,
        "elevation_m": 1.9,
        "flood_class": "Moderate",
        "colour": "#FF8F00",
        "pct_nonconverging": null,
        "label": "J1002 | Moderate | rate=0.42cms | flooded=3.4h | vol=0.8e6L"
      }
    },
    {
      "type": "Feature",
      "geometry": {
        "type": "Point",
        "coordinates": [
          3.377848,
          6.543145
        ]
      },
      "properties": {
        "node_id": "J1475",
        "hours_flooded": 1.5,
        "max_rate_cms": 0.422,
        "total_vol_10e6l": 1.388,
        "max_ponded_m": 0.0,
        "elevation_m": 4.9,
        "flood_class": "Moderate",
        "colour": "#FF8F00",
        "pct_nonconverging": null,
        "label": "J1475 | Moderate | rate=0.42cms | flooded=1.5h | vol=1.4e6L"
      }
    },
    {
      "type": "Feature",
      "geometry": {
        "type": "Point",
        "coordinates": [
          3.483617,
          6.629104
        ]
      },
      "properties": {
        "node_id": "J2188",
        "hours_flooded": 0.62,
        "max_rate_cms": 0.422,
        "total_vol_10e6l": 0.54,
        "max_ponded_m": 0.0,
        "elevation_m": 9.58,
        "flood_class": "Moderate",
        "colour": "#FF8F00",
        "pct_nonconverging": null,
        "label": "J2188 | Moderate | rate=0.42cms | flooded=0.6h | vol=0.5e6L"
      }
    },
    {
      "type": "Feature",
      "geometry": {
        "type": "Point",
        "coordinates": [
          3.372958,
          6.54453
        ]
      },
      "properties": {
        "node_id": "J0020",
        "hours_flooded": 3.17,
        "max_rate_cms": 0.421,
        "total_vol_10e6l": 2.223,
        "max_ponded_m": 0.0,
        "elevation_m": 6.88,
        "flood_class": "Moderate",
        "colour": "#FF8F00",
        "pct_nonconverging": null,
        "label": "J0020 | Moderate | rate=0.42cms | flooded=3.2h | vol=2.2e6L"
      }
    },
    {
      "type": "Feature",
      "geometry": {
        "type": "Point",
        "coordinates": [
          3.401099,
          6.582915
        ]
      },
      "properties": {
        "node_id": "J1001",
        "hours_flooded": 3.32,
        "max_rate_cms": 0.421,
        "total_vol_10e6l": 0.992,
        "max_ponded_m": 0.0,
        "elevation_m": 1.9,
        "flood_class": "Moderate",
        "colour": "#FF8F00",
        "pct_nonconverging": null,
        "label": "J1001 | Moderate | rate=0.42cms | flooded=3.3h | vol=1.0e6L"
      }
    },
    {
      "type": "Feature",
      "geometry": {
        "type": "Point",
        "coordinates": [
          3.3918,
          6.596691
        ]
      },
      "properties": {
        "node_id": "J1144",
        "hours_flooded": 0.99,
        "max_rate_cms": 0.418,
        "total_vol_10e6l": 0.725,
        "max_ponded_m": 0.0,
        "elevation_m": 12.32,
        "flood_class": "Moderate",
        "colour": "#FF8F00",
        "pct_nonconverging": null,
        "label": "J1144 | Moderate | rate=0.42cms | flooded=1.0h | vol=0.7e6L"
      }
    },
    {
      "type": "Feature",
      "geometry": {
        "type": "Point",
        "coordinates": [
          3.39714,
          6.591083
        ]
      },
      "properties": {
        "node_id": "J1107",
        "hours_flooded": 1.48,
        "max_rate_cms": 0.417,
        "total_vol_10e6l": 0.309,
        "max_ponded_m": 0.0,
        "elevation_m": 5.73,
        "flood_class": "Moderate",
        "colour": "#FF8F00",
        "pct_nonconverging": null,
        "label": "J1107 | Moderate | rate=0.42cms | flooded=1.5h | vol=0.3e6L"
      }
    },
    {
      "type": "Feature",
      "geometry": {
        "type": "Point",
        "coordinates": [
          3.39679,
          6.599733
        ]
      },
      "properties": {
        "node_id": "J1186",
        "hours_flooded": 5.27,
        "max_rate_cms": 0.414,
        "total_vol_10e6l": 2.237,
        "max_ponded_m": 0.0,
        "elevation_m": 6.74,
        "flood_class": "Moderate",
        "colour": "#FF8F00",
        "pct_nonconverging": null,
        "label": "J1186 | Moderate | rate=0.41cms | flooded=5.3h | vol=2.2e6L"
      }
    },
    {
      "type": "Feature",
      "geometry": {
        "type": "Point",
        "coordinates": [
          3.402743,
          6.604172
        ]
      },
      "properties": {
        "node_id": "J1844",
        "hours_flooded": 1.57,
        "max_rate_cms": 0.414,
        "total_vol_10e6l": 1.117,
        "max_ponded_m": 0.0,
        "elevation_m": 2.99,
        "flood_class": "Moderate",
        "colour": "#FF8F00",
        "pct_nonconverging": null,
        "label": "J1844 | Moderate | rate=0.41cms | flooded=1.6h | vol=1.1e6L"
      }
    },
    {
      "type": "Feature",
      "geometry": {
        "type": "Point",
        "coordinates": [
          3.476204,
          6.65241
        ]
      },
      "properties": {
        "node_id": "J2243",
        "hours_flooded": 3.16,
        "max_rate_cms": 0.413,
        "total_vol_10e6l": 0.031,
        "max_ponded_m": 0.0,
        "elevation_m": 10.34,
        "flood_class": "Moderate",
        "colour": "#FF8F00",
        "pct_nonconverging": null,
        "label": "J2243 | Moderate | rate=0.41cms | flooded=3.2h | vol=0.0e6L"
      }
    },
    {
      "type": "Feature",
      "geometry": {
        "type": "Point",
        "coordinates": [
          3.367771,
          6.600061
        ]
      },
      "properties": {
        "node_id": "J0613",
        "hours_flooded": 5.25,
        "max_rate_cms": 0.41,
        "total_vol_10e6l": 0.017,
        "max_ponded_m": 0.0,
        "elevation_m": 26.18,
        "flood_class": "Moderate",
        "colour": "#FF8F00",
        "pct_nonconverging": null,
        "label": "J0613 | Moderate | rate=0.41cms | flooded=5.2h | vol=0.0e6L"
      }
    },
    {
      "type": "Feature",
      "geometry": {
        "type": "Point",
        "coordinates": [
          3.367548,
          6.600114
        ]
      },
      "properties": {
        "node_id": "J0612",
        "hours_flooded": 5.25,
        "max_rate_cms": 0.409,
        "total_vol_10e6l": 0.069,
        "max_ponded_m": 0.0,
        "elevation_m": 26.18,
        "flood_class": "Moderate",
        "colour": "#FF8F00",
        "pct_nonconverging": null,
        "label": "J0612 | Moderate | rate=0.41cms | flooded=5.2h | vol=0.1e6L"
      }
    },
    {
      "type": "Feature",
      "geometry": {
        "type": "Point",
        "coordinates": [
          3.482504,
          6.611603
        ]
      },
      "properties": {
        "node_id": "J0690",
        "hours_flooded": 1.63,
        "max_rate_cms": 0.408,
        "total_vol_10e6l": 1.245,
        "max_ponded_m": 0.0,
        "elevation_m": 3.13,
        "flood_class": "Moderate",
        "colour": "#FF8F00",
        "pct_nonconverging": null,
        "label": "J0690 | Moderate | rate=0.41cms | flooded=1.6h | vol=1.2e6L"
      }
    },
    {
      "type": "Feature",
      "geometry": {
        "type": "Point",
        "coordinates": [
          3.373618,
          6.628111
        ]
      },
      "properties": {
        "node_id": "J0406",
        "hours_flooded": 2.78,
        "max_rate_cms": 0.407,
        "total_vol_10e6l": 2.078,
        "max_ponded_m": 0.0,
        "elevation_m": 19.15,
        "flood_class": "Moderate",
        "colour": "#FF8F00",
        "pct_nonconverging": null,
        "label": "J0406 | Moderate | rate=0.41cms | flooded=2.8h | vol=2.1e6L"
      }
    },
    {
      "type": "Feature",
      "geometry": {
        "type": "Point",
        "coordinates": [
          3.40135,
          6.579468
        ]
      },
      "properties": {
        "node_id": "J0988",
        "hours_flooded": 2.99,
        "max_rate_cms": 0.401,
        "total_vol_10e6l": 2.085,
        "max_ponded_m": 0.0,
        "elevation_m": 2.67,
        "flood_class": "Moderate",
        "colour": "#FF8F00",
        "pct_nonconverging": null,
        "label": "J0988 | Moderate | rate=0.40cms | flooded=3.0h | vol=2.1e6L"
      }
    },
    {
      "type": "Feature",
      "geometry": {
        "type": "Point",
        "coordinates": [
          3.402245,
          6.604124
        ]
      },
      "properties": {
        "node_id": "J1840",
        "hours_flooded": 3.12,
        "max_rate_cms": 0.401,
        "total_vol_10e6l": 2.044,
        "max_ponded_m": 0.0,
        "elevation_m": 2.99,
        "flood_class": "Moderate",
        "colour": "#FF8F00",
        "pct_nonconverging": null,
        "label": "J1840 | Moderate | rate=0.40cms | flooded=3.1h | vol=2.0e6L"
      }
    },
    {
      "type": "Feature",
      "geometry": {
        "type": "Point",
        "coordinates": [
          3.397362,
          6.590892
        ]
      },
      "properties": {
        "node_id": "J1108",
        "hours_flooded": 1.72,
        "max_rate_cms": 0.4,
        "total_vol_10e6l": 1.176,
        "max_ponded_m": 0.0,
        "elevation_m": 5.73,
        "flood_class": "Moderate",
        "colour": "#FF8F00",
        "pct_nonconverging": null,
        "label": "J1108 | Moderate | rate=0.40cms | flooded=1.7h | vol=1.2e6L"
      }
    },
    {
      "type": "Feature",
      "geometry": {
        "type": "Point",
        "coordinates": [
          3.373103,
          6.544415
        ]
      },
      "properties": {
        "node_id": "J0021",
        "hours_flooded": 3.1,
        "max_rate_cms": 0.399,
        "total_vol_10e6l": 2.1,
        "max_ponded_m": 0.0,
        "elevation_m": 6.88,
        "flood_class": "Moderate",
        "colour": "#FF8F00",
        "pct_nonconverging": null,
        "label": "J0021 | Moderate | rate=0.40cms | flooded=3.1h | vol=2.1e6L"
      }
    },
    {
      "type": "Feature",
      "geometry": {
        "type": "Point",
        "coordinates": [
          3.401219,
          6.584842
        ]
      },
      "properties": {
        "node_id": "J0971",
        "hours_flooded": 1.58,
        "max_rate_cms": 0.398,
        "total_vol_10e6l": 1.427,
        "max_ponded_m": 0.0,
        "elevation_m": 2.64,
        "flood_class": "Moderate",
        "colour": "#FF8F00",
        "pct_nonconverging": null,
        "label": "J0971 | Moderate | rate=0.40cms | flooded=1.6h | vol=1.4e6L"
      }
    },
    {
      "type": "Feature",
      "geometry": {
        "type": "Point",
        "coordinates": [
          3.509314,
          6.555073
        ]
      },
      "properties": {
        "node_id": "J0778",
        "hours_flooded": 0.01,
        "max_rate_cms": 0.396,
        "total_vol_10e6l": 0.001,
        "max_ponded_m": 0.0,
        "elevation_m": 5.65,
        "flood_class": "Moderate",
        "colour": "#FF8F00",
        "pct_nonconverging": null,
        "label": "J0778 | Moderate | rate=0.40cms | flooded=0.0h | vol=0.0e6L"
      }
    },
    {
      "type": "Feature",
      "geometry": {
        "type": "Point",
        "coordinates": [
          3.396819,
          6.603172
        ]
      },
      "properties": {
        "node_id": "J1175",
        "hours_flooded": 5.24,
        "max_rate_cms": 0.395,
        "total_vol_10e6l": 2.128,
        "max_ponded_m": 0.0,
        "elevation_m": 6.96,
        "flood_class": "Moderate",
        "colour": "#FF8F00",
        "pct_nonconverging": null,
        "label": "J1175 | Moderate | rate=0.40cms | flooded=5.2h | vol=2.1e6L"
      }
    },
    {
      "type": "Feature",
      "geometry": {
        "type": "Point",
        "coordinates": [
          3.374778,
          6.634891
        ]
      },
      "properties": {
        "node_id": "J0440",
        "hours_flooded": 2.51,
        "max_rate_cms": 0.392,
        "total_vol_10e6l": 1.399,
        "max_ponded_m": 0.0,
        "elevation_m": 25.36,
        "flood_class": "Moderate",
        "colour": "#FF8F00",
        "pct_nonconverging": null,
        "label": "J0440 | Moderate | rate=0.39cms | flooded=2.5h | vol=1.4e6L"
      }
    },
    {
      "type": "Feature",
      "geometry": {
        "type": "Point",
        "coordinates": [
          3.397614,
          6.59074
        ]
      },
      "properties": {
        "node_id": "J1109",
        "hours_flooded": 2.05,
        "max_rate_cms": 0.392,
        "total_vol_10e6l": 0.94,
        "max_ponded_m": 0.0,
        "elevation_m": 5.73,
        "flood_class": "Moderate",
        "colour": "#FF8F00",
        "pct_nonconverging": null,
        "label": "J1109 | Moderate | rate=0.39cms | flooded=2.0h | vol=0.9e6L"
      }
    },
    {
      "type": "Feature",
      "geometry": {
        "type": "Point",
        "coordinates": [
          3.400557,
          6.574343
        ]
      },
      "properties": {
        "node_id": "J0950",
        "hours_flooded": 3.83,
        "max_rate_cms": 0.391,
        "total_vol_10e6l": 2.045,
        "max_ponded_m": 0.0,
        "elevation_m": 3.12,
        "flood_class": "Moderate",
        "colour": "#FF8F00",
        "pct_nonconverging": null,
        "label": "J0950 | Moderate | rate=0.39cms | flooded=3.8h | vol=2.0e6L"
      }
    },
    {
      "type": "Feature",
      "geometry": {
        "type": "Point",
        "coordinates": [
          3.376578,
          6.602617
        ]
      },
      "properties": {
        "node_id": "J0385",
        "hours_flooded": 2.61,
        "max_rate_cms": 0.39,
        "total_vol_10e6l": 1.961,
        "max_ponded_m": 0.0,
        "elevation_m": 31.92,
        "flood_class": "Moderate",
        "colour": "#FF8F00",
        "pct_nonconverging": null,
        "label": "J0385 | Moderate | rate=0.39cms | flooded=2.6h | vol=2.0e6L"
      }
    },
    {
      "type": "Feature",
      "geometry": {
        "type": "Point",
        "coordinates": [
          3.400184,
          6.595275
        ]
      },
      "properties": {
        "node_id": "J1087",
        "hours_flooded": 5.28,
        "max_rate_cms": 0.39,
        "total_vol_10e6l": 2.224,
        "max_ponded_m": 0.0,
        "elevation_m": 2.51,
        "flood_class": "Moderate",
        "colour": "#FF8F00",
        "pct_nonconverging": null,
        "label": "J1087 | Moderate | rate=0.39cms | flooded=5.3h | vol=2.2e6L"
      }
    },
    {
      "type": "Feature",
      "geometry": {
        "type": "Point",
        "coordinates": [
          3.374807,
          6.636094
        ]
      },
      "properties": {
        "node_id": "J0445",
        "hours_flooded": 0.01,
        "max_rate_cms": 0.389,
        "total_vol_10e6l": 0.001,
        "max_ponded_m": 0.0,
        "elevation_m": 25.36,
        "flood_class": "Moderate",
        "colour": "#FF8F00",
        "pct_nonconverging": null,
        "label": "J0445 | Moderate | rate=0.39cms | flooded=0.0h | vol=0.0e6L"
      }
    },
    {
      "type": "Feature",
      "geometry": {
        "type": "Point",
        "coordinates": [
          3.39779,
          6.572949
        ]
      },
      "properties": {
        "node_id": "J0310",
        "hours_flooded": 5.29,
        "max_rate_cms": 0.388,
        "total_vol_10e6l": 2.127,
        "max_ponded_m": 0.0,
        "elevation_m": 9.16,
        "flood_class": "Moderate",
        "colour": "#FF8F00",
        "pct_nonconverging": null,
        "label": "J0310 | Moderate | rate=0.39cms | flooded=5.3h | vol=2.1e6L"
      }
    },
    {
      "type": "Feature",
      "geometry": {
        "type": "Point",
        "coordinates": [
          3.374699,
          6.635452
        ]
      },
      "properties": {
        "node_id": "J0443",
        "hours_flooded": 0.53,
        "max_rate_cms": 0.385,
        "total_vol_10e6l": 0.001,
        "max_ponded_m": 0.0,
        "elevation_m": 25.36,
        "flood_class": "Moderate",
        "colour": "#FF8F00",
        "pct_nonconverging": null,
        "label": "J0443 | Moderate | rate=0.39cms | flooded=0.5h | vol=0.0e6L"
      }
    },
    {
      "type": "Feature",
      "geometry": {
        "type": "Point",
        "coordinates": [
          3.38432,
          6.584754
        ]
      },
      "properties": {
        "node_id": "J0894",
        "hours_flooded": 5.21,
        "max_rate_cms": 0.382,
        "total_vol_10e6l": 2.048,
        "max_ponded_m": 0.0,
        "elevation_m": 5.26,
        "flood_class": "Moderate",
        "colour": "#FF8F00",
        "pct_nonconverging": null,
        "label": "J0894 | Moderate | rate=0.38cms | flooded=5.2h | vol=2.0e6L"
      }
    },
    {
      "type": "Feature",
      "geometry": {
        "type": "Point",
        "coordinates": [
          3.393991,
          6.586573
        ]
      },
      "properties": {
        "node_id": "J1076",
        "hours_flooded": 1.31,
        "max_rate_cms": 0.382,
        "total_vol_10e6l": 0.972,
        "max_ponded_m": 0.0,
        "elevation_m": 5.33,
        "flood_class": "Moderate",
        "colour": "#FF8F00",
        "pct_nonconverging": null,
        "label": "J1076 | Moderate | rate=0.38cms | flooded=1.3h | vol=1.0e6L"
      }
    },
    {
      "type": "Feature",
      "geometry": {
        "type": "Point",
        "coordinates": [
          3.397799,
          6.590574
        ]
      },
      "properties": {
        "node_id": "J1110",
        "hours_flooded": 2.17,
        "max_rate_cms": 0.38,
        "total_vol_10e6l": 0.795,
        "max_ponded_m": 0.0,
        "elevation_m": 5.73,
        "flood_class": "Moderate",
        "colour": "#FF8F00",
        "pct_nonconverging": null,
        "label": "J1110 | Moderate | rate=0.38cms | flooded=2.2h | vol=0.8e6L"
      }
    },
    {
      "type": "Feature",
      "geometry": {
        "type": "Point",
        "coordinates": [
          3.380244,
          6.548398
        ]
      },
      "properties": {
        "node_id": "J0092",
        "hours_flooded": 4.71,
        "max_rate_cms": 0.379,
        "total_vol_10e6l": 1.971,
        "max_ponded_m": 0.0,
        "elevation_m": 3.45,
        "flood_class": "Moderate",
        "colour": "#FF8F00",
        "pct_nonconverging": null,
        "label": "J0092 | Moderate | rate=0.38cms | flooded=4.7h | vol=2.0e6L"
      }
    },
    {
      "type": "Feature",
      "geometry": {
        "type": "Point",
        "coordinates": [
          3.36835,
          6.630876
        ]
      },
      "properties": {
        "node_id": "J0396",
        "hours_flooded": 5.11,
        "max_rate_cms": 0.378,
        "total_vol_10e6l": 0.425,
        "max_ponded_m": 0.0,
        "elevation_m": 27.22,
        "flood_class": "Moderate",
        "colour": "#FF8F00",
        "pct_nonconverging": null,
        "label": "J0396 | Moderate | rate=0.38cms | flooded=5.1h | vol=0.4e6L"
      }
    },
    {
      "type": "Feature",
      "geometry": {
        "type": "Point",
        "coordinates": [
          3.401294,
          6.579939
        ]
      },
      "properties": {
        "node_id": "J0990",
        "hours_flooded": 2.9,
        "max_rate_cms": 0.377,
        "total_vol_10e6l": 1.955,
        "max_ponded_m": 0.0,
        "elevation_m": 2.67,
        "flood_class": "Moderate",
        "colour": "#FF8F00",
        "pct_nonconverging": null,
        "label": "J0990 | Moderate | rate=0.38cms | flooded=2.9h | vol=2.0e6L"
      }
    },
    {
      "type": "Feature",
      "geometry": {
        "type": "Point",
        "coordinates": [
          3.37839,
          6.542756
        ]
      },
      "properties": {
        "node_id": "J1479",
        "hours_flooded": 0.01,
        "max_rate_cms": 0.377,
        "total_vol_10e6l": 0.001,
        "max_ponded_m": 0.0,
        "elevation_m": 4.9,
        "flood_class": "Moderate",
        "colour": "#FF8F00",
        "pct_nonconverging": null,
        "label": "J1479 | Moderate | rate=0.38cms | flooded=0.0h | vol=0.0e6L"
      }
    },
    {
      "type": "Feature",
      "geometry": {
        "type": "Point",
        "coordinates": [
          3.376683,
          6.584385
        ]
      },
      "properties": {
        "node_id": "J1211",
        "hours_flooded": 0.35,
        "max_rate_cms": 0.376,
        "total_vol_10e6l": 0.291,
        "max_ponded_m": 0.0,
        "elevation_m": 20.67,
        "flood_class": "Moderate",
        "colour": "#FF8F00",
        "pct_nonconverging": null,
        "label": "J1211 | Moderate | rate=0.38cms | flooded=0.3h | vol=0.3e6L"
      }
    },
    {
      "type": "Feature",
      "geometry": {
        "type": "Point",
        "coordinates": [
          3.374976,
          6.63697
        ]
      },
      "properties": {
        "node_id": "J0449",
        "hours_flooded": 4.97,
        "max_rate_cms": 0.374,
        "total_vol_10e6l": 1.293,
        "max_ponded_m": 0.0,
        "elevation_m": 24.63,
        "flood_class": "Moderate",
        "colour": "#FF8F00",
        "pct_nonconverging": null,
        "label": "J0449 | Moderate | rate=0.37cms | flooded=5.0h | vol=1.3e6L"
      }
    },
    {
      "type": "Feature",
      "geometry": {
        "type": "Point",
        "coordinates": [
          3.394395,
          6.607992
        ]
      },
      "properties": {
        "node_id": "J1933",
        "hours_flooded": 1.53,
        "max_rate_cms": 0.374,
        "total_vol_10e6l": 1.072,
        "max_ponded_m": 0.0,
        "elevation_m": 15.21,
        "flood_class": "Moderate",
        "colour": "#FF8F00",
        "pct_nonconverging": null,
        "label": "J1933 | Moderate | rate=0.37cms | flooded=1.5h | vol=1.1e6L"
      }
    },
    {
      "type": "Feature",
      "geometry": {
        "type": "Point",
        "coordinates": [
          3.48271,
          6.611441
        ]
      },
      "properties": {
        "node_id": "J0691",
        "hours_flooded": 1.88,
        "max_rate_cms": 0.373,
        "total_vol_10e6l": 1.431,
        "max_ponded_m": 0.0,
        "elevation_m": 3.13,
        "flood_class": "Moderate",
        "colour": "#FF8F00",
        "pct_nonconverging": null,
        "label": "J0691 | Moderate | rate=0.37cms | flooded=1.9h | vol=1.4e6L"
      }
    },
    {
      "type": "Feature",
      "geometry": {
        "type": "Point",
        "coordinates": [
          3.402998,
          6.549141
        ]
      },
      "properties": {
        "node_id": "J1769",
        "hours_flooded": 1.04,
        "max_rate_cms": 0.372,
        "total_vol_10e6l": 0.617,
        "max_ponded_m": 0.0,
        "elevation_m": 11.53,
        "flood_class": "Moderate",
        "colour": "#FF8F00",
        "pct_nonconverging": null,
        "label": "J1769 | Moderate | rate=0.37cms | flooded=1.0h | vol=0.6e6L"
      }
    },
    {
      "type": "Feature",
      "geometry": {
        "type": "Point",
        "coordinates": [
          3.394089,
          6.60812
        ]
      },
      "properties": {
        "node_id": "J1877",
        "hours_flooded": 3.51,
        "max_rate_cms": 0.372,
        "total_vol_10e6l": 1.967,
        "max_ponded_m": 0.0,
        "elevation_m": 15.21,
        "flood_class": "Moderate",
        "colour": "#FF8F00",
        "pct_nonconverging": null,
        "label": "J1877 | Moderate | rate=0.37cms | flooded=3.5h | vol=2.0e6L"
      }
    },
    {
      "type": "Feature",
      "geometry": {
        "type": "Point",
        "coordinates": [
          3.473273,
          6.552859
        ]
      },
      "properties": {
        "node_id": "J1715",
        "hours_flooded": 5.33,
        "max_rate_cms": 0.368,
        "total_vol_10e6l": 2.252,
        "max_ponded_m": 0.0,
        "elevation_m": 1.43,
        "flood_class": "Moderate",
        "colour": "#FF8F00",
        "pct_nonconverging": null,
        "label": "J1715 | Moderate | rate=0.37cms | flooded=5.3h | vol=2.3e6L"
      }
    },
    {
      "type": "Feature",
      "geometry": {
        "type": "Point",
        "coordinates": [
          3.375357,
          6.637273
        ]
      },
      "properties": {
        "node_id": "J0451",
        "hours_flooded": 4.84,
        "max_rate_cms": 0.366,
        "total_vol_10e6l": 0.989,
        "max_ponded_m": 0.0,
        "elevation_m": 24.63,
        "flood_class": "Moderate",
        "colour": "#FF8F00",
        "pct_nonconverging": null,
        "label": "J0451 | Moderate | rate=0.37cms | flooded=4.8h | vol=1.0e6L"
      }
    },
    {
      "type": "Feature",
      "geometry": {
        "type": "Point",
        "coordinates": [
          3.373065,
          6.592051
        ]
      },
      "properties": {
        "node_id": "J0641",
        "hours_flooded": 0.01,
        "max_rate_cms": 0.364,
        "total_vol_10e6l": 0.0,
        "max_ponded_m": 0.0,
        "elevation_m": 24.68,
        "flood_class": "Moderate",
        "colour": "#FF8F00",
        "pct_nonconverging": null,
        "label": "J0641 | Moderate | rate=0.36cms | flooded=0.0h | vol=0.0e6L"
      }
    },
    {
      "type": "Feature",
      "geometry": {
        "type": "Point",
        "coordinates": [
          3.374691,
          6.635284
        ]
      },
      "properties": {
        "node_id": "J0442",
        "hours_flooded": 1.3,
        "max_rate_cms": 0.361,
        "total_vol_10e6l": 0.132,
        "max_ponded_m": 0.0,
        "elevation_m": 25.36,
        "flood_class": "Moderate",
        "colour": "#FF8F00",
        "pct_nonconverging": null,
        "label": "J0442 | Moderate | rate=0.36cms | flooded=1.3h | vol=0.1e6L"
      }
    },
    {
      "type": "Feature",
      "geometry": {
        "type": "Point",
        "coordinates": [
          3.47608,
          6.560944
        ]
      },
      "properties": {
        "node_id": "J1653",
        "hours_flooded": 0.61,
        "max_rate_cms": 0.361,
        "total_vol_10e6l": 0.423,
        "max_ponded_m": 0.0,
        "elevation_m": 5.99,
        "flood_class": "Moderate",
        "colour": "#FF8F00",
        "pct_nonconverging": null,
        "label": "J1653 | Moderate | rate=0.36cms | flooded=0.6h | vol=0.4e6L"
      }
    },
    {
      "type": "Feature",
      "geometry": {
        "type": "Point",
        "coordinates": [
          3.401993,
          6.604262
        ]
      },
      "properties": {
        "node_id": "J1839",
        "hours_flooded": 2.58,
        "max_rate_cms": 0.359,
        "total_vol_10e6l": 1.398,
        "max_ponded_m": 0.0,
        "elevation_m": 2.99,
        "flood_class": "Moderate",
        "colour": "#FF8F00",
        "pct_nonconverging": null,
        "label": "J1839 | Moderate | rate=0.36cms | flooded=2.6h | vol=1.4e6L"
      }
    },
    {
      "type": "Feature",
      "geometry": {
        "type": "Point",
        "coordinates": [
          3.482974,
          6.632592
        ]
      },
      "properties": {
        "node_id": "J2194",
        "hours_flooded": 0.3,
        "max_rate_cms": 0.357,
        "total_vol_10e6l": 0.081,
        "max_ponded_m": 0.0,
        "elevation_m": 10.13,
        "flood_class": "Moderate",
        "colour": "#FF8F00",
        "pct_nonconverging": null,
        "label": "J2194 | Moderate | rate=0.36cms | flooded=0.3h | vol=0.1e6L"
      }
    },
    {
      "type": "Feature",
      "geometry": {
        "type": "Point",
        "coordinates": [
          3.5084,
          6.552742
        ]
      },
      "properties": {
        "node_id": "J0770",
        "hours_flooded": 4.06,
        "max_rate_cms": 0.356,
        "total_vol_10e6l": 4.364,
        "max_ponded_m": 0.0,
        "elevation_m": 3.92,
        "flood_class": "Moderate",
        "colour": "#FF8F00",
        "pct_nonconverging": null,
        "label": "J0770 | Moderate | rate=0.36cms | flooded=4.1h | vol=4.4e6L"
      }
    },
    {
      "type": "Feature",
      "geometry": {
        "type": "Point",
        "coordinates": [
          3.396957,
          6.591209
        ]
      },
      "properties": {
        "node_id": "J1106",
        "hours_flooded": 1.47,
        "max_rate_cms": 0.356,
        "total_vol_10e6l": 0.992,
        "max_ponded_m": 0.0,
        "elevation_m": 5.72,
        "flood_class": "Moderate",
        "colour": "#FF8F00",
        "pct_nonconverging": null,
        "label": "J1106 | Moderate | rate=0.36cms | flooded=1.5h | vol=1.0e6L"
      }
    },
    {
      "type": "Feature",
      "geometry": {
        "type": "Point",
        "coordinates": [
          3.381107,
          6.548131
        ]
      },
      "properties": {
        "node_id": "J0090",
        "hours_flooded": 4.69,
        "max_rate_cms": 0.355,
        "total_vol_10e6l": 1.837,
        "max_ponded_m": 0.0,
        "elevation_m": 3.45,
        "flood_class": "Moderate",
        "colour": "#FF8F00",
        "pct_nonconverging": null,
        "label": "J0090 | Moderate | rate=0.35cms | flooded=4.7h | vol=1.8e6L"
      }
    },
    {
      "type": "Feature",
      "geometry": {
        "type": "Point",
        "coordinates": [
          3.392005,
          6.594927
        ]
      },
      "properties": {
        "node_id": "J1152",
        "hours_flooded": 2.04,
        "max_rate_cms": 0.355,
        "total_vol_10e6l": 1.475,
        "max_ponded_m": 0.0,
        "elevation_m": 12.75,
        "flood_class": "Moderate",
        "colour": "#FF8F00",
        "pct_nonconverging": null,
        "label": "J1152 | Moderate | rate=0.35cms | flooded=2.0h | vol=1.5e6L"
      }
    },
    {
      "type": "Feature",
      "geometry": {
        "type": "Point",
        "coordinates": [
          3.375901,
          6.637545
        ]
      },
      "properties": {
        "node_id": "J0454",
        "hours_flooded": 4.65,
        "max_rate_cms": 0.354,
        "total_vol_10e6l": 0.673,
        "max_ponded_m": 0.0,
        "elevation_m": 24.63,
        "flood_class": "Moderate",
        "colour": "#FF8F00",
        "pct_nonconverging": null,
        "label": "J0454 | Moderate | rate=0.35cms | flooded=4.7h | vol=0.7e6L"
      }
    },
    {
      "type": "Feature",
      "geometry": {
        "type": "Point",
        "coordinates": [
          3.385728,
          6.52485
        ]
      },
      "properties": {
        "node_id": "J0130",
        "hours_flooded": 0.01,
        "max_rate_cms": 0.353,
        "total_vol_10e6l": 0.0,
        "max_ponded_m": 0.0,
        "elevation_m": 1.26,
        "flood_class": "Moderate",
        "colour": "#FF8F00",
        "pct_nonconverging": null,
        "label": "J0130 | Moderate | rate=0.35cms | flooded=0.0h | vol=0.0e6L"
      }
    },
    {
      "type": "Feature",
      "geometry": {
        "type": "Point",
        "coordinates": [
          3.476147,
          6.651227
        ]
      },
      "properties": {
        "node_id": "J2239",
        "hours_flooded": 2.01,
        "max_rate_cms": 0.353,
        "total_vol_10e6l": 0.001,
        "max_ponded_m": 0.0,
        "elevation_m": 10.34,
        "flood_class": "Moderate",
        "colour": "#FF8F00",
        "pct_nonconverging": null,
        "label": "J2239 | Moderate | rate=0.35cms | flooded=2.0h | vol=0.0e6L"
      }
    },
    {
      "type": "Feature",
      "geometry": {
        "type": "Point",
        "coordinates": [
          3.40135,
          6.577705
        ]
      },
      "properties": {
        "node_id": "J0980",
        "hours_flooded": 0.57,
        "max_rate_cms": 0.351,
        "total_vol_10e6l": 0.521,
        "max_ponded_m": 0.0,
        "elevation_m": 3.47,
        "flood_class": "Moderate",
        "colour": "#FF8F00",
        "pct_nonconverging": null,
        "label": "J0980 | Moderate | rate=0.35cms | flooded=0.6h | vol=0.5e6L"
      }
    },
    {
      "type": "Feature",
      "geometry": {
        "type": "Point",
        "coordinates": [
          3.377509,
          6.543271
        ]
      },
      "properties": {
        "node_id": "J1473",
        "hours_flooded": 1.88,
        "max_rate_cms": 0.351,
        "total_vol_10e6l": 1.409,
        "max_ponded_m": 0.0,
        "elevation_m": 4.9,
        "flood_class": "Moderate",
        "colour": "#FF8F00",
        "pct_nonconverging": null,
        "label": "J1473 | Moderate | rate=0.35cms | flooded=1.9h | vol=1.4e6L"
      }
    },
    {
      "type": "Feature",
      "geometry": {
        "type": "Point",
        "coordinates": [
          3.378273,
          6.542855
        ]
      },
      "properties": {
        "node_id": "J1478",
        "hours_flooded": 0.35,
        "max_rate_cms": 0.351,
        "total_vol_10e6l": 0.017,
        "max_ponded_m": 0.0,
        "elevation_m": 4.9,
        "flood_class": "Moderate",
        "colour": "#FF8F00",
        "pct_nonconverging": null,
        "label": "J1478 | Moderate | rate=0.35cms | flooded=0.3h | vol=0.0e6L"
      }
    },
    {
      "type": "Feature",
      "geometry": {
        "type": "Point",
        "coordinates": [
          3.399177,
          6.551387
        ]
      },
      "properties": {
        "node_id": "J0277",
        "hours_flooded": 0.57,
        "max_rate_cms": 0.349,
        "total_vol_10e6l": 0.391,
        "max_ponded_m": 0.0,
        "elevation_m": 7.98,
        "flood_class": "Moderate",
        "colour": "#FF8F00",
        "pct_nonconverging": null,
        "label": "J0277 | Moderate | rate=0.35cms | flooded=0.6h | vol=0.4e6L"
      }
    },
    {
      "type": "Feature",
      "geometry": {
        "type": "Point",
        "coordinates": [
          3.40097,
          6.582698
        ]
      },
      "properties": {
        "node_id": "J1000",
        "hours_flooded": 3.3,
        "max_rate_cms": 0.349,
        "total_vol_10e6l": 1.344,
        "max_ponded_m": 0.0,
        "elevation_m": 1.9,
        "flood_class": "Moderate",
        "colour": "#FF8F00",
        "pct_nonconverging": null,
        "label": "J1000 | Moderate | rate=0.35cms | flooded=3.3h | vol=1.3e6L"
      }
    },
    {
      "type": "Feature",
      "geometry": {
        "type": "Point",
        "coordinates": [
          3.392464,
          6.605976
        ]
      },
      "properties": {
        "node_id": "J1925",
        "hours_flooded": 1.19,
        "max_rate_cms": 0.349,
        "total_vol_10e6l": 0.492,
        "max_ponded_m": 0.0,
        "elevation_m": 15.84,
        "flood_class": "Moderate",
        "colour": "#FF8F00",
        "pct_nonconverging": null,
        "label": "J1925 | Moderate | rate=0.35cms | flooded=1.2h | vol=0.5e6L"
      }
    },
    {
      "type": "Feature",
      "geometry": {
        "type": "Point",
        "coordinates": [
          3.378135,
          6.542948
        ]
      },
      "properties": {
        "node_id": "J1477",
        "hours_flooded": 0.61,
        "max_rate_cms": 0.348,
        "total_vol_10e6l": 0.345,
        "max_ponded_m": 0.0,
        "elevation_m": 4.9,
        "flood_class": "Moderate",
        "colour": "#FF8F00",
        "pct_nonconverging": null,
        "label": "J1477 | Moderate | rate=0.35cms | flooded=0.6h | vol=0.3e6L"
      }
    },
    {
      "type": "Feature",
      "geometry": {
        "type": "Point",
        "coordinates": [
          3.379491,
          6.541388
        ]
      },
      "properties": {
        "node_id": "J2063",
        "hours_flooded": 5.21,
        "max_rate_cms": 0.345,
        "total_vol_10e6l": 1.845,
        "max_ponded_m": 0.0,
        "elevation_m": 3.45,
        "flood_class": "Moderate",
        "colour": "#FF8F00",
        "pct_nonconverging": null,
        "label": "J2063 | Moderate | rate=0.34cms | flooded=5.2h | vol=1.8e6L"
      }
    },
    {
      "type": "Feature",
      "geometry": {
        "type": "Point",
        "coordinates": [
          3.496552,
          6.598405
        ]
      },
      "properties": {
        "node_id": "J1988",
        "hours_flooded": 5.2,
        "max_rate_cms": 0.344,
        "total_vol_10e6l": 1.924,
        "max_ponded_m": 0.0,
        "elevation_m": 5.6,
        "flood_class": "Moderate",
        "colour": "#FF8F00",
        "pct_nonconverging": null,
        "label": "J1988 | Moderate | rate=0.34cms | flooded=5.2h | vol=1.9e6L"
      }
    },
    {
      "type": "Feature",
      "geometry": {
        "type": "Point",
        "coordinates": [
          3.369397,
          6.599908
        ]
      },
      "properties": {
        "node_id": "J0618",
        "hours_flooded": 0.23,
        "max_rate_cms": 0.342,
        "total_vol_10e6l": 0.001,
        "max_ponded_m": 0.0,
        "elevation_m": 26.18,
        "flood_class": "Moderate",
        "colour": "#FF8F00",
        "pct_nonconverging": null,
        "label": "J0618 | Moderate | rate=0.34cms | flooded=0.2h | vol=0.0e6L"
      }
    },
    {
      "type": "Feature",
      "geometry": {
        "type": "Point",
        "coordinates": [
          3.372306,
          6.578412
        ]
      },
      "properties": {
        "node_id": "J2152",
        "hours_flooded": 0.01,
        "max_rate_cms": 0.341,
        "total_vol_10e6l": 0.0,
        "max_ponded_m": 0.0,
        "elevation_m": 4.63,
        "flood_class": "Moderate",
        "colour": "#FF8F00",
        "pct_nonconverging": null,
        "label": "J2152 | Moderate | rate=0.34cms | flooded=0.0h | vol=0.0e6L"
      }
    },
    {
      "type": "Feature",
      "geometry": {
        "type": "Point",
        "coordinates": [
          3.375558,
          6.637383
        ]
      },
      "properties": {
        "node_id": "J0452",
        "hours_flooded": 4.77,
        "max_rate_cms": 0.34,
        "total_vol_10e6l": 0.856,
        "max_ponded_m": 0.0,
        "elevation_m": 24.63,
        "flood_class": "Moderate",
        "colour": "#FF8F00",
        "pct_nonconverging": null,
        "label": "J0452 | Moderate | rate=0.34cms | flooded=4.8h | vol=0.9e6L"
      }
    },
    {
      "type": "Feature",
      "geometry": {
        "type": "Point",
        "coordinates": [
          3.365491,
          6.618407
        ]
      },
      "properties": {
        "node_id": "J1264",
        "hours_flooded": 0.96,
        "max_rate_cms": 0.339,
        "total_vol_10e6l": 0.64,
        "max_ponded_m": 0.0,
        "elevation_m": 40.51,
        "flood_class": "Moderate",
        "colour": "#FF8F00",
        "pct_nonconverging": null,
        "label": "J1264 | Moderate | rate=0.34cms | flooded=1.0h | vol=0.6e6L"
      }
    },
    {
      "type": "Feature",
      "geometry": {
        "type": "Point",
        "coordinates": [
          3.492443,
          6.588421
        ]
      },
      "properties": {
        "node_id": "J1577",
        "hours_flooded": 0.97,
        "max_rate_cms": 0.339,
        "total_vol_10e6l": 0.481,
        "max_ponded_m": 0.0,
        "elevation_m": 7.43,
        "flood_class": "Moderate",
        "colour": "#FF8F00",
        "pct_nonconverging": null,
        "label": "J1577 | Moderate | rate=0.34cms | flooded=1.0h | vol=0.5e6L"
      }
    },
    {
      "type": "Feature",
      "geometry": {
        "type": "Point",
        "coordinates": [
          3.48987,
          6.582294
        ]
      },
      "properties": {
        "node_id": "J1731",
        "hours_flooded": 0.05,
        "max_rate_cms": 0.337,
        "total_vol_10e6l": 0.0,
        "max_ponded_m": 0.0,
        "elevation_m": 5.53,
        "flood_class": "Moderate",
        "colour": "#FF8F00",
        "pct_nonconverging": null,
        "label": "J1731 | Moderate | rate=0.34cms | flooded=0.1h | vol=0.0e6L"
      }
    },
    {
      "type": "Feature",
      "geometry": {
        "type": "Point",
        "coordinates": [
          3.391956,
          6.595182
        ]
      },
      "properties": {
        "node_id": "J1151",
        "hours_flooded": 1.61,
        "max_rate_cms": 0.336,
        "total_vol_10e6l": 1.316,
        "max_ponded_m": 0.0,
        "elevation_m": 12.75,
        "flood_class": "Moderate",
        "colour": "#FF8F00",
        "pct_nonconverging": null,
        "label": "J1151 | Moderate | rate=0.34cms | flooded=1.6h | vol=1.3e6L"
      }
    },
    {
      "type": "Feature",
      "geometry": {
        "type": "Point",
        "coordinates": [
          3.37472,
          6.635074
        ]
      },
      "properties": {
        "node_id": "J0441",
        "hours_flooded": 2.05,
        "max_rate_cms": 0.334,
        "total_vol_10e6l": 0.713,
        "max_ponded_m": 0.0,
        "elevation_m": 25.36,
        "flood_class": "Moderate",
        "colour": "#FF8F00",
        "pct_nonconverging": null,
        "label": "J0441 | Moderate | rate=0.33cms | flooded=2.0h | vol=0.7e6L"
      }
    },
    {
      "type": "Feature",
      "geometry": {
        "type": "Point",
        "coordinates": [
          3.379473,
          6.5995
        ]
      },
      "properties": {
        "node_id": "J0350",
        "hours_flooded": 0.32,
        "max_rate_cms": 0.332,
        "total_vol_10e6l": 0.016,
        "max_ponded_m": 0.0,
        "elevation_m": 30.14,
        "flood_class": "Moderate",
        "colour": "#FF8F00",
        "pct_nonconverging": null,
        "label": "J0350 | Moderate | rate=0.33cms | flooded=0.3h | vol=0.0e6L"
      }
    },
    {
      "type": "Feature",
      "geometry": {
        "type": "Point",
        "coordinates": [
          3.48207,
          6.611903
        ]
      },
      "properties": {
        "node_id": "J0689",
        "hours_flooded": 1.0,
        "max_rate_cms": 0.331,
        "total_vol_10e6l": 0.635,
        "max_ponded_m": 0.0,
        "elevation_m": 3.13,
        "flood_class": "Moderate",
        "colour": "#FF8F00",
        "pct_nonconverging": null,
        "label": "J0689 | Moderate | rate=0.33cms | flooded=1.0h | vol=0.6e6L"
      }
    },
    {
      "type": "Feature",
      "geometry": {
        "type": "Point",
        "coordinates": [
          3.381246,
          6.599763
        ]
      },
      "properties": {
        "node_id": "J0354",
        "hours_flooded": 0.56,
        "max_rate_cms": 0.33,
        "total_vol_10e6l": 0.412,
        "max_ponded_m": 0.0,
        "elevation_m": 28.21,
        "flood_class": "Moderate",
        "colour": "#FF8F00",
        "pct_nonconverging": null,
        "label": "J0354 | Moderate | rate=0.33cms | flooded=0.6h | vol=0.4e6L"
      }
    },
    {
      "type": "Feature",
      "geometry": {
        "type": "Point",
        "coordinates": [
          3.401442,
          6.58462
        ]
      },
      "properties": {
        "node_id": "J0972",
        "hours_flooded": 1.05,
        "max_rate_cms": 0.328,
        "total_vol_10e6l": 0.448,
        "max_ponded_m": 0.0,
        "elevation_m": 2.64,
        "flood_class": "Moderate",
        "colour": "#FF8F00",
        "pct_nonconverging": null,
        "label": "J0972 | Moderate | rate=0.33cms | flooded=1.1h | vol=0.4e6L"
      }
    },
    {
      "type": "Feature",
      "geometry": {
        "type": "Point",
        "coordinates": [
          3.391024,
          6.558136
        ]
      },
      "properties": {
        "node_id": "J1411",
        "hours_flooded": 5.32,
        "max_rate_cms": 0.327,
        "total_vol_10e6l": 1.765,
        "max_ponded_m": 0.0,
        "elevation_m": 8.72,
        "flood_class": "Moderate",
        "colour": "#FF8F00",
        "pct_nonconverging": null,
        "label": "J1411 | Moderate | rate=0.33cms | flooded=5.3h | vol=1.8e6L"
      }
    },
    {
      "type": "Feature",
      "geometry": {
        "type": "Point",
        "coordinates": [
          3.399442,
          6.588756
        ]
      },
      "properties": {
        "node_id": "J1033",
        "hours_flooded": 3.46,
        "max_rate_cms": 0.325,
        "total_vol_10e6l": 1.721,
        "max_ponded_m": 0.0,
        "elevation_m": 5.57,
        "flood_class": "Moderate",
        "colour": "#FF8F00",
        "pct_nonconverging": null,
        "label": "J1033 | Moderate | rate=0.33cms | flooded=3.5h | vol=1.7e6L"
      }
    },
    {
      "type": "Feature",
      "geometry": {
        "type": "Point",
        "coordinates": [
          3.502662,
          6.596273
        ]
      },
      "properties": {
        "node_id": "J1966",
        "hours_flooded": 0.39,
        "max_rate_cms": 0.325,
        "total_vol_10e6l": 0.276,
        "max_ponded_m": 0.0,
        "elevation_m": 8.28,
        "flood_class": "Moderate",
        "colour": "#FF8F00",
        "pct_nonconverging": null,
        "label": "J1966 | Moderate | rate=0.33cms | flooded=0.4h | vol=0.3e6L"
      }
    },
    {
      "type": "Feature",
      "geometry": {
        "type": "Point",
        "coordinates": [
          3.373926,
          6.599376
        ]
      },
      "properties": {
        "node_id": "J0628",
        "hours_flooded": 0.88,
        "max_rate_cms": 0.324,
        "total_vol_10e6l": 0.528,
        "max_ponded_m": 0.0,
        "elevation_m": 34.22,
        "flood_class": "Moderate",
        "colour": "#FF8F00",
        "pct_nonconverging": null,
        "label": "J0628 | Moderate | rate=0.32cms | flooded=0.9h | vol=0.5e6L"
      }
    },
    {
      "type": "Feature",
      "geometry": {
        "type": "Point",
        "coordinates": [
          3.509339,
          6.554818
        ]
      },
      "properties": {
        "node_id": "J0777",
        "hours_flooded": 2.94,
        "max_rate_cms": 0.324,
        "total_vol_10e6l": 2.337,
        "max_ponded_m": 0.0,
        "elevation_m": 4.72,
        "flood_class": "Moderate",
        "colour": "#FF8F00",
        "pct_nonconverging": null,
        "label": "J0777 | Moderate | rate=0.32cms | flooded=2.9h | vol=2.3e6L"
      }
    },
    {
      "type": "Feature",
      "geometry": {
        "type": "Point",
        "coordinates": [
          3.395856,
          6.592019
        ]
      },
      "properties": {
        "node_id": "J1136",
        "hours_flooded": 5.25,
        "max_rate_cms": 0.323,
        "total_vol_10e6l": 1.735,
        "max_ponded_m": 0.0,
        "elevation_m": 4.95,
        "flood_class": "Moderate",
        "colour": "#FF8F00",
        "pct_nonconverging": null,
        "label": "J1136 | Moderate | rate=0.32cms | flooded=5.2h | vol=1.7e6L"
      }
    },
    {
      "type": "Feature",
      "geometry": {
        "type": "Point",
        "coordinates": [
          3.421764,
          6.607374
        ]
      },
      "properties": {
        "node_id": "J1416",
        "hours_flooded": 0.4,
        "max_rate_cms": 0.321,
        "total_vol_10e6l": 0.257,
        "max_ponded_m": 0.0,
        "elevation_m": 4.06,
        "flood_class": "Moderate",
        "colour": "#FF8F00",
        "pct_nonconverging": null,
        "label": "J1416 | Moderate | rate=0.32cms | flooded=0.4h | vol=0.3e6L"
      }
    },
    {
      "type": "Feature",
      "geometry": {
        "type": "Point",
        "coordinates": [
          3.485594,
          6.573518
        ]
      },
      "properties": {
        "node_id": "J1617",
        "hours_flooded": 0.67,
        "max_rate_cms": 0.319,
        "total_vol_10e6l": 0.363,
        "max_ponded_m": 0.0,
        "elevation_m": 6.25,
        "flood_class": "Moderate",
        "colour": "#FF8F00",
        "pct_nonconverging": null,
        "label": "J1617 | Moderate | rate=0.32cms | flooded=0.7h | vol=0.4e6L"
      }
    },
    {
      "type": "Feature",
      "geometry": {
        "type": "Point",
        "coordinates": [
          3.476136,
          6.652034
        ]
      },
      "properties": {
        "node_id": "J2242",
        "hours_flooded": 2.66,
        "max_rate_cms": 0.319,
        "total_vol_10e6l": 0.004,
        "max_ponded_m": 0.0,
        "elevation_m": 10.34,
        "flood_class": "Moderate",
        "colour": "#FF8F00",
        "pct_nonconverging": null,
        "label": "J2242 | Moderate | rate=0.32cms | flooded=2.7h | vol=0.0e6L"
      }
    },
    {
      "type": "Feature",
      "geometry": {
        "type": "Point",
        "coordinates": [
          3.401368,
          6.583329
        ]
      },
      "properties": {
        "node_id": "J1003",
        "hours_flooded": 3.41,
        "max_rate_cms": 0.317,
        "total_vol_10e6l": 0.493,
        "max_ponded_m": 0.0,
        "elevation_m": 1.9,
        "flood_class": "Moderate",
        "colour": "#FF8F00",
        "pct_nonconverging": null,
        "label": "J1003 | Moderate | rate=0.32cms | flooded=3.4h | vol=0.5e6L"
      }
    },
    {
      "type": "Feature",
      "geometry": {
        "type": "Point",
        "coordinates": [
          3.396716,
          6.613072
        ]
      },
      "properties": {
        "node_id": "J1440",
        "hours_flooded": 5.28,
        "max_rate_cms": 0.317,
        "total_vol_10e6l": 0.776,
        "max_ponded_m": 0.0,
        "elevation_m": 2.12,
        "flood_class": "Moderate",
        "colour": "#FF8F00",
        "pct_nonconverging": null,
        "label": "J1440 | Moderate | rate=0.32cms | flooded=5.3h | vol=0.8e6L"
      }
    },
    {
      "type": "Feature",
      "geometry": {
        "type": "Point",
        "coordinates": [
          3.372892,
          6.592066
        ]
      },
      "properties": {
        "node_id": "J0550",
        "hours_flooded": 0.01,
        "max_rate_cms": 0.316,
        "total_vol_10e6l": 0.0,
        "max_ponded_m": 0.0,
        "elevation_m": 24.68,
        "flood_class": "Moderate",
        "colour": "#FF8F00",
        "pct_nonconverging": null,
        "label": "J0550 | Moderate | rate=0.32cms | flooded=0.0h | vol=0.0e6L"
      }
    },
    {
      "type": "Feature",
      "geometry": {
        "type": "Point",
        "coordinates": [
          3.401386,
          6.57876
        ]
      },
      "properties": {
        "node_id": "J0985",
        "hours_flooded": 2.87,
        "max_rate_cms": 0.316,
        "total_vol_10e6l": 1.612,
        "max_ponded_m": 0.0,
        "elevation_m": 2.67,
        "flood_class": "Moderate",
        "colour": "#FF8F00",
        "pct_nonconverging": null,
        "label": "J0985 | Moderate | rate=0.32cms | flooded=2.9h | vol=1.6e6L"
      }
    },
    {
      "type": "Feature",
      "geometry": {
        "type": "Point",
        "coordinates": [
          3.4009,
          6.582544
        ]
      },
      "properties": {
        "node_id": "J0999",
        "hours_flooded": 3.25,
        "max_rate_cms": 0.316,
        "total_vol_10e6l": 1.666,
        "max_ponded_m": 0.0,
        "elevation_m": 1.9,
        "flood_class": "Moderate",
        "colour": "#FF8F00",
        "pct_nonconverging": null,
        "label": "J0999 | Moderate | rate=0.32cms | flooded=3.2h | vol=1.7e6L"
      }
    },
    {
      "type": "Feature",
      "geometry": {
        "type": "Point",
        "coordinates": [
          3.393911,
          6.623252
        ]
      },
      "properties": {
        "node_id": "J1386",
        "hours_flooded": 5.35,
        "max_rate_cms": 0.316,
        "total_vol_10e6l": 1.8,
        "max_ponded_m": 0.0,
        "elevation_m": 4.13,
        "flood_class": "Moderate",
        "colour": "#FF8F00",
        "pct_nonconverging": null,
        "label": "J1386 | Moderate | rate=0.32cms | flooded=5.3h | vol=1.8e6L"
      }
    },
    {
      "type": "Feature",
      "geometry": {
        "type": "Point",
        "coordinates": [
          3.397749,
          6.572314
        ]
      },
      "properties": {
        "node_id": "J0308",
        "hours_flooded": 5.29,
        "max_rate_cms": 0.314,
        "total_vol_10e6l": 1.692,
        "max_ponded_m": 0.0,
        "elevation_m": 9.16,
        "flood_class": "Moderate",
        "colour": "#FF8F00",
        "pct_nonconverging": null,
        "label": "J0308 | Moderate | rate=0.31cms | flooded=5.3h | vol=1.7e6L"
      }
    },
    {
      "type": "Feature",
      "geometry": {
        "type": "Point",
        "coordinates": [
          3.375704,
          6.637466
        ]
      },
      "properties": {
        "node_id": "J0453",
        "hours_flooded": 4.76,
        "max_rate_cms": 0.314,
        "total_vol_10e6l": 0.832,
        "max_ponded_m": 0.0,
        "elevation_m": 24.63,
        "flood_class": "Moderate",
        "colour": "#FF8F00",
        "pct_nonconverging": null,
        "label": "J0453 | Moderate | rate=0.31cms | flooded=4.8h | vol=0.8e6L"
      }
    },
    {
      "type": "Feature",
      "geometry": {
        "type": "Point",
        "coordinates": [
          3.493565,
          6.596095
        ]
      },
      "properties": {
        "node_id": "J1563",
        "hours_flooded": 5.21,
        "max_rate_cms": 0.308,
        "total_vol_10e6l": 1.667,
        "max_ponded_m": 0.0,
        "elevation_m": 2.77,
        "flood_class": "Moderate",
        "colour": "#FF8F00",
        "pct_nonconverging": null,
        "label": "J1563 | Moderate | rate=0.31cms | flooded=5.2h | vol=1.7e6L"
      }
    },
    {
      "type": "Feature",
      "geometry": {
        "type": "Point",
        "coordinates": [
          3.401317,
          6.579743
        ]
      },
      "properties": {
        "node_id": "J0989",
        "hours_flooded": 2.92,
        "max_rate_cms": 0.305,
        "total_vol_10e6l": 1.581,
        "max_ponded_m": 0.0,
        "elevation_m": 2.67,
        "flood_class": "Moderate",
        "colour": "#FF8F00",
        "pct_nonconverging": null,
        "label": "J0989 | Moderate | rate=0.30cms | flooded=2.9h | vol=1.6e6L"
      }
    },
    {
      "type": "Feature",
      "geometry": {
        "type": "Point",
        "coordinates": [
          3.38072,
          6.548227
        ]
      },
      "properties": {
        "node_id": "J0091",
        "hours_flooded": 4.7,
        "max_rate_cms": 0.303,
        "total_vol_10e6l": 1.566,
        "max_ponded_m": 0.0,
        "elevation_m": 3.45,
        "flood_class": "Moderate",
        "colour": "#FF8F00",
        "pct_nonconverging": null,
        "label": "J0091 | Moderate | rate=0.30cms | flooded=4.7h | vol=1.6e6L"
      }
    },
    {
      "type": "Feature",
      "geometry": {
        "type": "Point",
        "coordinates": [
          3.367494,
          6.597556
        ]
      },
      "properties": {
        "node_id": "J0531",
        "hours_flooded": 1.5,
        "max_rate_cms": 0.302,
        "total_vol_10e6l": 0.001,
        "max_ponded_m": 0.0,
        "elevation_m": 22.76,
        "flood_class": "Moderate",
        "colour": "#FF8F00",
        "pct_nonconverging": null,
        "label": "J0531 | Moderate | rate=0.30cms | flooded=1.5h | vol=0.0e6L"
      }
    },
    {
      "type": "Feature",
      "geometry": {
        "type": "Point",
        "coordinates": [
          3.368289,
          6.59688
        ]
      },
      "properties": {
        "node_id": "J0534",
        "hours_flooded": 1.45,
        "max_rate_cms": 0.3,
        "total_vol_10e6l": 0.001,
        "max_ponded_m": 0.0,
        "elevation_m": 22.76,
        "flood_class": "Moderate",
        "colour": "#FF8F00",
        "pct_nonconverging": null,
        "label": "J0534 | Moderate | rate=0.30cms | flooded=1.4h | vol=0.0e6L"
      }
    },
    {
      "type": "Feature",
      "geometry": {
        "type": "Point",
        "coordinates": [
          3.385943,
          6.597701
        ]
      },
      "properties": {
        "node_id": "J1907",
        "hours_flooded": 4.91,
        "max_rate_cms": 0.299,
        "total_vol_10e6l": 0.852,
        "max_ponded_m": 0.0,
        "elevation_m": 16.7,
        "flood_class": "Moderate",
        "colour": "#FF8F00",
        "pct_nonconverging": null,
        "label": "J1907 | Moderate | rate=0.30cms | flooded=4.9h | vol=0.9e6L"
      }
    },
    {
      "type": "Feature",
      "geometry": {
        "type": "Point",
        "coordinates": [
          3.486831,
          6.602792
        ]
      },
      "properties": {
        "node_id": "J0721",
        "hours_flooded": 0.01,
        "max_rate_cms": 0.297,
        "total_vol_10e6l": 0.0,
        "max_ponded_m": 0.0,
        "elevation_m": 2.82,
        "flood_class": "Moderate",
        "colour": "#FF8F00",
        "pct_nonconverging": null,
        "label": "J0721 | Moderate | rate=0.30cms | flooded=0.0h | vol=0.0e6L"
      }
    },
    {
      "type": "Feature",
      "geometry": {
        "type": "Point",
        "coordinates": [
          3.37202,
          6.578719
        ]
      },
      "properties": {
        "node_id": "J2150",
        "hours_flooded": 0.01,
        "max_rate_cms": 0.297,
        "total_vol_10e6l": 0.0,
        "max_ponded_m": 0.0,
        "elevation_m": 4.63,
        "flood_class": "Moderate",
        "colour": "#FF8F00",
        "pct_nonconverging": null,
        "label": "J2150 | Moderate | rate=0.30cms | flooded=0.0h | vol=0.0e6L"
      }
    },
    {
      "type": "Feature",
      "geometry": {
        "type": "Point",
        "coordinates": [
          3.37797,
          6.543052
        ]
      },
      "properties": {
        "node_id": "J1476",
        "hours_flooded": 0.93,
        "max_rate_cms": 0.295,
        "total_vol_10e6l": 0.298,
        "max_ponded_m": 0.0,
        "elevation_m": 4.9,
        "flood_class": "Moderate",
        "colour": "#FF8F00",
        "pct_nonconverging": null,
        "label": "J1476 | Moderate | rate=0.29cms | flooded=0.9h | vol=0.3e6L"
      }
    },
    {
      "type": "Feature",
      "geometry": {
        "type": "Point",
        "coordinates": [
          3.388267,
          6.597767
        ]
      },
      "properties": {
        "node_id": "J0028",
        "hours_flooded": 5.09,
        "max_rate_cms": 0.294,
        "total_vol_10e6l": 1.579,
        "max_ponded_m": 0.0,
        "elevation_m": 8.69,
        "flood_class": "Moderate",
        "colour": "#FF8F00",
        "pct_nonconverging": null,
        "label": "J0028 | Moderate | rate=0.29cms | flooded=5.1h | vol=1.6e6L"
      }
    },
    {
      "type": "Feature",
      "geometry": {
        "type": "Point",
        "coordinates": [
          3.396855,
          6.591302
        ]
      },
      "properties": {
        "node_id": "J1142",
        "hours_flooded": 0.51,
        "max_rate_cms": 0.294,
        "total_vol_10e6l": 0.097,
        "max_ponded_m": 0.0,
        "elevation_m": 5.72,
        "flood_class": "Moderate",
        "colour": "#FF8F00",
        "pct_nonconverging": null,
        "label": "J1142 | Moderate | rate=0.29cms | flooded=0.5h | vol=0.1e6L"
      }
    },
    {
      "type": "Feature",
      "geometry": {
        "type": "Point",
        "coordinates": [
          3.379852,
          6.54112
        ]
      },
      "properties": {
        "node_id": "J1462",
        "hours_flooded": 5.27,
        "max_rate_cms": 0.294,
        "total_vol_10e6l": 1.594,
        "max_ponded_m": 0.0,
        "elevation_m": 3.45,
        "flood_class": "Moderate",
        "colour": "#FF8F00",
        "pct_nonconverging": null,
        "label": "J1462 | Moderate | rate=0.29cms | flooded=5.3h | vol=1.6e6L"
      }
    },
    {
      "type": "Feature",
      "geometry": {
        "type": "Point",
        "coordinates": [
          3.391904,
          6.595439
        ]
      },
      "properties": {
        "node_id": "J1150",
        "hours_flooded": 1.47,
        "max_rate_cms": 0.293,
        "total_vol_10e6l": 0.95,
        "max_ponded_m": 0.0,
        "elevation_m": 12.75,
        "flood_class": "Moderate",
        "colour": "#FF8F00",
        "pct_nonconverging": null,
        "label": "J1150 | Moderate | rate=0.29cms | flooded=1.5h | vol=0.9e6L"
      }
    },
    {
      "type": "Feature",
      "geometry": {
        "type": "Point",
        "coordinates": [
          3.404687,
          6.548775
        ]
      },
      "properties": {
        "node_id": "J1773",
        "hours_flooded": 1.28,
        "max_rate_cms": 0.291,
        "total_vol_10e6l": 0.862,
        "max_ponded_m": 0.0,
        "elevation_m": 10.76,
        "flood_class": "Moderate",
        "colour": "#FF8F00",
        "pct_nonconverging": null,
        "label": "J1773 | Moderate | rate=0.29cms | flooded=1.3h | vol=0.9e6L"
      }
    },
    {
      "type": "Feature",
      "geometry": {
        "type": "Point",
        "coordinates": [
          3.396127,
          6.611234
        ]
      },
      "properties": {
        "node_id": "J1448",
        "hours_flooded": 1.33,
        "max_rate_cms": 0.29,
        "total_vol_10e6l": 0.943,
        "max_ponded_m": 0.0,
        "elevation_m": 6.58,
        "flood_class": "Moderate",
        "colour": "#FF8F00",
        "pct_nonconverging": null,
        "label": "J1448 | Moderate | rate=0.29cms | flooded=1.3h | vol=0.9e6L"
      }
    },
    {
      "type": "Feature",
      "geometry": {
        "type": "Point",
        "coordinates": [
          3.395411,
          6.587409
        ]
      },
      "properties": {
        "node_id": "J1069",
        "hours_flooded": 1.02,
        "max_rate_cms": 0.289,
        "total_vol_10e6l": 0.5,
        "max_ponded_m": 0.0,
        "elevation_m": 5.81,
        "flood_class": "Moderate",
        "colour": "#FF8F00",
        "pct_nonconverging": null,
        "label": "J1069 | Moderate | rate=0.29cms | flooded=1.0h | vol=0.5e6L"
      }
    },
    {
      "type": "Feature",
      "geometry": {
        "type": "Point",
        "coordinates": [
          3.374719,
          6.635674
        ]
      },
      "properties": {
        "node_id": "J0444",
        "hours_flooded": 0.01,
        "max_rate_cms": 0.287,
        "total_vol_10e6l": 0.0,
        "max_ponded_m": 0.0,
        "elevation_m": 25.36,
        "flood_class": "Moderate",
        "colour": "#FF8F00",
        "pct_nonconverging": null,
        "label": "J0444 | Moderate | rate=0.29cms | flooded=0.0h | vol=0.0e6L"
      }
    },
    {
      "type": "Feature",
      "geometry": {
        "type": "Point",
        "coordinates": [
          3.492535,
          6.589325
        ]
      },
      "properties": {
        "node_id": "J1737",
        "hours_flooded": 0.01,
        "max_rate_cms": 0.287,
        "total_vol_10e6l": 0.001,
        "max_ponded_m": 0.0,
        "elevation_m": 7.9,
        "flood_class": "Moderate",
        "colour": "#FF8F00",
        "pct_nonconverging": null,
        "label": "J1737 | Moderate | rate=0.29cms | flooded=0.0h | vol=0.0e6L"
      }
    },
    {
      "type": "Feature",
      "geometry": {
        "type": "Point",
        "coordinates": [
          3.391421,
          6.60455
        ]
      },
      "properties": {
        "node_id": "J1921",
        "hours_flooded": 1.44,
        "max_rate_cms": 0.287,
        "total_vol_10e6l": 0.83,
        "max_ponded_m": 0.0,
        "elevation_m": 17.26,
        "flood_class": "Moderate",
        "colour": "#FF8F00",
        "pct_nonconverging": null,
        "label": "J1921 | Moderate | rate=0.29cms | flooded=1.4h | vol=0.8e6L"
      }
    },
    {
      "type": "Feature",
      "geometry": {
        "type": "Point",
        "coordinates": [
          3.503709,
          6.54568
        ]
      },
      "properties": {
        "node_id": "J0753",
        "hours_flooded": 0.13,
        "max_rate_cms": 0.286,
        "total_vol_10e6l": 0.002,
        "max_ponded_m": 0.0,
        "elevation_m": 1.7,
        "flood_class": "Moderate",
        "colour": "#FF8F00",
        "pct_nonconverging": null,
        "label": "J0753 | Moderate | rate=0.29cms | flooded=0.1h | vol=0.0e6L"
      }
    },
    {
      "type": "Feature",
      "geometry": {
        "type": "Point",
        "coordinates": [
          3.399341,
          6.588438
        ]
      },
      "properties": {
        "node_id": "J1034",
        "hours_flooded": 3.44,
        "max_rate_cms": 0.286,
        "total_vol_10e6l": 1.511,
        "max_ponded_m": 0.0,
        "elevation_m": 5.57,
        "flood_class": "Moderate",
        "colour": "#FF8F00",
        "pct_nonconverging": null,
        "label": "J1034 | Moderate | rate=0.29cms | flooded=3.4h | vol=1.5e6L"
      }
    },
    {
      "type": "Feature",
      "geometry": {
        "type": "Point",
        "coordinates": [
          3.493556,
          6.595899
        ]
      },
      "properties": {
        "node_id": "J1564",
        "hours_flooded": 5.21,
        "max_rate_cms": 0.286,
        "total_vol_10e6l": 1.528,
        "max_ponded_m": 0.0,
        "elevation_m": 2.77,
        "flood_class": "Moderate",
        "colour": "#FF8F00",
        "pct_nonconverging": null,
        "label": "J1564 | Moderate | rate=0.29cms | flooded=5.2h | vol=1.5e6L"
      }
    },
    {
      "type": "Feature",
      "geometry": {
        "type": "Point",
        "coordinates": [
          3.378517,
          6.542598
        ]
      },
      "properties": {
        "node_id": "J2060",
        "hours_flooded": 0.01,
        "max_rate_cms": 0.285,
        "total_vol_10e6l": 0.001,
        "max_ponded_m": 0.0,
        "elevation_m": 4.9,
        "flood_class": "Moderate",
        "colour": "#FF8F00",
        "pct_nonconverging": null,
        "label": "J2060 | Moderate | rate=0.28cms | flooded=0.0h | vol=0.0e6L"
      }
    },
    {
      "type": "Feature",
      "geometry": {
        "type": "Point",
        "coordinates": [
          3.374862,
          6.636837
        ]
      },
      "properties": {
        "node_id": "J0448",
        "hours_flooded": 4.76,
        "max_rate_cms": 0.284,
        "total_vol_10e6l": 0.844,
        "max_ponded_m": 0.0,
        "elevation_m": 24.63,
        "flood_class": "Moderate",
        "colour": "#FF8F00",
        "pct_nonconverging": null,
        "label": "J0448 | Moderate | rate=0.28cms | flooded=4.8h | vol=0.8e6L"
      }
    },
    {
      "type": "Feature",
      "geometry": {
        "type": "Point",
        "coordinates": [
          3.368802,
          6.599943
        ]
      },
      "properties": {
        "node_id": "J0616",
        "hours_flooded": 0.55,
        "max_rate_cms": 0.284,
        "total_vol_10e6l": 0.001,
        "max_ponded_m": 0.0,
        "elevation_m": 26.18,
        "flood_class": "Moderate",
        "colour": "#FF8F00",
        "pct_nonconverging": null,
        "label": "J0616 | Moderate | rate=0.28cms | flooded=0.6h | vol=0.0e6L"
      }
    },
    {
      "type": "Feature",
      "geometry": {
        "type": "Point",
        "coordinates": [
          3.387424,
          6.599011
        ]
      },
      "properties": {
        "node_id": "J1914",
        "hours_flooded": 5.17,
        "max_rate_cms": 0.284,
        "total_vol_10e6l": 0.988,
        "max_ponded_m": 0.0,
        "elevation_m": 11.56,
        "flood_class": "Moderate",
        "colour": "#FF8F00",
        "pct_nonconverging": null,
        "label": "J1914 | Moderate | rate=0.28cms | flooded=5.2h | vol=1.0e6L"
      }
    },
    {
      "type": "Feature",
      "geometry": {
        "type": "Point",
        "coordinates": [
          3.503389,
          6.545419
        ]
      },
      "properties": {
        "node_id": "J0752",
        "hours_flooded": 5.28,
        "max_rate_cms": 0.28,
        "total_vol_10e6l": 1.065,
        "max_ponded_m": 0.0,
        "elevation_m": 1.7,
        "flood_class": "Moderate",
        "colour": "#FF8F00",
        "pct_nonconverging": null,
        "label": "J0752 | Moderate | rate=0.28cms | flooded=5.3h | vol=1.1e6L"
      }
    },
    {
      "type": "Feature",
      "geometry": {
        "type": "Point",
        "coordinates": [
          3.397216,
          6.617764
        ]
      },
      "properties": {
        "node_id": "J1399",
        "hours_flooded": 1.16,
        "max_rate_cms": 0.279,
        "total_vol_10e6l": 0.512,
        "max_ponded_m": 0.0,
        "elevation_m": 13.7,
        "flood_class": "Moderate",
        "colour": "#FF8F00",
        "pct_nonconverging": null,
        "label": "J1399 | Moderate | rate=0.28cms | flooded=1.2h | vol=0.5e6L"
      }
    },
    {
      "type": "Feature",
      "geometry": {
        "type": "Point",
        "coordinates": [
          3.401611,
          6.584401
        ]
      },
      "properties": {
        "node_id": "J0973",
        "hours_flooded": 0.01,
        "max_rate_cms": 0.277,
        "total_vol_10e6l": 0.0,
        "max_ponded_m": 0.0,
        "elevation_m": 2.64,
        "flood_class": "Moderate",
        "colour": "#FF8F00",
        "pct_nonconverging": null,
        "label": "J0973 | Moderate | rate=0.28cms | flooded=0.0h | vol=0.0e6L"
      }
    },
    {
      "type": "Feature",
      "geometry": {
        "type": "Point",
        "coordinates": [
          3.493519,
          6.595608
        ]
      },
      "properties": {
        "node_id": "J1565",
        "hours_flooded": 5.21,
        "max_rate_cms": 0.277,
        "total_vol_10e6l": 1.668,
        "max_ponded_m": 0.0,
        "elevation_m": 2.77,
        "flood_class": "Moderate",
        "colour": "#FF8F00",
        "pct_nonconverging": null,
        "label": "J1565 | Moderate | rate=0.28cms | flooded=5.2h | vol=1.7e6L"
      }
    },
    {
      "type": "Feature",
      "geometry": {
        "type": "Point",
        "coordinates": [
          3.396346,
          6.608275
        ]
      },
      "properties": {
        "node_id": "J1870",
        "hours_flooded": 5.18,
        "max_rate_cms": 0.276,
        "total_vol_10e6l": 1.479,
        "max_ponded_m": 0.0,
        "elevation_m": 11.37,
        "flood_class": "Moderate",
        "colour": "#FF8F00",
        "pct_nonconverging": null,
        "label": "J1870 | Moderate | rate=0.28cms | flooded=5.2h | vol=1.5e6L"
      }
    },
    {
      "type": "Feature",
      "geometry": {
        "type": "Point",
        "coordinates": [
          3.49636,
          6.598398
        ]
      },
      "properties": {
        "node_id": "J1950",
        "hours_flooded": 5.2,
        "max_rate_cms": 0.275,
        "total_vol_10e6l": 1.506,
        "max_ponded_m": 0.0,
        "elevation_m": 5.6,
        "flood_class": "Moderate",
        "colour": "#FF8F00",
        "pct_nonconverging": null,
        "label": "J1950 | Moderate | rate=0.28cms | flooded=5.2h | vol=1.5e6L"
      }
    },
    {
      "type": "Feature",
      "geometry": {
        "type": "Point",
        "coordinates": [
          3.386177,
          6.599045
        ]
      },
      "properties": {
        "node_id": "J0369",
        "hours_flooded": 0.01,
        "max_rate_cms": 0.274,
        "total_vol_10e6l": 0.001,
        "max_ponded_m": 0.0,
        "elevation_m": 18.72,
        "flood_class": "Moderate",
        "colour": "#FF8F00",
        "pct_nonconverging": null,
        "label": "J0369 | Moderate | rate=0.27cms | flooded=0.0h | vol=0.0e6L"
      }
    },
    {
      "type": "Feature",
      "geometry": {
        "type": "Point",
        "coordinates": [
          3.376037,
          6.637584
        ]
      },
      "properties": {
        "node_id": "J0455",
        "hours_flooded": 4.77,
        "max_rate_cms": 0.272,
        "total_vol_10e6l": 0.856,
        "max_ponded_m": 0.0,
        "elevation_m": 24.63,
        "flood_class": "Moderate",
        "colour": "#FF8F00",
        "pct_nonconverging": null,
        "label": "J0455 | Moderate | rate=0.27cms | flooded=4.8h | vol=0.9e6L"
      }
    },
    {
      "type": "Feature",
      "geometry": {
        "type": "Point",
        "coordinates": [
          3.476465,
          6.614364
        ]
      },
      "properties": {
        "node_id": "J0716",
        "hours_flooded": 5.13,
        "max_rate_cms": 0.27,
        "total_vol_10e6l": 1.434,
        "max_ponded_m": 0.0,
        "elevation_m": 1.72,
        "flood_class": "Moderate",
        "colour": "#FF8F00",
        "pct_nonconverging": null,
        "label": "J0716 | Moderate | rate=0.27cms | flooded=5.1h | vol=1.4e6L"
      }
    },
    {
      "type": "Feature",
      "geometry": {
        "type": "Point",
        "coordinates": [
          3.400359,
          6.574325
        ]
      },
      "properties": {
        "node_id": "J0949",
        "hours_flooded": 3.84,
        "max_rate_cms": 0.27,
        "total_vol_10e6l": 1.405,
        "max_ponded_m": 0.0,
        "elevation_m": 3.12,
        "flood_class": "Moderate",
        "colour": "#FF8F00",
        "pct_nonconverging": null,
        "label": "J0949 | Moderate | rate=0.27cms | flooded=3.8h | vol=1.4e6L"
      }
    },
    {
      "type": "Feature",
      "geometry": {
        "type": "Point",
        "coordinates": [
          3.506493,
          6.549674
        ]
      },
      "properties": {
        "node_id": "J0764",
        "hours_flooded": 0.01,
        "max_rate_cms": 0.269,
        "total_vol_10e6l": 0.001,
        "max_ponded_m": 0.0,
        "elevation_m": 5.17,
        "flood_class": "Moderate",
        "colour": "#FF8F00",
        "pct_nonconverging": null,
        "label": "J0764 | Moderate | rate=0.27cms | flooded=0.0h | vol=0.0e6L"
      }
    },
    {
      "type": "Feature",
      "geometry": {
        "type": "Point",
        "coordinates": [
          3.509259,
          6.554169
        ]
      },
      "properties": {
        "node_id": "J0774",
        "hours_flooded": 0.01,
        "max_rate_cms": 0.266,
        "total_vol_10e6l": 0.0,
        "max_ponded_m": 0.0,
        "elevation_m": 4.72,
        "flood_class": "Moderate",
        "colour": "#FF8F00",
        "pct_nonconverging": null,
        "label": "J0774 | Moderate | rate=0.27cms | flooded=0.0h | vol=0.0e6L"
      }
    },
    {
      "type": "Feature",
      "geometry": {
        "type": "Point",
        "coordinates": [
          3.396924,
          6.607955
        ]
      },
      "properties": {
        "node_id": "J1867",
        "hours_flooded": 4.8,
        "max_rate_cms": 0.266,
        "total_vol_10e6l": 1.416,
        "max_ponded_m": 0.0,
        "elevation_m": 11.37,
        "flood_class": "Moderate",
        "colour": "#FF8F00",
        "pct_nonconverging": null,
        "label": "J1867 | Moderate | rate=0.27cms | flooded=4.8h | vol=1.4e6L"
      }
    },
    {
      "type": "Feature",
      "geometry": {
        "type": "Point",
        "coordinates": [
          3.48406,
          6.609768
        ]
      },
      "properties": {
        "node_id": "J0711",
        "hours_flooded": 0.49,
        "max_rate_cms": 0.265,
        "total_vol_10e6l": 0.195,
        "max_ponded_m": 0.0,
        "elevation_m": 3.35,
        "flood_class": "Moderate",
        "colour": "#FF8F00",
        "pct_nonconverging": null,
        "label": "J0711 | Moderate | rate=0.27cms | flooded=0.5h | vol=0.2e6L"
      }
    },
    {
      "type": "Feature",
      "geometry": {
        "type": "Point",
        "coordinates": [
          3.500088,
          6.54096
        ]
      },
      "properties": {
        "node_id": "J0735",
        "hours_flooded": 3.5,
        "max_rate_cms": 0.265,
        "total_vol_10e6l": 0.959,
        "max_ponded_m": 0.0,
        "elevation_m": 3.96,
        "flood_class": "Moderate",
        "colour": "#FF8F00",
        "pct_nonconverging": null,
        "label": "J0735 | Moderate | rate=0.27cms | flooded=3.5h | vol=1.0e6L"
      }
    },
    {
      "type": "Feature",
      "geometry": {
        "type": "Point",
        "coordinates": [
          3.373975,
          6.6282
        ]
      },
      "properties": {
        "node_id": "J0407",
        "hours_flooded": 2.8,
        "max_rate_cms": 0.264,
        "total_vol_10e6l": 1.348,
        "max_ponded_m": 0.0,
        "elevation_m": 19.15,
        "flood_class": "Moderate",
        "colour": "#FF8F00",
        "pct_nonconverging": null,
        "label": "J0407 | Moderate | rate=0.26cms | flooded=2.8h | vol=1.3e6L"
      }
    },
    {
      "type": "Feature",
      "geometry": {
        "type": "Point",
        "coordinates": [
          3.475319,
          6.616399
        ]
      },
      "properties": {
        "node_id": "J0677",
        "hours_flooded": 0.01,
        "max_rate_cms": 0.263,
        "total_vol_10e6l": 0.0,
        "max_ponded_m": 0.0,
        "elevation_m": 3.85,
        "flood_class": "Moderate",
        "colour": "#FF8F00",
        "pct_nonconverging": null,
        "label": "J0677 | Moderate | rate=0.26cms | flooded=0.0h | vol=0.0e6L"
      }
    },
    {
      "type": "Feature",
      "geometry": {
        "type": "Point",
        "coordinates": [
          3.378768,
          6.548749
        ]
      },
      "properties": {
        "node_id": "J1712",
        "hours_flooded": 0.31,
        "max_rate_cms": 0.263,
        "total_vol_10e6l": 0.173,
        "max_ponded_m": 0.0,
        "elevation_m": 4.9,
        "flood_class": "Moderate",
        "colour": "#FF8F00",
        "pct_nonconverging": null,
        "label": "J1712 | Moderate | rate=0.26cms | flooded=0.3h | vol=0.2e6L"
      }
    },
    {
      "type": "Feature",
      "geometry": {
        "type": "Point",
        "coordinates": [
          3.373306,
          6.628018
        ]
      },
      "properties": {
        "node_id": "J0405",
        "hours_flooded": 2.74,
        "max_rate_cms": 0.262,
        "total_vol_10e6l": 1.327,
        "max_ponded_m": 0.0,
        "elevation_m": 19.15,
        "flood_class": "Moderate",
        "colour": "#FF8F00",
        "pct_nonconverging": null,
        "label": "J0405 | Moderate | rate=0.26cms | flooded=2.7h | vol=1.3e6L"
      }
    },
    {
      "type": "Feature",
      "geometry": {
        "type": "Point",
        "coordinates": [
          3.396547,
          6.591526
        ]
      },
      "properties": {
        "node_id": "J1140",
        "hours_flooded": 0.01,
        "max_rate_cms": 0.26,
        "total_vol_10e6l": 0.0,
        "max_ponded_m": 0.0,
        "elevation_m": 5.72,
        "flood_class": "Moderate",
        "colour": "#FF8F00",
        "pct_nonconverging": null,
        "label": "J1140 | Moderate | rate=0.26cms | flooded=0.0h | vol=0.0e6L"
      }
    },
    {
      "type": "Feature",
      "geometry": {
        "type": "Point",
        "coordinates": [
          3.376739,
          6.602367
        ]
      },
      "properties": {
        "node_id": "J0386",
        "hours_flooded": 2.54,
        "max_rate_cms": 0.257,
        "total_vol_10e6l": 1.287,
        "max_ponded_m": 0.0,
        "elevation_m": 31.92,
        "flood_class": "Moderate",
        "colour": "#FF8F00",
        "pct_nonconverging": null,
        "label": "J0386 | Moderate | rate=0.26cms | flooded=2.5h | vol=1.3e6L"
      }
    },
    {
      "type": "Feature",
      "geometry": {
        "type": "Point",
        "coordinates": [
          3.377157,
          6.637437
        ]
      },
      "properties": {
        "node_id": "J0458",
        "hours_flooded": 0.01,
        "max_rate_cms": 0.257,
        "total_vol_10e6l": 0.001,
        "max_ponded_m": 0.0,
        "elevation_m": 26.29,
        "flood_class": "Moderate",
        "colour": "#FF8F00",
        "pct_nonconverging": null,
        "label": "J0458 | Moderate | rate=0.26cms | flooded=0.0h | vol=0.0e6L"
      }
    },
    {
      "type": "Feature",
      "geometry": {
        "type": "Point",
        "coordinates": [
          3.373671,
          6.591393
        ]
      },
      "properties": {
        "node_id": "J0553",
        "hours_flooded": 0.01,
        "max_rate_cms": 0.257,
        "total_vol_10e6l": 0.0,
        "max_ponded_m": 0.0,
        "elevation_m": 24.68,
        "flood_class": "Moderate",
        "colour": "#FF8F00",
        "pct_nonconverging": null,
        "label": "J0553 | Moderate | rate=0.26cms | flooded=0.0h | vol=0.0e6L"
      }
    },
    {
      "type": "Feature",
      "geometry": {
        "type": "Point",
        "coordinates": [
          3.395021,
          6.591938
        ]
      },
      "properties": {
        "node_id": "J1131",
        "hours_flooded": 5.26,
        "max_rate_cms": 0.257,
        "total_vol_10e6l": 1.376,
        "max_ponded_m": 0.0,
        "elevation_m": 4.95,
        "flood_class": "Moderate",
        "colour": "#FF8F00",
        "pct_nonconverging": null,
        "label": "J1131 | Moderate | rate=0.26cms | flooded=5.3h | vol=1.4e6L"
      }
    },
    {
      "type": "Feature",
      "geometry": {
        "type": "Point",
        "coordinates": [
          3.474265,
          6.553172
        ]
      },
      "properties": {
        "node_id": "J1678",
        "hours_flooded": 0.01,
        "max_rate_cms": 0.257,
        "total_vol_10e6l": 0.0,
        "max_ponded_m": 0.0,
        "elevation_m": 4.79,
        "flood_class": "Moderate",
        "colour": "#FF8F00",
        "pct_nonconverging": null,
        "label": "J1678 | Moderate | rate=0.26cms | flooded=0.0h | vol=0.0e6L"
      }
    },
    {
      "type": "Feature",
      "geometry": {
        "type": "Point",
        "coordinates": [
          3.399478,
          6.588905
        ]
      },
      "properties": {
        "node_id": "J1032",
        "hours_flooded": 3.49,
        "max_rate_cms": 0.256,
        "total_vol_10e6l": 1.343,
        "max_ponded_m": 0.0,
        "elevation_m": 5.57,
        "flood_class": "Moderate",
        "colour": "#FF8F00",
        "pct_nonconverging": null,
        "label": "J1032 | Moderate | rate=0.26cms | flooded=3.5h | vol=1.3e6L"
      }
    },
    {
      "type": "Feature",
      "geometry": {
        "type": "Point",
        "coordinates": [
          3.505846,
          6.593871
        ]
      },
      "properties": {
        "node_id": "J1977",
        "hours_flooded": 0.04,
        "max_rate_cms": 0.256,
        "total_vol_10e6l": 0.0,
        "max_ponded_m": 0.0,
        "elevation_m": 7.02,
        "flood_class": "Moderate",
        "colour": "#FF8F00",
        "pct_nonconverging": null,
        "label": "J1977 | Moderate | rate=0.26cms | flooded=0.0h | vol=0.0e6L"
      }
    },
    {
      "type": "Feature",
      "geometry": {
        "type": "Point",
        "coordinates": [
          3.372207,
          6.628248
        ]
      },
      "properties": {
        "node_id": "J0402",
        "hours_flooded": 5.25,
        "max_rate_cms": 0.255,
        "total_vol_10e6l": 1.367,
        "max_ponded_m": 0.0,
        "elevation_m": 16.97,
        "flood_class": "Moderate",
        "colour": "#FF8F00",
        "pct_nonconverging": null,
        "label": "J0402 | Moderate | rate=0.26cms | flooded=5.2h | vol=1.4e6L"
      }
    },
    {
      "type": "Feature",
      "geometry": {
        "type": "Point",
        "coordinates": [
          3.508713,
          6.553244
        ]
      },
      "properties": {
        "node_id": "J0771",
        "hours_flooded": 0.01,
        "max_rate_cms": 0.255,
        "total_vol_10e6l": 0.0,
        "max_ponded_m": 0.0,
        "elevation_m": 4.72,
        "flood_class": "Moderate",
        "colour": "#FF8F00",
        "pct_nonconverging": null,
        "label": "J0771 | Moderate | rate=0.26cms | flooded=0.0h | vol=0.0e6L"
      }
    },
    {
      "type": "Feature",
      "geometry": {
        "type": "Point",
        "coordinates": [
          3.394771,
          6.591905
        ]
      },
      "properties": {
        "node_id": "J1130",
        "hours_flooded": 5.26,
        "max_rate_cms": 0.255,
        "total_vol_10e6l": 1.364,
        "max_ponded_m": 0.0,
        "elevation_m": 4.95,
        "flood_class": "Moderate",
        "colour": "#FF8F00",
        "pct_nonconverging": null,
        "label": "J1130 | Moderate | rate=0.26cms | flooded=5.3h | vol=1.4e6L"
      }
    },
    {
      "type": "Feature",
      "geometry": {
        "type": "Point",
        "coordinates": [
          3.396109,
          6.611858
        ]
      },
      "properties": {
        "node_id": "J1445",
        "hours_flooded": 0.34,
        "max_rate_cms": 0.254,
        "total_vol_10e6l": 0.135,
        "max_ponded_m": 0.0,
        "elevation_m": 6.58,
        "flood_class": "Moderate",
        "colour": "#FF8F00",
        "pct_nonconverging": null,
        "label": "J1445 | Moderate | rate=0.25cms | flooded=0.3h | vol=0.1e6L"
      }
    },
    {
      "type": "Feature",
      "geometry": {
        "type": "Point",
        "coordinates": [
          3.382243,
          6.539352
        ]
      },
      "properties": {
        "node_id": "J1469",
        "hours_flooded": 0.76,
        "max_rate_cms": 0.254,
        "total_vol_10e6l": 0.369,
        "max_ponded_m": 0.0,
        "elevation_m": 9.92,
        "flood_class": "Moderate",
        "colour": "#FF8F00",
        "pct_nonconverging": null,
        "label": "J1469 | Moderate | rate=0.25cms | flooded=0.8h | vol=0.4e6L"
      }
    },
    {
      "type": "Feature",
      "geometry": {
        "type": "Point",
        "coordinates": [
          3.377061,
          6.639775
        ]
      },
      "properties": {
        "node_id": "J2015",
        "hours_flooded": 0.01,
        "max_rate_cms": 0.253,
        "total_vol_10e6l": 0.001,
        "max_ponded_m": 0.0,
        "elevation_m": 38.22,
        "flood_class": "Moderate",
        "colour": "#FF8F00",
        "pct_nonconverging": null,
        "label": "J2015 | Moderate | rate=0.25cms | flooded=0.0h | vol=0.0e6L"
      }
    },
    {
      "type": "Feature",
      "geometry": {
        "type": "Point",
        "coordinates": [
          3.386139,
          6.525827
        ]
      },
      "properties": {
        "node_id": "J0132",
        "hours_flooded": 0.01,
        "max_rate_cms": 0.251,
        "total_vol_10e6l": 0.0,
        "max_ponded_m": 0.0,
        "elevation_m": 1.26,
        "flood_class": "Moderate",
        "colour": "#FF8F00",
        "pct_nonconverging": null,
        "label": "J0132 | Moderate | rate=0.25cms | flooded=0.0h | vol=0.0e6L"
      }
    },
    {
      "type": "Feature",
      "geometry": {
        "type": "Point",
        "coordinates": [
          3.369034,
          6.599927
        ]
      },
      "properties": {
        "node_id": "J0617",
        "hours_flooded": 0.44,
        "max_rate_cms": 0.25,
        "total_vol_10e6l": 0.001,
        "max_ponded_m": 0.0,
        "elevation_m": 26.18,
        "flood_class": "Moderate",
        "colour": "#FF8F00",
        "pct_nonconverging": null,
        "label": "J0617 | Moderate | rate=0.25cms | flooded=0.4h | vol=0.0e6L"
      }
    },
    {
      "type": "Feature",
      "geometry": {
        "type": "Point",
        "coordinates": [
          3.392823,
          6.593447
        ]
      },
      "properties": {
        "node_id": "J1161",
        "hours_flooded": 5.05,
        "max_rate_cms": 0.25,
        "total_vol_10e6l": 1.346,
        "max_ponded_m": 0.0,
        "elevation_m": 5.31,
        "flood_class": "Moderate",
        "colour": "#FF8F00",
        "pct_nonconverging": null,
        "label": "J1161 | Moderate | rate=0.25cms | flooded=5.0h | vol=1.3e6L"
      }
    },
    {
      "type": "Feature",
      "geometry": {
        "type": "Point",
        "coordinates": [
          3.38576,
          6.525111
        ]
      },
      "properties": {
        "node_id": "J2273",
        "hours_flooded": 0.01,
        "max_rate_cms": 0.25,
        "total_vol_10e6l": 0.0,
        "max_ponded_m": 0.0,
        "elevation_m": 1.26,
        "flood_class": "Moderate",
        "colour": "#FF8F00",
        "pct_nonconverging": null,
        "label": "J2273 | Moderate | rate=0.25cms | flooded=0.0h | vol=0.0e6L"
      }
    },
    {
      "type": "Feature",
      "geometry": {
        "type": "Point",
        "coordinates": [
          3.379096,
          6.548961
        ]
      },
      "properties": {
        "node_id": "J0849",
        "hours_flooded": 0.23,
        "max_rate_cms": 0.248,
        "total_vol_10e6l": 0.115,
        "max_ponded_m": 0.0,
        "elevation_m": 4.9,
        "flood_class": "Moderate",
        "colour": "#FF8F00",
        "pct_nonconverging": null,
        "label": "J0849 | Moderate | rate=0.25cms | flooded=0.2h | vol=0.1e6L"
      }
    },
    {
      "type": "Feature",
      "geometry": {
        "type": "Point",
        "coordinates": [
          3.368379,
          6.599972
        ]
      },
      "properties": {
        "node_id": "J0615",
        "hours_flooded": 0.34,
        "max_rate_cms": 0.244,
        "total_vol_10e6l": 0.001,
        "max_ponded_m": 0.0,
        "elevation_m": 26.18,
        "flood_class": "Moderate",
        "colour": "#FF8F00",
        "pct_nonconverging": null,
        "label": "J0615 | Moderate | rate=0.24cms | flooded=0.3h | vol=0.0e6L"
      }
    },
    {
      "type": "Feature",
      "geometry": {
        "type": "Point",
        "coordinates": [
          3.396982,
          6.603452
        ]
      },
      "properties": {
        "node_id": "J1177",
        "hours_flooded": 5.24,
        "max_rate_cms": 0.244,
        "total_vol_10e6l": 1.422,
        "max_ponded_m": 0.0,
        "elevation_m": 6.96,
        "flood_class": "Moderate",
        "colour": "#FF8F00",
        "pct_nonconverging": null,
        "label": "J1177 | Moderate | rate=0.24cms | flooded=5.2h | vol=1.4e6L"
      }
    },
    {
      "type": "Feature",
      "geometry": {
        "type": "Point",
        "coordinates": [
          3.403086,
          6.547424
        ]
      },
      "properties": {
        "node_id": "J0335",
        "hours_flooded": 2.25,
        "max_rate_cms": 0.239,
        "total_vol_10e6l": 1.108,
        "max_ponded_m": 0.0,
        "elevation_m": 9.89,
        "flood_class": "Moderate",
        "colour": "#FF8F00",
        "pct_nonconverging": null,
        "label": "J0335 | Moderate | rate=0.24cms | flooded=2.2h | vol=1.1e6L"
      }
    },
    {
      "type": "Feature",
      "geometry": {
        "type": "Point",
        "coordinates": [
          3.509075,
          6.553819
        ]
      },
      "properties": {
        "node_id": "J0772",
        "hours_flooded": 0.01,
        "max_rate_cms": 0.237,
        "total_vol_10e6l": 0.0,
        "max_ponded_m": 0.0,
        "elevation_m": 4.72,
        "flood_class": "Moderate",
        "colour": "#FF8F00",
        "pct_nonconverging": null,
        "label": "J0772 | Moderate | rate=0.24cms | flooded=0.0h | vol=0.0e6L"
      }
    },
    {
      "type": "Feature",
      "geometry": {
        "type": "Point",
        "coordinates": [
          3.39691,
          6.603329
        ]
      },
      "properties": {
        "node_id": "J1176",
        "hours_flooded": 5.24,
        "max_rate_cms": 0.235,
        "total_vol_10e6l": 1.274,
        "max_ponded_m": 0.0,
        "elevation_m": 6.96,
        "flood_class": "Moderate",
        "colour": "#FF8F00",
        "pct_nonconverging": null,
        "label": "J1176 | Moderate | rate=0.23cms | flooded=5.2h | vol=1.3e6L"
      }
    },
    {
      "type": "Feature",
      "geometry": {
        "type": "Point",
        "coordinates": [
          3.399096,
          6.606527
        ]
      },
      "properties": {
        "node_id": "J1200",
        "hours_flooded": 0.48,
        "max_rate_cms": 0.233,
        "total_vol_10e6l": 0.246,
        "max_ponded_m": 0.0,
        "elevation_m": 4.65,
        "flood_class": "Moderate",
        "colour": "#FF8F00",
        "pct_nonconverging": null,
        "label": "J1200 | Moderate | rate=0.23cms | flooded=0.5h | vol=0.2e6L"
      }
    },
    {
      "type": "Feature",
      "geometry": {
        "type": "Point",
        "coordinates": [
          3.402932,
          6.547207
        ]
      },
      "properties": {
        "node_id": "J0336",
        "hours_flooded": 2.06,
        "max_rate_cms": 0.232,
        "total_vol_10e6l": 0.952,
        "max_ponded_m": 0.0,
        "elevation_m": 9.89,
        "flood_class": "Moderate",
        "colour": "#FF8F00",
        "pct_nonconverging": null,
        "label": "J0336 | Moderate | rate=0.23cms | flooded=2.1h | vol=1.0e6L"
      }
    },
    {
      "type": "Feature",
      "geometry": {
        "type": "Point",
        "coordinates": [
          3.395516,
          6.592059
        ]
      },
      "properties": {
        "node_id": "J1134",
        "hours_flooded": 5.26,
        "max_rate_cms": 0.23,
        "total_vol_10e6l": 1.233,
        "max_ponded_m": 0.0,
        "elevation_m": 4.95,
        "flood_class": "Moderate",
        "colour": "#FF8F00",
        "pct_nonconverging": null,
        "label": "J1134 | Moderate | rate=0.23cms | flooded=5.3h | vol=1.2e6L"
      }
    },
    {
      "type": "Feature",
      "geometry": {
        "type": "Point",
        "coordinates": [
          3.396208,
          6.611112
        ]
      },
      "properties": {
        "node_id": "J2039",
        "hours_flooded": 1.33,
        "max_rate_cms": 0.229,
        "total_vol_10e6l": 0.737,
        "max_ponded_m": 0.0,
        "elevation_m": 6.58,
        "flood_class": "Moderate",
        "colour": "#FF8F00",
        "pct_nonconverging": null,
        "label": "J2039 | Moderate | rate=0.23cms | flooded=1.3h | vol=0.7e6L"
      }
    },
    {
      "type": "Feature",
      "geometry": {
        "type": "Point",
        "coordinates": [
          3.392734,
          6.593638
        ]
      },
      "properties": {
        "node_id": "J1160",
        "hours_flooded": 4.92,
        "max_rate_cms": 0.226,
        "total_vol_10e6l": 1.222,
        "max_ponded_m": 0.0,
        "elevation_m": 5.31,
        "flood_class": "Moderate",
        "colour": "#FF8F00",
        "pct_nonconverging": null,
        "label": "J1160 | Moderate | rate=0.23cms | flooded=4.9h | vol=1.2e6L"
      }
    },
    {
      "type": "Feature",
      "geometry": {
        "type": "Point",
        "coordinates": [
          3.367635,
          6.59744
        ]
      },
      "properties": {
        "node_id": "J0532",
        "hours_flooded": 4.45,
        "max_rate_cms": 0.225,
        "total_vol_10e6l": 0.007,
        "max_ponded_m": 0.0,
        "elevation_m": 22.76,
        "flood_class": "Moderate",
        "colour": "#FF8F00",
        "pct_nonconverging": null,
        "label": "J0532 | Moderate | rate=0.23cms | flooded=4.5h | vol=0.0e6L"
      }
    },
    {
      "type": "Feature",
      "geometry": {
        "type": "Point",
        "coordinates": [
          3.509312,
          6.554423
        ]
      },
      "properties": {
        "node_id": "J0775",
        "hours_flooded": 0.01,
        "max_rate_cms": 0.225,
        "total_vol_10e6l": 0.0,
        "max_ponded_m": 0.0,
        "elevation_m": 4.72,
        "flood_class": "Moderate",
        "colour": "#FF8F00",
        "pct_nonconverging": null,
        "label": "J0775 | Moderate | rate=0.23cms | flooded=0.0h | vol=0.0e6L"
      }
    },
    {
      "type": "Feature",
      "geometry": {
        "type": "Point",
        "coordinates": [
          3.396,
          6.591915
        ]
      },
      "properties": {
        "node_id": "J1137",
        "hours_flooded": 5.25,
        "max_rate_cms": 0.224,
        "total_vol_10e6l": 1.197,
        "max_ponded_m": 0.0,
        "elevation_m": 4.95,
        "flood_class": "Moderate",
        "colour": "#FF8F00",
        "pct_nonconverging": null,
        "label": "J1137 | Moderate | rate=0.22cms | flooded=5.2h | vol=1.2e6L"
      }
    },
    {
      "type": "Feature",
      "geometry": {
        "type": "Point",
        "coordinates": [
          3.399191,
          6.547871
        ]
      },
      "properties": {
        "node_id": "J0263",
        "hours_flooded": 0.01,
        "max_rate_cms": 0.222,
        "total_vol_10e6l": 0.0,
        "max_ponded_m": 0.0,
        "elevation_m": 3.28,
        "flood_class": "Moderate",
        "colour": "#FF8F00",
        "pct_nonconverging": null,
        "label": "J0263 | Moderate | rate=0.22cms | flooded=0.0h | vol=0.0e6L"
      }
    },
    {
      "type": "Feature",
      "geometry": {
        "type": "Point",
        "coordinates": [
          3.483516,
          6.610576
        ]
      },
      "properties": {
        "node_id": "J0694",
        "hours_flooded": 0.22,
        "max_rate_cms": 0.222,
        "total_vol_10e6l": 0.073,
        "max_ponded_m": 0.0,
        "elevation_m": 3.35,
        "flood_class": "Moderate",
        "colour": "#FF8F00",
        "pct_nonconverging": null,
        "label": "J0694 | Moderate | rate=0.22cms | flooded=0.2h | vol=0.1e6L"
      }
    },
    {
      "type": "Feature",
      "geometry": {
        "type": "Point",
        "coordinates": [
          3.509338,
          6.554621
        ]
      },
      "properties": {
        "node_id": "J0776",
        "hours_flooded": 0.01,
        "max_rate_cms": 0.222,
        "total_vol_10e6l": 0.001,
        "max_ponded_m": 0.0,
        "elevation_m": 4.72,
        "flood_class": "Moderate",
        "colour": "#FF8F00",
        "pct_nonconverging": null,
        "label": "J0776 | Moderate | rate=0.22cms | flooded=0.0h | vol=0.0e6L"
      }
    },
    {
      "type": "Feature",
      "geometry": {
        "type": "Point",
        "coordinates": [
          3.36474,
          6.62856
        ]
      },
      "properties": {
        "node_id": "J1237",
        "hours_flooded": 0.01,
        "max_rate_cms": 0.222,
        "total_vol_10e6l": 0.001,
        "max_ponded_m": 0.0,
        "elevation_m": 5.51,
        "flood_class": "Moderate",
        "colour": "#FF8F00",
        "pct_nonconverging": null,
        "label": "J1237 | Moderate | rate=0.22cms | flooded=0.0h | vol=0.0e6L"
      }
    },
    {
      "type": "Feature",
      "geometry": {
        "type": "Point",
        "coordinates": [
          3.496237,
          6.598542
        ]
      },
      "properties": {
        "node_id": "J1989",
        "hours_flooded": 5.2,
        "max_rate_cms": 0.221,
        "total_vol_10e6l": 1.27,
        "max_ponded_m": 0.0,
        "elevation_m": 5.6,
        "flood_class": "Moderate",
        "colour": "#FF8F00",
        "pct_nonconverging": null,
        "label": "J1989 | Moderate | rate=0.22cms | flooded=5.2h | vol=1.3e6L"
      }
    },
    {
      "type": "Feature",
      "geometry": {
        "type": "Point",
        "coordinates": [
          3.368079,
          6.600003
        ]
      },
      "properties": {
        "node_id": "J0614",
        "hours_flooded": 1.16,
        "max_rate_cms": 0.22,
        "total_vol_10e6l": 0.002,
        "max_ponded_m": 0.0,
        "elevation_m": 26.18,
        "flood_class": "Moderate",
        "colour": "#FF8F00",
        "pct_nonconverging": null,
        "label": "J0614 | Moderate | rate=0.22cms | flooded=1.2h | vol=0.0e6L"
      }
    },
    {
      "type": "Feature",
      "geometry": {
        "type": "Point",
        "coordinates": [
          3.391544,
          6.604717
        ]
      },
      "properties": {
        "node_id": "J1922",
        "hours_flooded": 0.74,
        "max_rate_cms": 0.22,
        "total_vol_10e6l": 0.329,
        "max_ponded_m": 0.0,
        "elevation_m": 17.26,
        "flood_class": "Moderate",
        "colour": "#FF8F00",
        "pct_nonconverging": null,
        "label": "J1922 | Moderate | rate=0.22cms | flooded=0.7h | vol=0.3e6L"
      }
    },
    {
      "type": "Feature",
      "geometry": {
        "type": "Point",
        "coordinates": [
          3.397773,
          6.572612
        ]
      },
      "properties": {
        "node_id": "J0309",
        "hours_flooded": 5.29,
        "max_rate_cms": 0.217,
        "total_vol_10e6l": 1.164,
        "max_ponded_m": 0.0,
        "elevation_m": 9.16,
        "flood_class": "Moderate",
        "colour": "#FF8F00",
        "pct_nonconverging": null,
        "label": "J0309 | Moderate | rate=0.22cms | flooded=5.3h | vol=1.2e6L"
      }
    },
    {
      "type": "Feature",
      "geometry": {
        "type": "Point",
        "coordinates": [
          3.396818,
          6.575521
        ]
      },
      "properties": {
        "node_id": "J0328",
        "hours_flooded": 5.26,
        "max_rate_cms": 0.217,
        "total_vol_10e6l": 1.162,
        "max_ponded_m": 0.0,
        "elevation_m": 3.12,
        "flood_class": "Moderate",
        "colour": "#FF8F00",
        "pct_nonconverging": null,
        "label": "J0328 | Moderate | rate=0.22cms | flooded=5.3h | vol=1.2e6L"
      }
    },
    {
      "type": "Feature",
      "geometry": {
        "type": "Point",
        "coordinates": [
          3.392889,
          6.593275
        ]
      },
      "properties": {
        "node_id": "J1162",
        "hours_flooded": 5.3,
        "max_rate_cms": 0.217,
        "total_vol_10e6l": 1.195,
        "max_ponded_m": 0.0,
        "elevation_m": 5.31,
        "flood_class": "Moderate",
        "colour": "#FF8F00",
        "pct_nonconverging": null,
        "label": "J1162 | Moderate | rate=0.22cms | flooded=5.3h | vol=1.2e6L"
      }
    },
    {
      "type": "Feature",
      "geometry": {
        "type": "Point",
        "coordinates": [
          3.379614,
          6.541264
        ]
      },
      "properties": {
        "node_id": "J1461",
        "hours_flooded": 5.23,
        "max_rate_cms": 0.217,
        "total_vol_10e6l": 1.158,
        "max_ponded_m": 0.0,
        "elevation_m": 3.45,
        "flood_class": "Moderate",
        "colour": "#FF8F00",
        "pct_nonconverging": null,
        "label": "J1461 | Moderate | rate=0.22cms | flooded=5.2h | vol=1.2e6L"
      }
    },
    {
      "type": "Feature",
      "geometry": {
        "type": "Point",
        "coordinates": [
          3.395517,
          6.597139
        ]
      },
      "properties": {
        "node_id": "J1105",
        "hours_flooded": 5.23,
        "max_rate_cms": 0.215,
        "total_vol_10e6l": 1.165,
        "max_ponded_m": 0.0,
        "elevation_m": 6.77,
        "flood_class": "Moderate",
        "colour": "#FF8F00",
        "pct_nonconverging": null,
        "label": "J1105 | Moderate | rate=0.21cms | flooded=5.2h | vol=1.2e6L"
      }
    },
    {
      "type": "Feature",
      "geometry": {
        "type": "Point",
        "coordinates": [
          3.40122,
          6.582304
        ]
      },
      "properties": {
        "node_id": "J0997",
        "hours_flooded": 1.74,
        "max_rate_cms": 0.214,
        "total_vol_10e6l": 0.313,
        "max_ponded_m": 0.0,
        "elevation_m": 1.9,
        "flood_class": "Moderate",
        "colour": "#FF8F00",
        "pct_nonconverging": null,
        "label": "J0997 | Moderate | rate=0.21cms | flooded=1.7h | vol=0.3e6L"
      }
    },
    {
      "type": "Feature",
      "geometry": {
        "type": "Point",
        "coordinates": [
          3.397642,
          6.571982
        ]
      },
      "properties": {
        "node_id": "J0306",
        "hours_flooded": 5.29,
        "max_rate_cms": 0.213,
        "total_vol_10e6l": 1.139,
        "max_ponded_m": 0.0,
        "elevation_m": 9.16,
        "flood_class": "Moderate",
        "colour": "#FF8F00",
        "pct_nonconverging": null,
        "label": "J0306 | Moderate | rate=0.21cms | flooded=5.3h | vol=1.1e6L"
      }
    },
    {
      "type": "Feature",
      "geometry": {
        "type": "Point",
        "coordinates": [
          3.364761,
          6.627274
        ]
      },
      "properties": {
        "node_id": "J1239",
        "hours_flooded": 5.01,
        "max_rate_cms": 0.213,
        "total_vol_10e6l": 0.078,
        "max_ponded_m": 0.0,
        "elevation_m": 4.56,
        "flood_class": "Moderate",
        "colour": "#FF8F00",
        "pct_nonconverging": null,
        "label": "J1239 | Moderate | rate=0.21cms | flooded=5.0h | vol=0.1e6L"
      }
    },
    {
      "type": "Feature",
      "geometry": {
        "type": "Point",
        "coordinates": [
          3.402435,
          6.604038
        ]
      },
      "properties": {
        "node_id": "J1841",
        "hours_flooded": 3.19,
        "max_rate_cms": 0.213,
        "total_vol_10e6l": 1.11,
        "max_ponded_m": 0.0,
        "elevation_m": 2.99,
        "flood_class": "Moderate",
        "colour": "#FF8F00",
        "pct_nonconverging": null,
        "label": "J1841 | Moderate | rate=0.21cms | flooded=3.2h | vol=1.1e6L"
      }
    },
    {
      "type": "Feature",
      "geometry": {
        "type": "Point",
        "coordinates": [
          3.377899,
          6.639535
        ]
      },
      "properties": {
        "node_id": "J2013",
        "hours_flooded": 0.01,
        "max_rate_cms": 0.212,
        "total_vol_10e6l": 0.0,
        "max_ponded_m": 0.0,
        "elevation_m": 38.22,
        "flood_class": "Moderate",
        "colour": "#FF8F00",
        "pct_nonconverging": null,
        "label": "J2013 | Moderate | rate=0.21cms | flooded=0.0h | vol=0.0e6L"
      }
    },
    {
      "type": "Feature",
      "geometry": {
        "type": "Point",
        "coordinates": [
          3.395923,
          6.59694
        ]
      },
      "properties": {
        "node_id": "J1103",
        "hours_flooded": 5.18,
        "max_rate_cms": 0.21,
        "total_vol_10e6l": 1.121,
        "max_ponded_m": 0.0,
        "elevation_m": 6.77,
        "flood_class": "Moderate",
        "colour": "#FF8F00",
        "pct_nonconverging": null,
        "label": "J1103 | Moderate | rate=0.21cms | flooded=5.2h | vol=1.1e6L"
      }
    },
    {
      "type": "Feature",
      "geometry": {
        "type": "Point",
        "coordinates": [
          3.393722,
          6.586349
        ]
      },
      "properties": {
        "node_id": "J1078",
        "hours_flooded": 0.47,
        "max_rate_cms": 0.209,
        "total_vol_10e6l": 0.223,
        "max_ponded_m": 0.0,
        "elevation_m": 5.33,
        "flood_class": "Moderate",
        "colour": "#FF8F00",
        "pct_nonconverging": null,
        "label": "J1078 | Moderate | rate=0.21cms | flooded=0.5h | vol=0.2e6L"
      }
    },
    {
      "type": "Feature",
      "geometry": {
        "type": "Point",
        "coordinates": [
          3.397034,
          6.618216
        ]
      },
      "properties": {
        "node_id": "J1397",
        "hours_flooded": 1.65,
        "max_rate_cms": 0.209,
        "total_vol_10e6l": 0.681,
        "max_ponded_m": 0.0,
        "elevation_m": 13.7,
        "flood_class": "Moderate",
        "colour": "#FF8F00",
        "pct_nonconverging": null,
        "label": "J1397 | Moderate | rate=0.21cms | flooded=1.6h | vol=0.7e6L"
      }
    },
    {
      "type": "Feature",
      "geometry": {
        "type": "Point",
        "coordinates": [
          3.476367,
          6.561421
        ]
      },
      "properties": {
        "node_id": "J1652",
        "hours_flooded": 0.01,
        "max_rate_cms": 0.209,
        "total_vol_10e6l": 0.0,
        "max_ponded_m": 0.0,
        "elevation_m": 5.99,
        "flood_class": "Moderate",
        "colour": "#FF8F00",
        "pct_nonconverging": null,
        "label": "J1652 | Moderate | rate=0.21cms | flooded=0.0h | vol=0.0e6L"
      }
    },
    {
      "type": "Feature",
      "geometry": {
        "type": "Point",
        "coordinates": [
          3.503779,
          6.595624
        ]
      },
      "properties": {
        "node_id": "J1983",
        "hours_flooded": 0.01,
        "max_rate_cms": 0.208,
        "total_vol_10e6l": 0.0,
        "max_ponded_m": 0.0,
        "elevation_m": 8.28,
        "flood_class": "Moderate",
        "colour": "#FF8F00",
        "pct_nonconverging": null,
        "label": "J1983 | Moderate | rate=0.21cms | flooded=0.0h | vol=0.0e6L"
      }
    },
    {
      "type": "Feature",
      "geometry": {
        "type": "Point",
        "coordinates": [
          3.38261,
          6.593159
        ]
      },
      "properties": {
        "node_id": "J0100",
        "hours_flooded": 0.17,
        "max_rate_cms": 0.207,
        "total_vol_10e6l": 0.031,
        "max_ponded_m": 0.0,
        "elevation_m": 26.32,
        "flood_class": "Moderate",
        "colour": "#FF8F00",
        "pct_nonconverging": null,
        "label": "J0100 | Moderate | rate=0.21cms | flooded=0.2h | vol=0.0e6L"
      }
    },
    {
      "type": "Feature",
      "geometry": {
        "type": "Point",
        "coordinates": [
          3.386129,
          6.597864
        ]
      },
      "properties": {
        "node_id": "J1906",
        "hours_flooded": 4.5,
        "max_rate_cms": 0.206,
        "total_vol_10e6l": 0.367,
        "max_ponded_m": 0.0,
        "elevation_m": 16.7,
        "flood_class": "Moderate",
        "colour": "#FF8F00",
        "pct_nonconverging": null,
        "label": "J1906 | Moderate | rate=0.21cms | flooded=4.5h | vol=0.4e6L"
      }
    },
    {
      "type": "Feature",
      "geometry": {
        "type": "Point",
        "coordinates": [
          3.483819,
          6.627687
        ]
      },
      "properties": {
        "node_id": "J2186",
        "hours_flooded": 2.99,
        "max_rate_cms": 0.206,
        "total_vol_10e6l": 1.057,
        "max_ponded_m": 0.0,
        "elevation_m": 9.12,
        "flood_class": "Moderate",
        "colour": "#FF8F00",
        "pct_nonconverging": null,
        "label": "J2186 | Moderate | rate=0.21cms | flooded=3.0h | vol=1.1e6L"
      }
    },
    {
      "type": "Feature",
      "geometry": {
        "type": "Point",
        "coordinates": [
          3.40106,
          6.604875
        ]
      },
      "properties": {
        "node_id": "J1747",
        "hours_flooded": 3.47,
        "max_rate_cms": 0.205,
        "total_vol_10e6l": 1.064,
        "max_ponded_m": 0.0,
        "elevation_m": 2.98,
        "flood_class": "Moderate",
        "colour": "#FF8F00",
        "pct_nonconverging": null,
        "label": "J1747 | Moderate | rate=0.20cms | flooded=3.5h | vol=1.1e6L"
      }
    },
    {
      "type": "Feature",
      "geometry": {
        "type": "Point",
        "coordinates": [
          3.401387,
          6.604657
        ]
      },
      "properties": {
        "node_id": "J1749",
        "hours_flooded": 3.55,
        "max_rate_cms": 0.205,
        "total_vol_10e6l": 1.132,
        "max_ponded_m": 0.0,
        "elevation_m": 2.98,
        "flood_class": "Moderate",
        "colour": "#FF8F00",
        "pct_nonconverging": null,
        "label": "J1749 | Moderate | rate=0.20cms | flooded=3.5h | vol=1.1e6L"
      }
    },
    {
      "type": "Feature",
      "geometry": {
        "type": "Point",
        "coordinates": [
          3.414334,
          6.609779
        ]
      },
      "properties": {
        "node_id": "J1431",
        "hours_flooded": 0.62,
        "max_rate_cms": 0.204,
        "total_vol_10e6l": 0.263,
        "max_ponded_m": 0.0,
        "elevation_m": 4.31,
        "flood_class": "Moderate",
        "colour": "#FF8F00",
        "pct_nonconverging": null,
        "label": "J1431 | Moderate | rate=0.20cms | flooded=0.6h | vol=0.3e6L"
      }
    },
    {
      "type": "Feature",
      "geometry": {
        "type": "Point",
        "coordinates": [
          3.40078,
          6.605062
        ]
      },
      "properties": {
        "node_id": "J1746",
        "hours_flooded": 3.49,
        "max_rate_cms": 0.204,
        "total_vol_10e6l": 1.073,
        "max_ponded_m": 0.0,
        "elevation_m": 2.98,
        "flood_class": "Moderate",
        "colour": "#FF8F00",
        "pct_nonconverging": null,
        "label": "J1746 | Moderate | rate=0.20cms | flooded=3.5h | vol=1.1e6L"
      }
    },
    {
      "type": "Feature",
      "geometry": {
        "type": "Point",
        "coordinates": [
          3.396607,
          6.607886
        ]
      },
      "properties": {
        "node_id": "J1939",
        "hours_flooded": 5.22,
        "max_rate_cms": 0.202,
        "total_vol_10e6l": 1.15,
        "max_ponded_m": 0.0,
        "elevation_m": 11.37,
        "flood_class": "Moderate",
        "colour": "#FF8F00",
        "pct_nonconverging": null,
        "label": "J1939 | Moderate | rate=0.20cms | flooded=5.2h | vol=1.1e6L"
      }
    },
    {
      "type": "Feature",
      "geometry": {
        "type": "Point",
        "coordinates": [
          3.374766,
          6.640332
        ]
      },
      "properties": {
        "node_id": "J2023",
        "hours_flooded": 4.19,
        "max_rate_cms": 0.202,
        "total_vol_10e6l": 1.098,
        "max_ponded_m": 0.0,
        "elevation_m": 34.11,
        "flood_class": "Moderate",
        "colour": "#FF8F00",
        "pct_nonconverging": null,
        "label": "J2023 | Moderate | rate=0.20cms | flooded=4.2h | vol=1.1e6L"
      }
    },
    {
      "type": "Feature",
      "geometry": {
        "type": "Point",
        "coordinates": [
          3.371864,
          6.578872
        ]
      },
      "properties": {
        "node_id": "J2144",
        "hours_flooded": 2.53,
        "max_rate_cms": 0.201,
        "total_vol_10e6l": 1.057,
        "max_ponded_m": 0.0,
        "elevation_m": 3.71,
        "flood_class": "Moderate",
        "colour": "#FF8F00",
        "pct_nonconverging": null,
        "label": "J2144 | Moderate | rate=0.20cms | flooded=2.5h | vol=1.1e6L"
      }
    },
    {
      "type": "Feature",
      "geometry": {
        "type": "Point",
        "coordinates": [
          3.386225,
          6.526205
        ]
      },
      "properties": {
        "node_id": "J0134",
        "hours_flooded": 0.01,
        "max_rate_cms": 0.2,
        "total_vol_10e6l": 0.0,
        "max_ponded_m": 0.0,
        "elevation_m": 1.26,
        "flood_class": "Moderate",
        "colour": "#FF8F00",
        "pct_nonconverging": null,
        "label": "J0134 | Moderate | rate=0.20cms | flooded=0.0h | vol=0.0e6L"
      }
    },
    {
      "type": "Feature",
      "geometry": {
        "type": "Point",
        "coordinates": [
          3.375334,
          6.599733
        ]
      },
      "properties": {
        "node_id": "J0573",
        "hours_flooded": 0.01,
        "max_rate_cms": 0.2,
        "total_vol_10e6l": 0.0,
        "max_ponded_m": 0.0,
        "elevation_m": 35.95,
        "flood_class": "Moderate",
        "colour": "#FF8F00",
        "pct_nonconverging": null,
        "label": "J0573 | Moderate | rate=0.20cms | flooded=0.0h | vol=0.0e6L"
      }
    },
    {
      "type": "Feature",
      "geometry": {
        "type": "Point",
        "coordinates": [
          3.484026,
          6.609626
        ]
      },
      "properties": {
        "node_id": "J0696",
        "hours_flooded": 0.01,
        "max_rate_cms": 0.198,
        "total_vol_10e6l": 0.0,
        "max_ponded_m": 0.0,
        "elevation_m": 3.35,
        "flood_class": "Moderate",
        "colour": "#FF8F00",
        "pct_nonconverging": null,
        "label": "J0696 | Moderate | rate=0.20cms | flooded=0.0h | vol=0.0e6L"
      }
    },
    {
      "type": "Feature",
      "geometry": {
        "type": "Point",
        "coordinates": [
          3.395576,
          6.587465
        ]
      },
      "properties": {
        "node_id": "J1068",
        "hours_flooded": 1.44,
        "max_rate_cms": 0.198,
        "total_vol_10e6l": 0.546,
        "max_ponded_m": 0.0,
        "elevation_m": 5.81,
        "flood_class": "Moderate",
        "colour": "#FF8F00",
        "pct_nonconverging": null,
        "label": "J1068 | Moderate | rate=0.20cms | flooded=1.4h | vol=0.5e6L"
      }
    },
    {
      "type": "Feature",
      "geometry": {
        "type": "Point",
        "coordinates": [
          3.400397,
          6.592198
        ]
      },
      "properties": {
        "node_id": "J1017",
        "hours_flooded": 0.54,
        "max_rate_cms": 0.196,
        "total_vol_10e6l": 0.223,
        "max_ponded_m": 0.0,
        "elevation_m": 9.24,
        "flood_class": "Moderate",
        "colour": "#FF8F00",
        "pct_nonconverging": null,
        "label": "J1017 | Moderate | rate=0.20cms | flooded=0.5h | vol=0.2e6L"
      }
    },
    {
      "type": "Feature",
      "geometry": {
        "type": "Point",
        "coordinates": [
          3.375265,
          6.640267
        ]
      },
      "properties": {
        "node_id": "J2020",
        "hours_flooded": 5.26,
        "max_rate_cms": 0.196,
        "total_vol_10e6l": 0.888,
        "max_ponded_m": 0.0,
        "elevation_m": 34.11,
        "flood_class": "Moderate",
        "colour": "#FF8F00",
        "pct_nonconverging": null,
        "label": "J2020 | Moderate | rate=0.20cms | flooded=5.3h | vol=0.9e6L"
      }
    },
    {
      "type": "Feature",
      "geometry": {
        "type": "Point",
        "coordinates": [
          3.374324,
          6.580698
        ]
      },
      "properties": {
        "node_id": "J2102",
        "hours_flooded": 0.5,
        "max_rate_cms": 0.194,
        "total_vol_10e6l": 0.127,
        "max_ponded_m": 0.0,
        "elevation_m": 2.93,
        "flood_class": "Moderate",
        "colour": "#FF8F00",
        "pct_nonconverging": null,
        "label": "J2102 | Moderate | rate=0.19cms | flooded=0.5h | vol=0.1e6L"
      }
    },
    {
      "type": "Feature",
      "geometry": {
        "type": "Point",
        "coordinates": [
          3.402162,
          6.604502
        ]
      },
      "properties": {
        "node_id": "J1859",
        "hours_flooded": 2.57,
        "max_rate_cms": 0.193,
        "total_vol_10e6l": 0.851,
        "max_ponded_m": 0.0,
        "elevation_m": 2.99,
        "flood_class": "Moderate",
        "colour": "#FF8F00",
        "pct_nonconverging": null,
        "label": "J1859 | Moderate | rate=0.19cms | flooded=2.6h | vol=0.9e6L"
      }
    },
    {
      "type": "Feature",
      "geometry": {
        "type": "Point",
        "coordinates": [
          3.371295,
          6.640872
        ]
      },
      "properties": {
        "node_id": "J1284",
        "hours_flooded": 5.23,
        "max_rate_cms": 0.192,
        "total_vol_10e6l": 1.172,
        "max_ponded_m": 0.0,
        "elevation_m": 37.79,
        "flood_class": "Moderate",
        "colour": "#FF8F00",
        "pct_nonconverging": null,
        "label": "J1284 | Moderate | rate=0.19cms | flooded=5.2h | vol=1.2e6L"
      }
    },
    {
      "type": "Feature",
      "geometry": {
        "type": "Point",
        "coordinates": [
          3.388582,
          6.597686
        ]
      },
      "properties": {
        "node_id": "J0027",
        "hours_flooded": 4.83,
        "max_rate_cms": 0.19,
        "total_vol_10e6l": 1.012,
        "max_ponded_m": 0.0,
        "elevation_m": 8.69,
        "flood_class": "Moderate",
        "colour": "#FF8F00",
        "pct_nonconverging": null,
        "label": "J0027 | Moderate | rate=0.19cms | flooded=4.8h | vol=1.0e6L"
      }
    },
    {
      "type": "Feature",
      "geometry": {
        "type": "Point",
        "coordinates": [
          3.365685,
          6.613235
        ]
      },
      "properties": {
        "node_id": "J0597",
        "hours_flooded": 2.69,
        "max_rate_cms": 0.19,
        "total_vol_10e6l": 0.802,
        "max_ponded_m": 0.0,
        "elevation_m": 32.62,
        "flood_class": "Moderate",
        "colour": "#FF8F00",
        "pct_nonconverging": null,
        "label": "J0597 | Moderate | rate=0.19cms | flooded=2.7h | vol=0.8e6L"
      }
    },
    {
      "type": "Feature",
      "geometry": {
        "type": "Point",
        "coordinates": [
          3.391849,
          6.595684
        ]
      },
      "properties": {
        "node_id": "J1149",
        "hours_flooded": 1.02,
        "max_rate_cms": 0.19,
        "total_vol_10e6l": 0.307,
        "max_ponded_m": 0.0,
        "elevation_m": 12.75,
        "flood_class": "Moderate",
        "colour": "#FF8F00",
        "pct_nonconverging": null,
        "label": "J1149 | Moderate | rate=0.19cms | flooded=1.0h | vol=0.3e6L"
      }
    },
    {
      "type": "Feature",
      "geometry": {
        "type": "Point",
        "coordinates": [
          3.393643,
          6.574181
        ]
      },
      "properties": {
        "node_id": "J0926",
        "hours_flooded": 0.01,
        "max_rate_cms": 0.189,
        "total_vol_10e6l": 0.0,
        "max_ponded_m": 0.0,
        "elevation_m": 23.73,
        "flood_class": "Moderate",
        "colour": "#FF8F00",
        "pct_nonconverging": null,
        "label": "J0926 | Moderate | rate=0.19cms | flooded=0.0h | vol=0.0e6L"
      }
    },
    {
      "type": "Feature",
      "geometry": {
        "type": "Point",
        "coordinates": [
          3.388061,
          6.597832
        ]
      },
      "properties": {
        "node_id": "J0029",
        "hours_flooded": 5.14,
        "max_rate_cms": 0.188,
        "total_vol_10e6l": 1.011,
        "max_ponded_m": 0.0,
        "elevation_m": 8.69,
        "flood_class": "Moderate",
        "colour": "#FF8F00",
        "pct_nonconverging": null,
        "label": "J0029 | Moderate | rate=0.19cms | flooded=5.1h | vol=1.0e6L"
      }
    },
    {
      "type": "Feature",
      "geometry": {
        "type": "Point",
        "coordinates": [
          3.396902,
          6.576085
        ]
      },
      "properties": {
        "node_id": "J0325",
        "hours_flooded": 5.26,
        "max_rate_cms": 0.188,
        "total_vol_10e6l": 1.005,
        "max_ponded_m": 0.0,
        "elevation_m": 3.12,
        "flood_class": "Moderate",
        "colour": "#FF8F00",
        "pct_nonconverging": null,
        "label": "J0325 | Moderate | rate=0.19cms | flooded=5.3h | vol=1.0e6L"
      }
    },
    {
      "type": "Feature",
      "geometry": {
        "type": "Point",
        "coordinates": [
          3.402771,
          6.546947
        ]
      },
      "properties": {
        "node_id": "J0337",
        "hours_flooded": 1.64,
        "max_rate_cms": 0.188,
        "total_vol_10e6l": 0.73,
        "max_ponded_m": 0.0,
        "elevation_m": 9.89,
        "flood_class": "Moderate",
        "colour": "#FF8F00",
        "pct_nonconverging": null,
        "label": "J0337 | Moderate | rate=0.19cms | flooded=1.6h | vol=0.7e6L"
      }
    },
    {
      "type": "Feature",
      "geometry": {
        "type": "Point",
        "coordinates": [
          3.377705,
          6.543198
        ]
      },
      "properties": {
        "node_id": "J1474",
        "hours_flooded": 1.56,
        "max_rate_cms": 0.188,
        "total_vol_10e6l": 0.739,
        "max_ponded_m": 0.0,
        "elevation_m": 4.9,
        "flood_class": "Moderate",
        "colour": "#FF8F00",
        "pct_nonconverging": null,
        "label": "J1474 | Moderate | rate=0.19cms | flooded=1.6h | vol=0.7e6L"
      }
    },
    {
      "type": "Feature",
      "geometry": {
        "type": "Point",
        "coordinates": [
          3.389994,
          6.549763
        ]
      },
      "properties": {
        "node_id": "J0219",
        "hours_flooded": 0.76,
        "max_rate_cms": 0.187,
        "total_vol_10e6l": 0.088,
        "max_ponded_m": 0.0,
        "elevation_m": 6.74,
        "flood_class": "Moderate",
        "colour": "#FF8F00",
        "pct_nonconverging": null,
        "label": "J0219 | Moderate | rate=0.19cms | flooded=0.8h | vol=0.1e6L"
      }
    },
    {
      "type": "Feature",
      "geometry": {
        "type": "Point",
        "coordinates": [
          3.47617,
          6.651081
        ]
      },
      "properties": {
        "node_id": "J2238",
        "hours_flooded": 1.67,
        "max_rate_cms": 0.187,
        "total_vol_10e6l": 0.001,
        "max_ponded_m": 0.0,
        "elevation_m": 10.34,
        "flood_class": "Moderate",
        "colour": "#FF8F00",
        "pct_nonconverging": null,
        "label": "J2238 | Moderate | rate=0.19cms | flooded=1.7h | vol=0.0e6L"
      }
    },
    {
      "type": "Feature",
      "geometry": {
        "type": "Point",
        "coordinates": [
          3.380117,
          6.548077
        ]
      },
      "properties": {
        "node_id": "J0845",
        "hours_flooded": 4.81,
        "max_rate_cms": 0.186,
        "total_vol_10e6l": 0.973,
        "max_ponded_m": 0.0,
        "elevation_m": 3.45,
        "flood_class": "Moderate",
        "colour": "#FF8F00",
        "pct_nonconverging": null,
        "label": "J0845 | Moderate | rate=0.19cms | flooded=4.8h | vol=1.0e6L"
      }
    },
    {
      "type": "Feature",
      "geometry": {
        "type": "Point",
        "coordinates": [
          3.365017,
          6.623868
        ]
      },
      "properties": {
        "node_id": "J1249",
        "hours_flooded": 1.5,
        "max_rate_cms": 0.185,
        "total_vol_10e6l": 0.52,
        "max_ponded_m": 0.0,
        "elevation_m": 23.81,
        "flood_class": "Moderate",
        "colour": "#FF8F00",
        "pct_nonconverging": null,
        "label": "J1249 | Moderate | rate=0.18cms | flooded=1.5h | vol=0.5e6L"
      }
    },
    {
      "type": "Feature",
      "geometry": {
        "type": "Point",
        "coordinates": [
          3.394749,
          6.597366
        ]
      },
      "properties": {
        "node_id": "J1043",
        "hours_flooded": 5.23,
        "max_rate_cms": 0.184,
        "total_vol_10e6l": 0.98,
        "max_ponded_m": 0.0,
        "elevation_m": 6.77,
        "flood_class": "Moderate",
        "colour": "#FF8F00",
        "pct_nonconverging": null,
        "label": "J1043 | Moderate | rate=0.18cms | flooded=5.2h | vol=1.0e6L"
      }
    },
    {
      "type": "Feature",
      "geometry": {
        "type": "Point",
        "coordinates": [
          3.367763,
          6.59733
        ]
      },
      "properties": {
        "node_id": "J0533",
        "hours_flooded": 3.07,
        "max_rate_cms": 0.181,
        "total_vol_10e6l": 0.002,
        "max_ponded_m": 0.0,
        "elevation_m": 22.76,
        "flood_class": "Moderate",
        "colour": "#FF8F00",
        "pct_nonconverging": null,
        "label": "J0533 | Moderate | rate=0.18cms | flooded=3.1h | vol=0.0e6L"
      }
    },
    {
      "type": "Feature",
      "geometry": {
        "type": "Point",
        "coordinates": [
          3.399266,
          6.588185
        ]
      },
      "properties": {
        "node_id": "J1035",
        "hours_flooded": 3.39,
        "max_rate_cms": 0.181,
        "total_vol_10e6l": 0.956,
        "max_ponded_m": 0.0,
        "elevation_m": 5.57,
        "flood_class": "Moderate",
        "colour": "#FF8F00",
        "pct_nonconverging": null,
        "label": "J1035 | Moderate | rate=0.18cms | flooded=3.4h | vol=1.0e6L"
      }
    },
    {
      "type": "Feature",
      "geometry": {
        "type": "Point",
        "coordinates": [
          3.39681,
          6.575372
        ]
      },
      "properties": {
        "node_id": "J0329",
        "hours_flooded": 5.26,
        "max_rate_cms": 0.177,
        "total_vol_10e6l": 0.964,
        "max_ponded_m": 0.0,
        "elevation_m": 3.12,
        "flood_class": "Moderate",
        "colour": "#FF8F00",
        "pct_nonconverging": null,
        "label": "J0329 | Moderate | rate=0.18cms | flooded=5.3h | vol=1.0e6L"
      }
    },
    {
      "type": "Feature",
      "geometry": {
        "type": "Point",
        "coordinates": [
          3.36759,
          6.582385
        ]
      },
      "properties": {
        "node_id": "J2086",
        "hours_flooded": 2.32,
        "max_rate_cms": 0.177,
        "total_vol_10e6l": 0.361,
        "max_ponded_m": 0.0,
        "elevation_m": 3.61,
        "flood_class": "Moderate",
        "colour": "#FF8F00",
        "pct_nonconverging": null,
        "label": "J2086 | Moderate | rate=0.18cms | flooded=2.3h | vol=0.4e6L"
      }
    },
    {
      "type": "Feature",
      "geometry": {
        "type": "Point",
        "coordinates": [
          3.48435,
          6.626335
        ]
      },
      "properties": {
        "node_id": "J2176",
        "hours_flooded": 0.01,
        "max_rate_cms": 0.177,
        "total_vol_10e6l": 0.0,
        "max_ponded_m": 0.0,
        "elevation_m": 9.55,
        "flood_class": "Moderate",
        "colour": "#FF8F00",
        "pct_nonconverging": null,
        "label": "J2176 | Moderate | rate=0.18cms | flooded=0.0h | vol=0.0e6L"
      }
    },
    {
      "type": "Feature",
      "geometry": {
        "type": "Point",
        "coordinates": [
          3.367397,
          6.582642
        ]
      },
      "properties": {
        "node_id": "J2110",
        "hours_flooded": 2.3,
        "max_rate_cms": 0.176,
        "total_vol_10e6l": 0.219,
        "max_ponded_m": 0.0,
        "elevation_m": 3.61,
        "flood_class": "Moderate",
        "colour": "#FF8F00",
        "pct_nonconverging": null,
        "label": "J2110 | Moderate | rate=0.18cms | flooded=2.3h | vol=0.2e6L"
      }
    },
    {
      "type": "Feature",
      "geometry": {
        "type": "Point",
        "coordinates": [
          3.387726,
          6.598032
        ]
      },
      "properties": {
        "node_id": "J0031",
        "hours_flooded": 5.2,
        "max_rate_cms": 0.175,
        "total_vol_10e6l": 0.949,
        "max_ponded_m": 0.0,
        "elevation_m": 8.69,
        "flood_class": "Moderate",
        "colour": "#FF8F00",
        "pct_nonconverging": null,
        "label": "J0031 | Moderate | rate=0.17cms | flooded=5.2h | vol=0.9e6L"
      }
    },
    {
      "type": "Feature",
      "geometry": {
        "type": "Point",
        "coordinates": [
          3.376698,
          6.63752
        ]
      },
      "properties": {
        "node_id": "J0457",
        "hours_flooded": 0.01,
        "max_rate_cms": 0.172,
        "total_vol_10e6l": 0.0,
        "max_ponded_m": 0.0,
        "elevation_m": 26.29,
        "flood_class": "Moderate",
        "colour": "#FF8F00",
        "pct_nonconverging": null,
        "label": "J0457 | Moderate | rate=0.17cms | flooded=0.0h | vol=0.0e6L"
      }
    },
    {
      "type": "Feature",
      "geometry": {
        "type": "Point",
        "coordinates": [
          3.402524,
          6.604281
        ]
      },
      "properties": {
        "node_id": "J1857",
        "hours_flooded": 1.68,
        "max_rate_cms": 0.171,
        "total_vol_10e6l": 0.31,
        "max_ponded_m": 0.0,
        "elevation_m": 2.99,
        "flood_class": "Moderate",
        "colour": "#FF8F00",
        "pct_nonconverging": null,
        "label": "J1857 | Moderate | rate=0.17cms | flooded=1.7h | vol=0.3e6L"
      }
    },
    {
      "type": "Feature",
      "geometry": {
        "type": "Point",
        "coordinates": [
          3.396908,
          6.575946
        ]
      },
      "properties": {
        "node_id": "J0326",
        "hours_flooded": 5.23,
        "max_rate_cms": 0.17,
        "total_vol_10e6l": 0.909,
        "max_ponded_m": 0.0,
        "elevation_m": 3.12,
        "flood_class": "Moderate",
        "colour": "#FF8F00",
        "pct_nonconverging": null,
        "label": "J0326 | Moderate | rate=0.17cms | flooded=5.2h | vol=0.9e6L"
      }
    },
    {
      "type": "Feature",
      "geometry": {
        "type": "Point",
        "coordinates": [
          3.398228,
          6.605324
        ]
      },
      "properties": {
        "node_id": "J1170",
        "hours_flooded": 5.25,
        "max_rate_cms": 0.169,
        "total_vol_10e6l": 1.052,
        "max_ponded_m": 0.0,
        "elevation_m": 1.92,
        "flood_class": "Moderate",
        "colour": "#FF8F00",
        "pct_nonconverging": null,
        "label": "J1170 | Moderate | rate=0.17cms | flooded=5.2h | vol=1.1e6L"
      }
    },
    {
      "type": "Feature",
      "geometry": {
        "type": "Point",
        "coordinates": [
          3.505467,
          6.59418
        ]
      },
      "properties": {
        "node_id": "J1975",
        "hours_flooded": 0.3,
        "max_rate_cms": 0.168,
        "total_vol_10e6l": 0.0,
        "max_ponded_m": 0.0,
        "elevation_m": 7.02,
        "flood_class": "Moderate",
        "colour": "#FF8F00",
        "pct_nonconverging": null,
        "label": "J1975 | Moderate | rate=0.17cms | flooded=0.3h | vol=0.0e6L"
      }
    },
    {
      "type": "Feature",
      "geometry": {
        "type": "Point",
        "coordinates": [
          3.397091,
          6.546985
        ]
      },
      "properties": {
        "node_id": "J0242",
        "hours_flooded": 0.31,
        "max_rate_cms": 0.167,
        "total_vol_10e6l": 0.109,
        "max_ponded_m": 0.0,
        "elevation_m": 4.1,
        "flood_class": "Moderate",
        "colour": "#FF8F00",
        "pct_nonconverging": null,
        "label": "J0242 | Moderate | rate=0.17cms | flooded=0.3h | vol=0.1e6L"
      }
    },
    {
      "type": "Feature",
      "geometry": {
        "type": "Point",
        "coordinates": [
          3.365301,
          6.613825
        ]
      },
      "properties": {
        "node_id": "J0598",
        "hours_flooded": 3.02,
        "max_rate_cms": 0.167,
        "total_vol_10e6l": 0.707,
        "max_ponded_m": 0.0,
        "elevation_m": 32.62,
        "flood_class": "Moderate",
        "colour": "#FF8F00",
        "pct_nonconverging": null,
        "label": "J0598 | Moderate | rate=0.17cms | flooded=3.0h | vol=0.7e6L"
      }
    },
    {
      "type": "Feature",
      "geometry": {
        "type": "Point",
        "coordinates": [
          3.386337,
          6.597681
        ]
      },
      "properties": {
        "node_id": "J1908",
        "hours_flooded": 4.43,
        "max_rate_cms": 0.166,
        "total_vol_10e6l": 0.865,
        "max_ponded_m": 0.0,
        "elevation_m": 16.7,
        "flood_class": "Moderate",
        "colour": "#FF8F00",
        "pct_nonconverging": null,
        "label": "J1908 | Moderate | rate=0.17cms | flooded=4.4h | vol=0.9e6L"
      }
    },
    {
      "type": "Feature",
      "geometry": {
        "type": "Point",
        "coordinates": [
          3.366726,
          6.598347
        ]
      },
      "properties": {
        "node_id": "J0528",
        "hours_flooded": 4.69,
        "max_rate_cms": 0.165,
        "total_vol_10e6l": 0.263,
        "max_ponded_m": 0.0,
        "elevation_m": 22.76,
        "flood_class": "Moderate",
        "colour": "#FF8F00",
        "pct_nonconverging": null,
        "label": "J0528 | Moderate | rate=0.17cms | flooded=4.7h | vol=0.3e6L"
      }
    },
    {
      "type": "Feature",
      "geometry": {
        "type": "Point",
        "coordinates": [
          3.37736,
          6.639689
        ]
      },
      "properties": {
        "node_id": "J2014",
        "hours_flooded": 0.01,
        "max_rate_cms": 0.164,
        "total_vol_10e6l": 0.0,
        "max_ponded_m": 0.0,
        "elevation_m": 38.22,
        "flood_class": "Moderate",
        "colour": "#FF8F00",
        "pct_nonconverging": null,
        "label": "J2014 | Moderate | rate=0.16cms | flooded=0.0h | vol=0.0e6L"
      }
    },
    {
      "type": "Feature",
      "geometry": {
        "type": "Point",
        "coordinates": [
          3.506362,
          6.593459
        ]
      },
      "properties": {
        "node_id": "J1978",
        "hours_flooded": 0.28,
        "max_rate_cms": 0.163,
        "total_vol_10e6l": 0.001,
        "max_ponded_m": 0.0,
        "elevation_m": 7.02,
        "flood_class": "Moderate",
        "colour": "#FF8F00",
        "pct_nonconverging": null,
        "label": "J1978 | Moderate | rate=0.16cms | flooded=0.3h | vol=0.0e6L"
      }
    },
    {
      "type": "Feature",
      "geometry": {
        "type": "Point",
        "coordinates": [
          3.396414,
          6.591623
        ]
      },
      "properties": {
        "node_id": "J1139",
        "hours_flooded": 0.01,
        "max_rate_cms": 0.162,
        "total_vol_10e6l": 0.0,
        "max_ponded_m": 0.0,
        "elevation_m": 5.72,
        "flood_class": "Moderate",
        "colour": "#FF8F00",
        "pct_nonconverging": null,
        "label": "J1139 | Moderate | rate=0.16cms | flooded=0.0h | vol=0.0e6L"
      }
    },
    {
      "type": "Feature",
      "geometry": {
        "type": "Point",
        "coordinates": [
          3.375637,
          6.640188
        ]
      },
      "properties": {
        "node_id": "J2018",
        "hours_flooded": 4.65,
        "max_rate_cms": 0.161,
        "total_vol_10e6l": 0.86,
        "max_ponded_m": 0.0,
        "elevation_m": 34.11,
        "flood_class": "Moderate",
        "colour": "#FF8F00",
        "pct_nonconverging": null,
        "label": "J2018 | Moderate | rate=0.16cms | flooded=4.7h | vol=0.9e6L"
      }
    },
    {
      "type": "Feature",
      "geometry": {
        "type": "Point",
        "coordinates": [
          3.364756,
          6.627496
        ]
      },
      "properties": {
        "node_id": "J1238",
        "hours_flooded": 0.01,
        "max_rate_cms": 0.16,
        "total_vol_10e6l": 0.0,
        "max_ponded_m": 0.0,
        "elevation_m": 5.51,
        "flood_class": "Moderate",
        "colour": "#FF8F00",
        "pct_nonconverging": null,
        "label": "J1238 | Moderate | rate=0.16cms | flooded=0.0h | vol=0.0e6L"
      }
    },
    {
      "type": "Feature",
      "geometry": {
        "type": "Point",
        "coordinates": [
          3.394034,
          6.607852
        ]
      },
      "properties": {
        "node_id": "J1932",
        "hours_flooded": 0.01,
        "max_rate_cms": 0.16,
        "total_vol_10e6l": 0.001,
        "max_ponded_m": 0.0,
        "elevation_m": 15.21,
        "flood_class": "Moderate",
        "colour": "#FF8F00",
        "pct_nonconverging": null,
        "label": "J1932 | Moderate | rate=0.16cms | flooded=0.0h | vol=0.0e6L"
      }
    },
    {
      "type": "Feature",
      "geometry": {
        "type": "Point",
        "coordinates": [
          3.401243,
          6.604753
        ]
      },
      "properties": {
        "node_id": "J1748",
        "hours_flooded": 3.52,
        "max_rate_cms": 0.159,
        "total_vol_10e6l": 0.809,
        "max_ponded_m": 0.0,
        "elevation_m": 2.98,
        "flood_class": "Moderate",
        "colour": "#FF8F00",
        "pct_nonconverging": null,
        "label": "J1748 | Moderate | rate=0.16cms | flooded=3.5h | vol=0.8e6L"
      }
    },
    {
      "type": "Feature",
      "geometry": {
        "type": "Point",
        "coordinates": [
          3.396216,
          6.574003
        ]
      },
      "properties": {
        "node_id": "J0298",
        "hours_flooded": 0.87,
        "max_rate_cms": 0.158,
        "total_vol_10e6l": 0.282,
        "max_ponded_m": 0.0,
        "elevation_m": 11.95,
        "flood_class": "Moderate",
        "colour": "#FF8F00",
        "pct_nonconverging": null,
        "label": "J0298 | Moderate | rate=0.16cms | flooded=0.9h | vol=0.3e6L"
      }
    },
    {
      "type": "Feature",
      "geometry": {
        "type": "Point",
        "coordinates": [
          3.396864,
          6.575772
        ]
      },
      "properties": {
        "node_id": "J0327",
        "hours_flooded": 5.18,
        "max_rate_cms": 0.157,
        "total_vol_10e6l": 0.837,
        "max_ponded_m": 0.0,
        "elevation_m": 3.12,
        "flood_class": "Moderate",
        "colour": "#FF8F00",
        "pct_nonconverging": null,
        "label": "J0327 | Moderate | rate=0.16cms | flooded=5.2h | vol=0.8e6L"
      }
    },
    {
      "type": "Feature",
      "geometry": {
        "type": "Point",
        "coordinates": [
          3.395749,
          6.597032
        ]
      },
      "properties": {
        "node_id": "J1104",
        "hours_flooded": 5.23,
        "max_rate_cms": 0.154,
        "total_vol_10e6l": 0.88,
        "max_ponded_m": 0.0,
        "elevation_m": 6.77,
        "flood_class": "Moderate",
        "colour": "#FF8F00",
        "pct_nonconverging": null,
        "label": "J1104 | Moderate | rate=0.15cms | flooded=5.2h | vol=0.9e6L"
      }
    },
    {
      "type": "Feature",
      "geometry": {
        "type": "Point",
        "coordinates": [
          3.475322,
          6.618291
        ]
      },
      "properties": {
        "node_id": "J0719",
        "hours_flooded": 0.01,
        "max_rate_cms": 0.152,
        "total_vol_10e6l": 0.0,
        "max_ponded_m": 0.0,
        "elevation_m": 5.49,
        "flood_class": "Moderate",
        "colour": "#FF8F00",
        "pct_nonconverging": null,
        "label": "J0719 | Moderate | rate=0.15cms | flooded=0.0h | vol=0.0e6L"
      }
    },
    {
      "type": "Feature",
      "geometry": {
        "type": "Point",
        "coordinates": [
          3.375491,
          6.640233
        ]
      },
      "properties": {
        "node_id": "J2019",
        "hours_flooded": 4.54,
        "max_rate_cms": 0.152,
        "total_vol_10e6l": 0.804,
        "max_ponded_m": 0.0,
        "elevation_m": 34.11,
        "flood_class": "Moderate",
        "colour": "#FF8F00",
        "pct_nonconverging": null,
        "label": "J2019 | Moderate | rate=0.15cms | flooded=4.5h | vol=0.8e6L"
      }
    },
    {
      "type": "Feature",
      "geometry": {
        "type": "Point",
        "coordinates": [
          3.4842,
          6.626787
        ]
      },
      "properties": {
        "node_id": "J2183",
        "hours_flooded": 0.01,
        "max_rate_cms": 0.151,
        "total_vol_10e6l": 0.0,
        "max_ponded_m": 0.0,
        "elevation_m": 9.55,
        "flood_class": "Moderate",
        "colour": "#FF8F00",
        "pct_nonconverging": null,
        "label": "J2183 | Moderate | rate=0.15cms | flooded=0.0h | vol=0.0e6L"
      }
    },
    {
      "type": "Feature",
      "geometry": {
        "type": "Point",
        "coordinates": [
          3.386286,
          6.526539
        ]
      },
      "properties": {
        "node_id": "J0135",
        "hours_flooded": 0.01,
        "max_rate_cms": 0.15,
        "total_vol_10e6l": 0.0,
        "max_ponded_m": 0.0,
        "elevation_m": 1.26,
        "flood_class": "Moderate",
        "colour": "#FF8F00",
        "pct_nonconverging": null,
        "label": "J0135 | Moderate | rate=0.15cms | flooded=0.0h | vol=0.0e6L"
      }
    },
    {
      "type": "Feature",
      "geometry": {
        "type": "Point",
        "coordinates": [
          3.475641,
          6.558669
        ]
      },
      "properties": {
        "node_id": "J1662",
        "hours_flooded": 0.01,
        "max_rate_cms": 0.149,
        "total_vol_10e6l": 0.0,
        "max_ponded_m": 0.0,
        "elevation_m": 6.87,
        "flood_class": "Moderate",
        "colour": "#FF8F00",
        "pct_nonconverging": null,
        "label": "J1662 | Moderate | rate=0.15cms | flooded=0.0h | vol=0.0e6L"
      }
    },
    {
      "type": "Feature",
      "geometry": {
        "type": "Point",
        "coordinates": [
          3.396836,
          6.575125
        ]
      },
      "properties": {
        "node_id": "J0292",
        "hours_flooded": 5.26,
        "max_rate_cms": 0.148,
        "total_vol_10e6l": 0.812,
        "max_ponded_m": 0.0,
        "elevation_m": 3.12,
        "flood_class": "Moderate",
        "colour": "#FF8F00",
        "pct_nonconverging": null,
        "label": "J0292 | Moderate | rate=0.15cms | flooded=5.3h | vol=0.8e6L"
      }
    },
    {
      "type": "Feature",
      "geometry": {
        "type": "Point",
        "coordinates": [
          3.399211,
          6.587963
        ]
      },
      "properties": {
        "node_id": "J1036",
        "hours_flooded": 3.4,
        "max_rate_cms": 0.148,
        "total_vol_10e6l": 0.779,
        "max_ponded_m": 0.0,
        "elevation_m": 5.57,
        "flood_class": "Moderate",
        "colour": "#FF8F00",
        "pct_nonconverging": null,
        "label": "J1036 | Moderate | rate=0.15cms | flooded=3.4h | vol=0.8e6L"
      }
    },
    {
      "type": "Feature",
      "geometry": {
        "type": "Point",
        "coordinates": [
          3.394895,
          6.597358
        ]
      },
      "properties": {
        "node_id": "J1042",
        "hours_flooded": 5.12,
        "max_rate_cms": 0.148,
        "total_vol_10e6l": 0.789,
        "max_ponded_m": 0.0,
        "elevation_m": 6.77,
        "flood_class": "Moderate",
        "colour": "#FF8F00",
        "pct_nonconverging": null,
        "label": "J1042 | Moderate | rate=0.15cms | flooded=5.1h | vol=0.8e6L"
      }
    },
    {
      "type": "Feature",
      "geometry": {
        "type": "Point",
        "coordinates": [
          3.489644,
          6.58177
        ]
      },
      "properties": {
        "node_id": "J1730",
        "hours_flooded": 0.01,
        "max_rate_cms": 0.147,
        "total_vol_10e6l": 0.0,
        "max_ponded_m": 0.0,
        "elevation_m": 6.11,
        "flood_class": "Moderate",
        "colour": "#FF8F00",
        "pct_nonconverging": null,
        "label": "J1730 | Moderate | rate=0.15cms | flooded=0.0h | vol=0.0e6L"
      }
    },
    {
      "type": "Feature",
      "geometry": {
        "type": "Point",
        "coordinates": [
          3.386192,
          6.525998
        ]
      },
      "properties": {
        "node_id": "J0133",
        "hours_flooded": 0.01,
        "max_rate_cms": 0.146,
        "total_vol_10e6l": 0.0,
        "max_ponded_m": 0.0,
        "elevation_m": 1.26,
        "flood_class": "Moderate",
        "colour": "#FF8F00",
        "pct_nonconverging": null,
        "label": "J0133 | Moderate | rate=0.15cms | flooded=0.0h | vol=0.0e6L"
      }
    },
    {
      "type": "Feature",
      "geometry": {
        "type": "Point",
        "coordinates": [
          3.371565,
          6.579534
        ]
      },
      "properties": {
        "node_id": "J2094",
        "hours_flooded": 1.65,
        "max_rate_cms": 0.146,
        "total_vol_10e6l": 0.085,
        "max_ponded_m": 0.0,
        "elevation_m": 3.71,
        "flood_class": "Moderate",
        "colour": "#FF8F00",
        "pct_nonconverging": null,
        "label": "J2094 | Moderate | rate=0.15cms | flooded=1.6h | vol=0.1e6L"
      }
    },
    {
      "type": "Feature",
      "geometry": {
        "type": "Point",
        "coordinates": [
          3.372245,
          6.628397
        ]
      },
      "properties": {
        "node_id": "J0401",
        "hours_flooded": 4.72,
        "max_rate_cms": 0.144,
        "total_vol_10e6l": 0.507,
        "max_ponded_m": 0.0,
        "elevation_m": 16.97,
        "flood_class": "Moderate",
        "colour": "#FF8F00",
        "pct_nonconverging": null,
        "label": "J0401 | Moderate | rate=0.14cms | flooded=4.7h | vol=0.5e6L"
      }
    },
    {
      "type": "Feature",
      "geometry": {
        "type": "Point",
        "coordinates": [
          3.368448,
          6.596739
        ]
      },
      "properties": {
        "node_id": "J0535",
        "hours_flooded": 4.53,
        "max_rate_cms": 0.143,
        "total_vol_10e6l": 0.004,
        "max_ponded_m": 0.0,
        "elevation_m": 22.76,
        "flood_class": "Moderate",
        "colour": "#FF8F00",
        "pct_nonconverging": null,
        "label": "J0535 | Moderate | rate=0.14cms | flooded=4.5h | vol=0.0e6L"
      }
    },
    {
      "type": "Feature",
      "geometry": {
        "type": "Point",
        "coordinates": [
          3.500347,
          6.540499
        ]
      },
      "properties": {
        "node_id": "J0734",
        "hours_flooded": 3.44,
        "max_rate_cms": 0.143,
        "total_vol_10e6l": 0.45,
        "max_ponded_m": 0.0,
        "elevation_m": 3.96,
        "flood_class": "Moderate",
        "colour": "#FF8F00",
        "pct_nonconverging": null,
        "label": "J0734 | Moderate | rate=0.14cms | flooded=3.4h | vol=0.5e6L"
      }
    },
    {
      "type": "Feature",
      "geometry": {
        "type": "Point",
        "coordinates": [
          3.395268,
          6.597256
        ]
      },
      "properties": {
        "node_id": "J1040",
        "hours_flooded": 5.1,
        "max_rate_cms": 0.143,
        "total_vol_10e6l": 0.765,
        "max_ponded_m": 0.0,
        "elevation_m": 6.77,
        "flood_class": "Moderate",
        "colour": "#FF8F00",
        "pct_nonconverging": null,
        "label": "J1040 | Moderate | rate=0.14cms | flooded=5.1h | vol=0.8e6L"
      }
    },
    {
      "type": "Feature",
      "geometry": {
        "type": "Point",
        "coordinates": [
          3.395064,
          6.597315
        ]
      },
      "properties": {
        "node_id": "J1041",
        "hours_flooded": 5.09,
        "max_rate_cms": 0.141,
        "total_vol_10e6l": 0.753,
        "max_ponded_m": 0.0,
        "elevation_m": 6.77,
        "flood_class": "Moderate",
        "colour": "#FF8F00",
        "pct_nonconverging": null,
        "label": "J1041 | Moderate | rate=0.14cms | flooded=5.1h | vol=0.8e6L"
      }
    },
    {
      "type": "Feature",
      "geometry": {
        "type": "Point",
        "coordinates": [
          3.503199,
          6.595919
        ]
      },
      "properties": {
        "node_id": "J1967",
        "hours_flooded": 0.01,
        "max_rate_cms": 0.139,
        "total_vol_10e6l": 0.0,
        "max_ponded_m": 0.0,
        "elevation_m": 8.28,
        "flood_class": "Moderate",
        "colour": "#FF8F00",
        "pct_nonconverging": null,
        "label": "J1967 | Moderate | rate=0.14cms | flooded=0.0h | vol=0.0e6L"
      }
    },
    {
      "type": "Feature",
      "geometry": {
        "type": "Point",
        "coordinates": [
          3.504856,
          6.54708
        ]
      },
      "properties": {
        "node_id": "J0759",
        "hours_flooded": 0.01,
        "max_rate_cms": 0.138,
        "total_vol_10e6l": 0.0,
        "max_ponded_m": 0.0,
        "elevation_m": 3.13,
        "flood_class": "Moderate",
        "colour": "#FF8F00",
        "pct_nonconverging": null,
        "label": "J0759 | Moderate | rate=0.14cms | flooded=0.0h | vol=0.0e6L"
      }
    },
    {
      "type": "Feature",
      "geometry": {
        "type": "Point",
        "coordinates": [
          3.385643,
          6.524576
        ]
      },
      "properties": {
        "node_id": "J0129",
        "hours_flooded": 0.02,
        "max_rate_cms": 0.136,
        "total_vol_10e6l": 0.003,
        "max_ponded_m": 0.0,
        "elevation_m": 1.26,
        "flood_class": "Moderate",
        "colour": "#FF8F00",
        "pct_nonconverging": null,
        "label": "J0129 | Moderate | rate=0.14cms | flooded=0.0h | vol=0.0e6L"
      }
    },
    {
      "type": "Feature",
      "geometry": {
        "type": "Point",
        "coordinates": [
          3.396736,
          6.572251
        ]
      },
      "properties": {
        "node_id": "J0004",
        "hours_flooded": 4.9,
        "max_rate_cms": 0.135,
        "total_vol_10e6l": 0.468,
        "max_ponded_m": 0.0,
        "elevation_m": 9.16,
        "flood_class": "Moderate",
        "colour": "#FF8F00",
        "pct_nonconverging": null,
        "label": "J0004 | Moderate | rate=0.14cms | flooded=4.9h | vol=0.5e6L"
      }
    },
    {
      "type": "Feature",
      "geometry": {
        "type": "Point",
        "coordinates": [
          3.373571,
          6.591494
        ]
      },
      "properties": {
        "node_id": "J0552",
        "hours_flooded": 0.01,
        "max_rate_cms": 0.135,
        "total_vol_10e6l": 0.0,
        "max_ponded_m": 0.0,
        "elevation_m": 24.68,
        "flood_class": "Moderate",
        "colour": "#FF8F00",
        "pct_nonconverging": null,
        "label": "J0552 | Moderate | rate=0.14cms | flooded=0.0h | vol=0.0e6L"
      }
    },
    {
      "type": "Feature",
      "geometry": {
        "type": "Point",
        "coordinates": [
          3.476927,
          6.562482
        ]
      },
      "properties": {
        "node_id": "J1649",
        "hours_flooded": 4.54,
        "max_rate_cms": 0.133,
        "total_vol_10e6l": 0.711,
        "max_ponded_m": 0.0,
        "elevation_m": 4.97,
        "flood_class": "Moderate",
        "colour": "#FF8F00",
        "pct_nonconverging": null,
        "label": "J1649 | Moderate | rate=0.13cms | flooded=4.5h | vol=0.7e6L"
      }
    },
    {
      "type": "Feature",
      "geometry": {
        "type": "Point",
        "coordinates": [
          3.506484,
          6.593363
        ]
      },
      "properties": {
        "node_id": "J1979",
        "hours_flooded": 0.1,
        "max_rate_cms": 0.133,
        "total_vol_10e6l": 0.001,
        "max_ponded_m": 0.0,
        "elevation_m": 7.02,
        "flood_class": "Moderate",
        "colour": "#FF8F00",
        "pct_nonconverging": null,
        "label": "J1979 | Moderate | rate=0.13cms | flooded=0.1h | vol=0.0e6L"
      }
    },
    {
      "type": "Feature",
      "geometry": {
        "type": "Point",
        "coordinates": [
          3.387931,
          6.597902
        ]
      },
      "properties": {
        "node_id": "J0030",
        "hours_flooded": 5.18,
        "max_rate_cms": 0.132,
        "total_vol_10e6l": 0.757,
        "max_ponded_m": 0.0,
        "elevation_m": 8.69,
        "flood_class": "Moderate",
        "colour": "#FF8F00",
        "pct_nonconverging": null,
        "label": "J0030 | Moderate | rate=0.13cms | flooded=5.2h | vol=0.8e6L"
      }
    },
    {
      "type": "Feature",
      "geometry": {
        "type": "Point",
        "coordinates": [
          3.392787,
          6.581975
        ]
      },
      "properties": {
        "node_id": "J2078",
        "hours_flooded": 0.48,
        "max_rate_cms": 0.129,
        "total_vol_10e6l": 0.052,
        "max_ponded_m": 0.0,
        "elevation_m": 3.45,
        "flood_class": "Moderate",
        "colour": "#FF8F00",
        "pct_nonconverging": null,
        "label": "J2078 | Moderate | rate=0.13cms | flooded=0.5h | vol=0.1e6L"
      }
    },
    {
      "type": "Feature",
      "geometry": {
        "type": "Point",
        "coordinates": [
          3.395242,
          6.591974
        ]
      },
      "properties": {
        "node_id": "J1132",
        "hours_flooded": 5.04,
        "max_rate_cms": 0.128,
        "total_vol_10e6l": 0.679,
        "max_ponded_m": 0.0,
        "elevation_m": 4.95,
        "flood_class": "Moderate",
        "colour": "#FF8F00",
        "pct_nonconverging": null,
        "label": "J1132 | Moderate | rate=0.13cms | flooded=5.0h | vol=0.7e6L"
      }
    },
    {
      "type": "Feature",
      "geometry": {
        "type": "Point",
        "coordinates": [
          3.40257,
          6.546473
        ]
      },
      "properties": {
        "node_id": "J0340",
        "hours_flooded": 0.69,
        "max_rate_cms": 0.127,
        "total_vol_10e6l": 0.18,
        "max_ponded_m": 0.0,
        "elevation_m": 9.89,
        "flood_class": "Moderate",
        "colour": "#FF8F00",
        "pct_nonconverging": null,
        "label": "J0340 | Moderate | rate=0.13cms | flooded=0.7h | vol=0.2e6L"
      }
    },
    {
      "type": "Feature",
      "geometry": {
        "type": "Point",
        "coordinates": [
          3.374966,
          6.640308
        ]
      },
      "properties": {
        "node_id": "J2022",
        "hours_flooded": 4.3,
        "max_rate_cms": 0.127,
        "total_vol_10e6l": 0.674,
        "max_ponded_m": 0.0,
        "elevation_m": 34.11,
        "flood_class": "Moderate",
        "colour": "#FF8F00",
        "pct_nonconverging": null,
        "label": "J2022 | Moderate | rate=0.13cms | flooded=4.3h | vol=0.7e6L"
      }
    },
    {
      "type": "Feature",
      "geometry": {
        "type": "Point",
        "coordinates": [
          3.484825,
          6.625987
        ]
      },
      "properties": {
        "node_id": "J2178",
        "hours_flooded": 0.01,
        "max_rate_cms": 0.127,
        "total_vol_10e6l": 0.0,
        "max_ponded_m": 0.0,
        "elevation_m": 9.55,
        "flood_class": "Moderate",
        "colour": "#FF8F00",
        "pct_nonconverging": null,
        "label": "J2178 | Moderate | rate=0.13cms | flooded=0.0h | vol=0.0e6L"
      }
    },
    {
      "type": "Feature",
      "geometry": {
        "type": "Point",
        "coordinates": [
          3.37218,
          6.579239
        ]
      },
      "properties": {
        "node_id": "J2158",
        "hours_flooded": 0.01,
        "max_rate_cms": 0.126,
        "total_vol_10e6l": 0.0,
        "max_ponded_m": 0.0,
        "elevation_m": 3.71,
        "flood_class": "Moderate",
        "colour": "#FF8F00",
        "pct_nonconverging": null,
        "label": "J2158 | Moderate | rate=0.13cms | flooded=0.0h | vol=0.0e6L"
      }
    },
    {
      "type": "Feature",
      "geometry": {
        "type": "Point",
        "coordinates": [
          3.385587,
          6.524403
        ]
      },
      "properties": {
        "node_id": "J0128",
        "hours_flooded": 0.03,
        "max_rate_cms": 0.125,
        "total_vol_10e6l": 0.004,
        "max_ponded_m": 0.0,
        "elevation_m": 1.26,
        "flood_class": "Moderate",
        "colour": "#FF8F00",
        "pct_nonconverging": null,
        "label": "J0128 | Moderate | rate=0.12cms | flooded=0.0h | vol=0.0e6L"
      }
    },
    {
      "type": "Feature",
      "geometry": {
        "type": "Point",
        "coordinates": [
          3.399409,
          6.547927
        ]
      },
      "properties": {
        "node_id": "J0264",
        "hours_flooded": 0.01,
        "max_rate_cms": 0.125,
        "total_vol_10e6l": 0.0,
        "max_ponded_m": 0.0,
        "elevation_m": 3.28,
        "flood_class": "Moderate",
        "colour": "#FF8F00",
        "pct_nonconverging": null,
        "label": "J0264 | Moderate | rate=0.12cms | flooded=0.0h | vol=0.0e6L"
      }
    },
    {
      "type": "Feature",
      "geometry": {
        "type": "Point",
        "coordinates": [
          3.370435,
          6.606357
        ]
      },
      "properties": {
        "node_id": "J0586",
        "hours_flooded": 0.43,
        "max_rate_cms": 0.124,
        "total_vol_10e6l": 0.073,
        "max_ponded_m": 0.0,
        "elevation_m": 40.84,
        "flood_class": "Moderate",
        "colour": "#FF8F00",
        "pct_nonconverging": null,
        "label": "J0586 | Moderate | rate=0.12cms | flooded=0.4h | vol=0.1e6L"
      }
    },
    {
      "type": "Feature",
      "geometry": {
        "type": "Point",
        "coordinates": [
          3.401101,
          6.576825
        ]
      },
      "properties": {
        "node_id": "J0979",
        "hours_flooded": 0.44,
        "max_rate_cms": 0.124,
        "total_vol_10e6l": 0.108,
        "max_ponded_m": 0.0,
        "elevation_m": 3.47,
        "flood_class": "Moderate",
        "colour": "#FF8F00",
        "pct_nonconverging": null,
        "label": "J0979 | Moderate | rate=0.12cms | flooded=0.4h | vol=0.1e6L"
      }
    },
    {
      "type": "Feature",
      "geometry": {
        "type": "Point",
        "coordinates": [
          3.393273,
          6.592292
        ]
      },
      "properties": {
        "node_id": "J1124",
        "hours_flooded": 0.49,
        "max_rate_cms": 0.122,
        "total_vol_10e6l": 0.121,
        "max_ponded_m": 0.0,
        "elevation_m": 7.85,
        "flood_class": "Moderate",
        "colour": "#FF8F00",
        "pct_nonconverging": null,
        "label": "J1124 | Moderate | rate=0.12cms | flooded=0.5h | vol=0.1e6L"
      }
    },
    {
      "type": "Feature",
      "geometry": {
        "type": "Point",
        "coordinates": [
          3.396584,
          6.572373
        ]
      },
      "properties": {
        "node_id": "J0003",
        "hours_flooded": 5.06,
        "max_rate_cms": 0.121,
        "total_vol_10e6l": 0.648,
        "max_ponded_m": 0.0,
        "elevation_m": 9.16,
        "flood_class": "Moderate",
        "colour": "#FF8F00",
        "pct_nonconverging": null,
        "label": "J0003 | Moderate | rate=0.12cms | flooded=5.1h | vol=0.6e6L"
      }
    },
    {
      "type": "Feature",
      "geometry": {
        "type": "Point",
        "coordinates": [
          3.39735,
          6.617233
        ]
      },
      "properties": {
        "node_id": "J1401",
        "hours_flooded": 0.01,
        "max_rate_cms": 0.118,
        "total_vol_10e6l": 0.0,
        "max_ponded_m": 0.0,
        "elevation_m": 13.7,
        "flood_class": "Moderate",
        "colour": "#FF8F00",
        "pct_nonconverging": null,
        "label": "J1401 | Moderate | rate=0.12cms | flooded=0.0h | vol=0.0e6L"
      }
    },
    {
      "type": "Feature",
      "geometry": {
        "type": "Point",
        "coordinates": [
          3.507932,
          6.552044
        ]
      },
      "properties": {
        "node_id": "J0769",
        "hours_flooded": 0.23,
        "max_rate_cms": 0.116,
        "total_vol_10e6l": 0.0,
        "max_ponded_m": 0.0,
        "elevation_m": 3.92,
        "flood_class": "Moderate",
        "colour": "#FF8F00",
        "pct_nonconverging": null,
        "label": "J0769 | Moderate | rate=0.12cms | flooded=0.2h | vol=0.0e6L"
      }
    },
    {
      "type": "Feature",
      "geometry": {
        "type": "Point",
        "coordinates": [
          3.397145,
          6.617976
        ]
      },
      "properties": {
        "node_id": "J1398",
        "hours_flooded": 1.28,
        "max_rate_cms": 0.116,
        "total_vol_10e6l": 0.119,
        "max_ponded_m": 0.0,
        "elevation_m": 13.7,
        "flood_class": "Moderate",
        "colour": "#FF8F00",
        "pct_nonconverging": null,
        "label": "J1398 | Moderate | rate=0.12cms | flooded=1.3h | vol=0.1e6L"
      }
    },
    {
      "type": "Feature",
      "geometry": {
        "type": "Point",
        "coordinates": [
          3.396246,
          6.610546
        ]
      },
      "properties": {
        "node_id": "J1751",
        "hours_flooded": 4.9,
        "max_rate_cms": 0.116,
        "total_vol_10e6l": 0.651,
        "max_ponded_m": 0.0,
        "elevation_m": 6.79,
        "flood_class": "Moderate",
        "colour": "#FF8F00",
        "pct_nonconverging": null,
        "label": "J1751 | Moderate | rate=0.12cms | flooded=4.9h | vol=0.7e6L"
      }
    },
    {
      "type": "Feature",
      "geometry": {
        "type": "Point",
        "coordinates": [
          3.375495,
          6.599792
        ]
      },
      "properties": {
        "node_id": "J0572",
        "hours_flooded": 0.01,
        "max_rate_cms": 0.115,
        "total_vol_10e6l": 0.0,
        "max_ponded_m": 0.0,
        "elevation_m": 35.95,
        "flood_class": "Moderate",
        "colour": "#FF8F00",
        "pct_nonconverging": null,
        "label": "J0572 | Moderate | rate=0.12cms | flooded=0.0h | vol=0.0e6L"
      }
    },
    {
      "type": "Feature",
      "geometry": {
        "type": "Point",
        "coordinates": [
          3.400407,
          6.592667
        ]
      },
      "properties": {
        "node_id": "J1015",
        "hours_flooded": 0.01,
        "max_rate_cms": 0.115,
        "total_vol_10e6l": 0.0,
        "max_ponded_m": 0.0,
        "elevation_m": 9.24,
        "flood_class": "Moderate",
        "colour": "#FF8F00",
        "pct_nonconverging": null,
        "label": "J1015 | Moderate | rate=0.12cms | flooded=0.0h | vol=0.0e6L"
      }
    },
    {
      "type": "Feature",
      "geometry": {
        "type": "Point",
        "coordinates": [
          3.372019,
          6.578304
        ]
      },
      "properties": {
        "node_id": "J2141",
        "hours_flooded": 3.32,
        "max_rate_cms": 0.115,
        "total_vol_10e6l": 0.07,
        "max_ponded_m": 0.0,
        "elevation_m": 4.63,
        "flood_class": "Moderate",
        "colour": "#FF8F00",
        "pct_nonconverging": null,
        "label": "J2141 | Moderate | rate=0.12cms | flooded=3.3h | vol=0.1e6L"
      }
    },
    {
      "type": "Feature",
      "geometry": {
        "type": "Point",
        "coordinates": [
          3.402629,
          6.546671
        ]
      },
      "properties": {
        "node_id": "J0339",
        "hours_flooded": 1.2,
        "max_rate_cms": 0.114,
        "total_vol_10e6l": 0.249,
        "max_ponded_m": 0.0,
        "elevation_m": 9.89,
        "flood_class": "Moderate",
        "colour": "#FF8F00",
        "pct_nonconverging": null,
        "label": "J0339 | Moderate | rate=0.11cms | flooded=1.2h | vol=0.2e6L"
      }
    },
    {
      "type": "Feature",
      "geometry": {
        "type": "Point",
        "coordinates": [
          3.375113,
          6.640289
        ]
      },
      "properties": {
        "node_id": "J2021",
        "hours_flooded": 4.41,
        "max_rate_cms": 0.113,
        "total_vol_10e6l": 0.597,
        "max_ponded_m": 0.0,
        "elevation_m": 34.11,
        "flood_class": "Moderate",
        "colour": "#FF8F00",
        "pct_nonconverging": null,
        "label": "J2021 | Moderate | rate=0.11cms | flooded=4.4h | vol=0.6e6L"
      }
    },
    {
      "type": "Feature",
      "geometry": {
        "type": "Point",
        "coordinates": [
          3.397035,
          6.571922
        ]
      },
      "properties": {
        "node_id": "J0006",
        "hours_flooded": 5.3,
        "max_rate_cms": 0.112,
        "total_vol_10e6l": 0.336,
        "max_ponded_m": 0.0,
        "elevation_m": 9.16,
        "flood_class": "Moderate",
        "colour": "#FF8F00",
        "pct_nonconverging": null,
        "label": "J0006 | Moderate | rate=0.11cms | flooded=5.3h | vol=0.3e6L"
      }
    },
    {
      "type": "Feature",
      "geometry": {
        "type": "Point",
        "coordinates": [
          3.402457,
          6.545946
        ]
      },
      "properties": {
        "node_id": "J0342",
        "hours_flooded": 0.01,
        "max_rate_cms": 0.111,
        "total_vol_10e6l": 0.0,
        "max_ponded_m": 0.0,
        "elevation_m": 9.89,
        "flood_class": "Moderate",
        "colour": "#FF8F00",
        "pct_nonconverging": null,
        "label": "J0342 | Moderate | rate=0.11cms | flooded=0.0h | vol=0.0e6L"
      }
    },
    {
      "type": "Feature",
      "geometry": {
        "type": "Point",
        "coordinates": [
          3.484651,
          6.626225
        ]
      },
      "properties": {
        "node_id": "J2182",
        "hours_flooded": 0.01,
        "max_rate_cms": 0.11,
        "total_vol_10e6l": 0.0,
        "max_ponded_m": 0.0,
        "elevation_m": 9.55,
        "flood_class": "Moderate",
        "colour": "#FF8F00",
        "pct_nonconverging": null,
        "label": "J2182 | Moderate | rate=0.11cms | flooded=0.0h | vol=0.0e6L"
      }
    },
    {
      "type": "Feature",
      "geometry": {
        "type": "Point",
        "coordinates": [
          3.372048,
          6.641095
        ]
      },
      "properties": {
        "node_id": "J1996",
        "hours_flooded": 3.92,
        "max_rate_cms": 0.107,
        "total_vol_10e6l": 0.158,
        "max_ponded_m": 0.0,
        "elevation_m": 37.79,
        "flood_class": "Moderate",
        "colour": "#FF8F00",
        "pct_nonconverging": null,
        "label": "J1996 | Moderate | rate=0.11cms | flooded=3.9h | vol=0.2e6L"
      }
    },
    {
      "type": "Feature",
      "geometry": {
        "type": "Point",
        "coordinates": [
          3.366906,
          6.582953
        ]
      },
      "properties": {
        "node_id": "J2084",
        "hours_flooded": 2.02,
        "max_rate_cms": 0.107,
        "total_vol_10e6l": 0.001,
        "max_ponded_m": 0.0,
        "elevation_m": 3.61,
        "flood_class": "Moderate",
        "colour": "#FF8F00",
        "pct_nonconverging": null,
        "label": "J2084 | Moderate | rate=0.11cms | flooded=2.0h | vol=0.0e6L"
      }
    },
    {
      "type": "Feature",
      "geometry": {
        "type": "Point",
        "coordinates": [
          3.398079,
          6.606906
        ]
      },
      "properties": {
        "node_id": "J1198",
        "hours_flooded": 0.54,
        "max_rate_cms": 0.106,
        "total_vol_10e6l": 0.156,
        "max_ponded_m": 0.0,
        "elevation_m": 4.65,
        "flood_class": "Moderate",
        "colour": "#FF8F00",
        "pct_nonconverging": null,
        "label": "J1198 | Moderate | rate=0.11cms | flooded=0.5h | vol=0.2e6L"
      }
    },
    {
      "type": "Feature",
      "geometry": {
        "type": "Point",
        "coordinates": [
          3.395136,
          6.587307
        ]
      },
      "properties": {
        "node_id": "J1070",
        "hours_flooded": 0.49,
        "max_rate_cms": 0.105,
        "total_vol_10e6l": 0.106,
        "max_ponded_m": 0.0,
        "elevation_m": 5.81,
        "flood_class": "Moderate",
        "colour": "#FF8F00",
        "pct_nonconverging": null,
        "label": "J1070 | Moderate | rate=0.10cms | flooded=0.5h | vol=0.1e6L"
      }
    },
    {
      "type": "Feature",
      "geometry": {
        "type": "Point",
        "coordinates": [
          3.396651,
          6.608134
        ]
      },
      "properties": {
        "node_id": "J1868",
        "hours_flooded": 4.78,
        "max_rate_cms": 0.103,
        "total_vol_10e6l": 0.545,
        "max_ponded_m": 0.0,
        "elevation_m": 11.37,
        "flood_class": "Moderate",
        "colour": "#FF8F00",
        "pct_nonconverging": null,
        "label": "J1868 | Moderate | rate=0.10cms | flooded=4.8h | vol=0.5e6L"
      }
    },
    {
      "type": "Feature",
      "geometry": {
        "type": "Point",
        "coordinates": [
          3.397279,
          6.61754
        ]
      },
      "properties": {
        "node_id": "J1400",
        "hours_flooded": 0.49,
        "max_rate_cms": 0.102,
        "total_vol_10e6l": 0.007,
        "max_ponded_m": 0.0,
        "elevation_m": 13.7,
        "flood_class": "Moderate",
        "colour": "#FF8F00",
        "pct_nonconverging": null,
        "label": "J1400 | Moderate | rate=0.10cms | flooded=0.5h | vol=0.0e6L"
      }
    },
    {
      "type": "Feature",
      "geometry": {
        "type": "Point",
        "coordinates": [
          3.400994,
          6.549791
        ]
      },
      "properties": {
        "node_id": "J0287",
        "hours_flooded": 0.48,
        "max_rate_cms": 0.1,
        "total_vol_10e6l": 0.107,
        "max_ponded_m": 0.0,
        "elevation_m": 10.65,
        "flood_class": "Moderate",
        "colour": "#FF8F00",
        "pct_nonconverging": null,
        "label": "J0287 | Moderate | rate=0.10cms | flooded=0.5h | vol=0.1e6L"
      }
    },
    {
      "type": "Feature",
      "geometry": {
        "type": "Point",
        "coordinates": [
          3.385955,
          6.599224
        ]
      },
      "properties": {
        "node_id": "J0368",
        "hours_flooded": 0.01,
        "max_rate_cms": 0.1,
        "total_vol_10e6l": 0.0,
        "max_ponded_m": 0.0,
        "elevation_m": 18.72,
        "flood_class": "Moderate",
        "colour": "#FF8F00",
        "pct_nonconverging": null,
        "label": "J0368 | Moderate | rate=0.10cms | flooded=0.0h | vol=0.0e6L"
      }
    },
    {
      "type": "Feature",
      "geometry": {
        "type": "Point",
        "coordinates": [
          3.364949,
          6.614219
        ]
      },
      "properties": {
        "node_id": "J0667",
        "hours_flooded": 4.34,
        "max_rate_cms": 0.1,
        "total_vol_10e6l": 0.059,
        "max_ponded_m": 0.0,
        "elevation_m": 32.62,
        "flood_class": "Moderate",
        "colour": "#FF8F00",
        "pct_nonconverging": null,
        "label": "J0667 | Moderate | rate=0.10cms | flooded=4.3h | vol=0.1e6L"
      }
    },
    {
      "type": "Feature",
      "geometry": {
        "type": "Point",
        "coordinates": [
          3.391871,
          6.605564
        ]
      },
      "properties": {
        "node_id": "J1887",
        "hours_flooded": 0.01,
        "max_rate_cms": 0.1,
        "total_vol_10e6l": 0.0,
        "max_ponded_m": 0.0,
        "elevation_m": 17.26,
        "flood_class": "Moderate",
        "colour": "#FF8F00",
        "pct_nonconverging": null,
        "label": "J1887 | Moderate | rate=0.10cms | flooded=0.0h | vol=0.0e6L"
      }
    },
    {
      "type": "Feature",
      "geometry": {
        "type": "Point",
        "coordinates": [
          3.510698,
          6.558727
        ]
      },
      "properties": {
        "node_id": "J0794",
        "hours_flooded": 0.18,
        "max_rate_cms": 0.099,
        "total_vol_10e6l": 0.0,
        "max_ponded_m": 0.0,
        "elevation_m": 4.36,
        "flood_class": "Nuisance",
        "colour": "#FFF176",
        "pct_nonconverging": null,
        "label": "J0794 | Nuisance | rate=0.10cms | flooded=0.2h | vol=0.0e6L"
      }
    },
    {
      "type": "Feature",
      "geometry": {
        "type": "Point",
        "coordinates": [
          3.371904,
          6.640968
        ]
      },
      "properties": {
        "node_id": "J1797",
        "hours_flooded": 3.96,
        "max_rate_cms": 0.099,
        "total_vol_10e6l": 0.224,
        "max_ponded_m": 0.0,
        "elevation_m": 37.79,
        "flood_class": "Nuisance",
        "colour": "#FFF176",
        "pct_nonconverging": null,
        "label": "J1797 | Nuisance | rate=0.10cms | flooded=4.0h | vol=0.2e6L"
      }
    },
    {
      "type": "Feature",
      "geometry": {
        "type": "Point",
        "coordinates": [
          3.39019,
          6.550225
        ]
      },
      "properties": {
        "node_id": "J1791",
        "hours_flooded": 0.41,
        "max_rate_cms": 0.098,
        "total_vol_10e6l": 0.0,
        "max_ponded_m": 0.0,
        "elevation_m": 6.74,
        "flood_class": "Nuisance",
        "colour": "#FFF176",
        "pct_nonconverging": null,
        "label": "J1791 | Nuisance | rate=0.10cms | flooded=0.4h | vol=0.0e6L"
      }
    },
    {
      "type": "Feature",
      "geometry": {
        "type": "Point",
        "coordinates": [
          3.372011,
          6.64124
        ]
      },
      "properties": {
        "node_id": "J1997",
        "hours_flooded": 4.75,
        "max_rate_cms": 0.098,
        "total_vol_10e6l": 0.328,
        "max_ponded_m": 0.0,
        "elevation_m": 37.79,
        "flood_class": "Nuisance",
        "colour": "#FFF176",
        "pct_nonconverging": null,
        "label": "J1997 | Nuisance | rate=0.10cms | flooded=4.8h | vol=0.3e6L"
      }
    },
    {
      "type": "Feature",
      "geometry": {
        "type": "Point",
        "coordinates": [
          3.504409,
          6.546427
        ]
      },
      "properties": {
        "node_id": "J0757",
        "hours_flooded": 0.01,
        "max_rate_cms": 0.097,
        "total_vol_10e6l": 0.0,
        "max_ponded_m": 0.0,
        "elevation_m": 3.13,
        "flood_class": "Nuisance",
        "colour": "#FFF176",
        "pct_nonconverging": null,
        "label": "J0757 | Nuisance | rate=0.10cms | flooded=0.0h | vol=0.0e6L"
      }
    },
    {
      "type": "Feature",
      "geometry": {
        "type": "Point",
        "coordinates": [
          3.507094,
          6.592941
        ]
      },
      "properties": {
        "node_id": "J1981",
        "hours_flooded": 2.27,
        "max_rate_cms": 0.097,
        "total_vol_10e6l": 0.002,
        "max_ponded_m": 0.0,
        "elevation_m": 7.02,
        "flood_class": "Nuisance",
        "colour": "#FFF176",
        "pct_nonconverging": null,
        "label": "J1981 | Nuisance | rate=0.10cms | flooded=2.3h | vol=0.0e6L"
      }
    },
    {
      "type": "Feature",
      "geometry": {
        "type": "Point",
        "coordinates": [
          3.402689,
          6.546809
        ]
      },
      "properties": {
        "node_id": "J0338",
        "hours_flooded": 1.49,
        "max_rate_cms": 0.096,
        "total_vol_10e6l": 0.305,
        "max_ponded_m": 0.0,
        "elevation_m": 9.89,
        "flood_class": "Nuisance",
        "colour": "#FFF176",
        "pct_nonconverging": null,
        "label": "J0338 | Nuisance | rate=0.10cms | flooded=1.5h | vol=0.3e6L"
      }
    },
    {
      "type": "Feature",
      "geometry": {
        "type": "Point",
        "coordinates": [
          3.51072,
          6.559066
        ]
      },
      "properties": {
        "node_id": "J0796",
        "hours_flooded": 0.38,
        "max_rate_cms": 0.096,
        "total_vol_10e6l": 0.0,
        "max_ponded_m": 0.0,
        "elevation_m": 4.36,
        "flood_class": "Nuisance",
        "colour": "#FFF176",
        "pct_nonconverging": null,
        "label": "J0796 | Nuisance | rate=0.10cms | flooded=0.4h | vol=0.0e6L"
      }
    },
    {
      "type": "Feature",
      "geometry": {
        "type": "Point",
        "coordinates": [
          3.371642,
          6.640992
        ]
      },
      "properties": {
        "node_id": "J1819",
        "hours_flooded": 4.39,
        "max_rate_cms": 0.096,
        "total_vol_10e6l": 0.351,
        "max_ponded_m": 0.0,
        "elevation_m": 37.79,
        "flood_class": "Nuisance",
        "colour": "#FFF176",
        "pct_nonconverging": null,
        "label": "J1819 | Nuisance | rate=0.10cms | flooded=4.4h | vol=0.4e6L"
      }
    },
    {
      "type": "Feature",
      "geometry": {
        "type": "Point",
        "coordinates": [
          3.367206,
          6.582803
        ]
      },
      "properties": {
        "node_id": "J2111",
        "hours_flooded": 2.28,
        "max_rate_cms": 0.096,
        "total_vol_10e6l": 0.356,
        "max_ponded_m": 0.0,
        "elevation_m": 3.61,
        "flood_class": "Nuisance",
        "colour": "#FFF176",
        "pct_nonconverging": null,
        "label": "J2111 | Nuisance | rate=0.10cms | flooded=2.3h | vol=0.4e6L"
      }
    },
    {
      "type": "Feature",
      "geometry": {
        "type": "Point",
        "coordinates": [
          3.387282,
          6.598347
        ]
      },
      "properties": {
        "node_id": "J0032",
        "hours_flooded": 5.2,
        "max_rate_cms": 0.094,
        "total_vol_10e6l": 0.507,
        "max_ponded_m": 0.0,
        "elevation_m": 8.69,
        "flood_class": "Nuisance",
        "colour": "#FFF176",
        "pct_nonconverging": null,
        "label": "J0032 | Nuisance | rate=0.09cms | flooded=5.2h | vol=0.5e6L"
      }
    },
    {
      "type": "Feature",
      "geometry": {
        "type": "Point",
        "coordinates": [
          3.366882,
          6.615302
        ]
      },
      "properties": {
        "node_id": "J1273",
        "hours_flooded": 0.45,
        "max_rate_cms": 0.094,
        "total_vol_10e6l": 0.094,
        "max_ponded_m": 0.0,
        "elevation_m": 40.47,
        "flood_class": "Nuisance",
        "colour": "#FFF176",
        "pct_nonconverging": null,
        "label": "J1273 | Nuisance | rate=0.09cms | flooded=0.5h | vol=0.1e6L"
      }
    },
    {
      "type": "Feature",
      "geometry": {
        "type": "Point",
        "coordinates": [
          3.4855,
          6.603992
        ]
      },
      "properties": {
        "node_id": "J0709",
        "hours_flooded": 4.25,
        "max_rate_cms": 0.093,
        "total_vol_10e6l": 0.476,
        "max_ponded_m": 0.0,
        "elevation_m": 1.71,
        "flood_class": "Nuisance",
        "colour": "#FFF176",
        "pct_nonconverging": null,
        "label": "J0709 | Nuisance | rate=0.09cms | flooded=4.2h | vol=0.5e6L"
      }
    },
    {
      "type": "Feature",
      "geometry": {
        "type": "Point",
        "coordinates": [
          3.504012,
          6.545969
        ]
      },
      "properties": {
        "node_id": "J0755",
        "hours_flooded": 0.01,
        "max_rate_cms": 0.091,
        "total_vol_10e6l": 0.0,
        "max_ponded_m": 0.0,
        "elevation_m": 3.13,
        "flood_class": "Nuisance",
        "colour": "#FFF176",
        "pct_nonconverging": null,
        "label": "J0755 | Nuisance | rate=0.09cms | flooded=0.0h | vol=0.0e6L"
      }
    },
    {
      "type": "Feature",
      "geometry": {
        "type": "Point",
        "coordinates": [
          3.386617,
          6.598015
        ]
      },
      "properties": {
        "node_id": "J1909",
        "hours_flooded": 4.11,
        "max_rate_cms": 0.091,
        "total_vol_10e6l": 0.45,
        "max_ponded_m": 0.0,
        "elevation_m": 16.7,
        "flood_class": "Nuisance",
        "colour": "#FFF176",
        "pct_nonconverging": null,
        "label": "J1909 | Nuisance | rate=0.09cms | flooded=4.1h | vol=0.5e6L"
      }
    },
    {
      "type": "Feature",
      "geometry": {
        "type": "Point",
        "coordinates": [
          3.378091,
          6.639484
        ]
      },
      "properties": {
        "node_id": "J2012",
        "hours_flooded": 0.01,
        "max_rate_cms": 0.091,
        "total_vol_10e6l": 0.0,
        "max_ponded_m": 0.0,
        "elevation_m": 38.22,
        "flood_class": "Nuisance",
        "colour": "#FFF176",
        "pct_nonconverging": null,
        "label": "J2012 | Nuisance | rate=0.09cms | flooded=0.0h | vol=0.0e6L"
      }
    },
    {
      "type": "Feature",
      "geometry": {
        "type": "Point",
        "coordinates": [
          3.396838,
          6.546958
        ]
      },
      "properties": {
        "node_id": "J0241",
        "hours_flooded": 0.3,
        "max_rate_cms": 0.089,
        "total_vol_10e6l": 0.058,
        "max_ponded_m": 0.0,
        "elevation_m": 4.1,
        "flood_class": "Nuisance",
        "colour": "#FFF176",
        "pct_nonconverging": null,
        "label": "J0241 | Nuisance | rate=0.09cms | flooded=0.3h | vol=0.1e6L"
      }
    },
    {
      "type": "Feature",
      "geometry": {
        "type": "Point",
        "coordinates": [
          3.509169,
          6.553989
        ]
      },
      "properties": {
        "node_id": "J0773",
        "hours_flooded": 0.01,
        "max_rate_cms": 0.089,
        "total_vol_10e6l": 0.0,
        "max_ponded_m": 0.0,
        "elevation_m": 4.72,
        "flood_class": "Nuisance",
        "colour": "#FFF176",
        "pct_nonconverging": null,
        "label": "J0773 | Nuisance | rate=0.09cms | flooded=0.0h | vol=0.0e6L"
      }
    },
    {
      "type": "Feature",
      "geometry": {
        "type": "Point",
        "coordinates": [
          3.370335,
          6.606495
        ]
      },
      "properties": {
        "node_id": "J0587",
        "hours_flooded": 0.16,
        "max_rate_cms": 0.088,
        "total_vol_10e6l": 0.0,
        "max_ponded_m": 0.0,
        "elevation_m": 40.84,
        "flood_class": "Nuisance",
        "colour": "#FFF176",
        "pct_nonconverging": null,
        "label": "J0587 | Nuisance | rate=0.09cms | flooded=0.2h | vol=0.0e6L"
      }
    },
    {
      "type": "Feature",
      "geometry": {
        "type": "Point",
        "coordinates": [
          3.400416,
          6.605614
        ]
      },
      "properties": {
        "node_id": "J1864",
        "hours_flooded": 0.21,
        "max_rate_cms": 0.088,
        "total_vol_10e6l": 0.037,
        "max_ponded_m": 0.0,
        "elevation_m": 5.67,
        "flood_class": "Nuisance",
        "colour": "#FFF176",
        "pct_nonconverging": null,
        "label": "J1864 | Nuisance | rate=0.09cms | flooded=0.2h | vol=0.0e6L"
      }
    },
    {
      "type": "Feature",
      "geometry": {
        "type": "Point",
        "coordinates": [
          3.504211,
          6.546188
        ]
      },
      "properties": {
        "node_id": "J0756",
        "hours_flooded": 0.01,
        "max_rate_cms": 0.087,
        "total_vol_10e6l": 0.0,
        "max_ponded_m": 0.0,
        "elevation_m": 3.13,
        "flood_class": "Nuisance",
        "colour": "#FFF176",
        "pct_nonconverging": null,
        "label": "J0756 | Nuisance | rate=0.09cms | flooded=0.0h | vol=0.0e6L"
      }
    },
    {
      "type": "Feature",
      "geometry": {
        "type": "Point",
        "coordinates": [
          3.489325,
          6.580594
        ]
      },
      "properties": {
        "node_id": "J1729",
        "hours_flooded": 0.01,
        "max_rate_cms": 0.084,
        "total_vol_10e6l": 0.0,
        "max_ponded_m": 0.0,
        "elevation_m": 6.11,
        "flood_class": "Nuisance",
        "colour": "#FFF176",
        "pct_nonconverging": null,
        "label": "J1729 | Nuisance | rate=0.08cms | flooded=0.0h | vol=0.0e6L"
      }
    },
    {
      "type": "Feature",
      "geometry": {
        "type": "Point",
        "coordinates": [
          3.383108,
          6.599991
        ]
      },
      "properties": {
        "node_id": "J0358",
        "hours_flooded": 0.01,
        "max_rate_cms": 0.083,
        "total_vol_10e6l": 0.0,
        "max_ponded_m": 0.0,
        "elevation_m": 24.4,
        "flood_class": "Nuisance",
        "colour": "#FFF176",
        "pct_nonconverging": null,
        "label": "J0358 | Nuisance | rate=0.08cms | flooded=0.0h | vol=0.0e6L"
      }
    },
    {
      "type": "Feature",
      "geometry": {
        "type": "Point",
        "coordinates": [
          3.385545,
          6.599723
        ]
      },
      "properties": {
        "node_id": "J0366",
        "hours_flooded": 0.52,
        "max_rate_cms": 0.083,
        "total_vol_10e6l": 0.107,
        "max_ponded_m": 0.0,
        "elevation_m": 18.72,
        "flood_class": "Nuisance",
        "colour": "#FFF176",
        "pct_nonconverging": null,
        "label": "J0366 | Nuisance | rate=0.08cms | flooded=0.5h | vol=0.1e6L"
      }
    },
    {
      "type": "Feature",
      "geometry": {
        "type": "Point",
        "coordinates": [
          3.389905,
          6.549959
        ]
      },
      "properties": {
        "node_id": "J1792",
        "hours_flooded": 0.01,
        "max_rate_cms": 0.083,
        "total_vol_10e6l": 0.0,
        "max_ponded_m": 0.0,
        "elevation_m": 6.74,
        "flood_class": "Nuisance",
        "colour": "#FFF176",
        "pct_nonconverging": null,
        "label": "J1792 | Nuisance | rate=0.08cms | flooded=0.0h | vol=0.0e6L"
      }
    },
    {
      "type": "Feature",
      "geometry": {
        "type": "Point",
        "coordinates": [
          3.507228,
          6.592891
        ]
      },
      "properties": {
        "node_id": "J1982",
        "hours_flooded": 4.37,
        "max_rate_cms": 0.082,
        "total_vol_10e6l": 0.002,
        "max_ponded_m": 0.0,
        "elevation_m": 7.02,
        "flood_class": "Nuisance",
        "colour": "#FFF176",
        "pct_nonconverging": null,
        "label": "J1982 | Nuisance | rate=0.08cms | flooded=4.4h | vol=0.0e6L"
      }
    },
    {
      "type": "Feature",
      "geometry": {
        "type": "Point",
        "coordinates": [
          3.395376,
          6.592011
        ]
      },
      "properties": {
        "node_id": "J1133",
        "hours_flooded": 4.78,
        "max_rate_cms": 0.08,
        "total_vol_10e6l": 0.425,
        "max_ponded_m": 0.0,
        "elevation_m": 4.95,
        "flood_class": "Nuisance",
        "colour": "#FFF176",
        "pct_nonconverging": null,
        "label": "J1133 | Nuisance | rate=0.08cms | flooded=4.8h | vol=0.4e6L"
      }
    },
    {
      "type": "Feature",
      "geometry": {
        "type": "Point",
        "coordinates": [
          3.374796,
          6.600374
        ]
      },
      "properties": {
        "node_id": "J0575",
        "hours_flooded": 0.08,
        "max_rate_cms": 0.077,
        "total_vol_10e6l": 0.0,
        "max_ponded_m": 0.0,
        "elevation_m": 35.87,
        "flood_class": "Nuisance",
        "colour": "#FFF176",
        "pct_nonconverging": null,
        "label": "J0575 | Nuisance | rate=0.08cms | flooded=0.1h | vol=0.0e6L"
      }
    },
    {
      "type": "Feature",
      "geometry": {
        "type": "Point",
        "coordinates": [
          3.492812,
          6.592616
        ]
      },
      "properties": {
        "node_id": "J1568",
        "hours_flooded": 0.15,
        "max_rate_cms": 0.076,
        "total_vol_10e6l": 0.011,
        "max_ponded_m": 0.0,
        "elevation_m": 8.94,
        "flood_class": "Nuisance",
        "colour": "#FFF176",
        "pct_nonconverging": null,
        "label": "J1568 | Nuisance | rate=0.08cms | flooded=0.1h | vol=0.0e6L"
      }
    },
    {
      "type": "Feature",
      "geometry": {
        "type": "Point",
        "coordinates": [
          3.485213,
          6.573123
        ]
      },
      "properties": {
        "node_id": "J1620",
        "hours_flooded": 0.01,
        "max_rate_cms": 0.076,
        "total_vol_10e6l": 0.0,
        "max_ponded_m": 0.0,
        "elevation_m": 6.25,
        "flood_class": "Nuisance",
        "colour": "#FFF176",
        "pct_nonconverging": null,
        "label": "J1620 | Nuisance | rate=0.08cms | flooded=0.0h | vol=0.0e6L"
      }
    },
    {
      "type": "Feature",
      "geometry": {
        "type": "Point",
        "coordinates": [
          3.371086,
          6.576538
        ]
      },
      "properties": {
        "node_id": "J2130",
        "hours_flooded": 0.01,
        "max_rate_cms": 0.075,
        "total_vol_10e6l": 0.0,
        "max_ponded_m": 0.0,
        "elevation_m": 17.22,
        "flood_class": "Nuisance",
        "colour": "#FFF176",
        "pct_nonconverging": null,
        "label": "J2130 | Nuisance | rate=0.07cms | flooded=0.0h | vol=0.0e6L"
      }
    },
    {
      "type": "Feature",
      "geometry": {
        "type": "Point",
        "coordinates": [
          3.370605,
          6.594565
        ]
      },
      "properties": {
        "node_id": "J0543",
        "hours_flooded": 0.08,
        "max_rate_cms": 0.074,
        "total_vol_10e6l": 0.0,
        "max_ponded_m": 0.0,
        "elevation_m": 23.77,
        "flood_class": "Nuisance",
        "colour": "#FFF176",
        "pct_nonconverging": null,
        "label": "J0543 | Nuisance | rate=0.07cms | flooded=0.1h | vol=0.0e6L"
      }
    },
    {
      "type": "Feature",
      "geometry": {
        "type": "Point",
        "coordinates": [
          3.367412,
          6.597741
        ]
      },
      "properties": {
        "node_id": "J0647",
        "hours_flooded": 4.67,
        "max_rate_cms": 0.074,
        "total_vol_10e6l": 0.009,
        "max_ponded_m": 0.0,
        "elevation_m": 22.76,
        "flood_class": "Nuisance",
        "colour": "#FFF176",
        "pct_nonconverging": null,
        "label": "J0647 | Nuisance | rate=0.07cms | flooded=4.7h | vol=0.0e6L"
      }
    },
    {
      "type": "Feature",
      "geometry": {
        "type": "Point",
        "coordinates": [
          3.39687,
          6.572133
        ]
      },
      "properties": {
        "node_id": "J0005",
        "hours_flooded": 4.82,
        "max_rate_cms": 0.073,
        "total_vol_10e6l": 0.395,
        "max_ponded_m": 0.0,
        "elevation_m": 9.16,
        "flood_class": "Nuisance",
        "colour": "#FFF176",
        "pct_nonconverging": null,
        "label": "J0005 | Nuisance | rate=0.07cms | flooded=4.8h | vol=0.4e6L"
      }
    },
    {
      "type": "Feature",
      "geometry": {
        "type": "Point",
        "coordinates": [
          3.391934,
          6.605251
        ]
      },
      "properties": {
        "node_id": "J1924",
        "hours_flooded": 0.01,
        "max_rate_cms": 0.072,
        "total_vol_10e6l": 0.0,
        "max_ponded_m": 0.0,
        "elevation_m": 17.26,
        "flood_class": "Nuisance",
        "colour": "#FFF176",
        "pct_nonconverging": null,
        "label": "J1924 | Nuisance | rate=0.07cms | flooded=0.0h | vol=0.0e6L"
      }
    },
    {
      "type": "Feature",
      "geometry": {
        "type": "Point",
        "coordinates": [
          3.391764,
          6.551267
        ]
      },
      "properties": {
        "node_id": "J0258",
        "hours_flooded": 0.01,
        "max_rate_cms": 0.07,
        "total_vol_10e6l": 0.0,
        "max_ponded_m": 0.0,
        "elevation_m": 7.61,
        "flood_class": "Nuisance",
        "colour": "#FFF176",
        "pct_nonconverging": null,
        "label": "J0258 | Nuisance | rate=0.07cms | flooded=0.0h | vol=0.0e6L"
      }
    },
    {
      "type": "Feature",
      "geometry": {
        "type": "Point",
        "coordinates": [
          3.371722,
          6.641124
        ]
      },
      "properties": {
        "node_id": "J1998",
        "hours_flooded": 5.23,
        "max_rate_cms": 0.07,
        "total_vol_10e6l": 0.28,
        "max_ponded_m": 0.0,
        "elevation_m": 37.79,
        "flood_class": "Nuisance",
        "colour": "#FFF176",
        "pct_nonconverging": null,
        "label": "J1998 | Nuisance | rate=0.07cms | flooded=5.2h | vol=0.3e6L"
      }
    },
    {
      "type": "Feature",
      "geometry": {
        "type": "Point",
        "coordinates": [
          3.366811,
          6.583053
        ]
      },
      "properties": {
        "node_id": "J2083",
        "hours_flooded": 2.23,
        "max_rate_cms": 0.07,
        "total_vol_10e6l": 0.001,
        "max_ponded_m": 0.0,
        "elevation_m": 3.61,
        "flood_class": "Nuisance",
        "colour": "#FFF176",
        "pct_nonconverging": null,
        "label": "J2083 | Nuisance | rate=0.07cms | flooded=2.2h | vol=0.0e6L"
      }
    },
    {
      "type": "Feature",
      "geometry": {
        "type": "Point",
        "coordinates": [
          3.40253,
          6.546274
        ]
      },
      "properties": {
        "node_id": "J0341",
        "hours_flooded": 0.18,
        "max_rate_cms": 0.068,
        "total_vol_10e6l": 0.0,
        "max_ponded_m": 0.0,
        "elevation_m": 9.89,
        "flood_class": "Nuisance",
        "colour": "#FFF176",
        "pct_nonconverging": null,
        "label": "J0341 | Nuisance | rate=0.07cms | flooded=0.2h | vol=0.0e6L"
      }
    },
    {
      "type": "Feature",
      "geometry": {
        "type": "Point",
        "coordinates": [
          3.507755,
          6.55178
        ]
      },
      "properties": {
        "node_id": "J0768",
        "hours_flooded": 3.39,
        "max_rate_cms": 0.068,
        "total_vol_10e6l": 0.205,
        "max_ponded_m": 0.0,
        "elevation_m": 3.92,
        "flood_class": "Nuisance",
        "colour": "#FFF176",
        "pct_nonconverging": null,
        "label": "J0768 | Nuisance | rate=0.07cms | flooded=3.4h | vol=0.2e6L"
      }
    },
    {
      "type": "Feature",
      "geometry": {
        "type": "Point",
        "coordinates": [
          3.50686,
          6.593096
        ]
      },
      "properties": {
        "node_id": "J1980",
        "hours_flooded": 4.66,
        "max_rate_cms": 0.068,
        "total_vol_10e6l": 0.002,
        "max_ponded_m": 0.0,
        "elevation_m": 7.02,
        "flood_class": "Nuisance",
        "colour": "#FFF176",
        "pct_nonconverging": null,
        "label": "J1980 | Nuisance | rate=0.07cms | flooded=4.7h | vol=0.0e6L"
      }
    },
    {
      "type": "Feature",
      "geometry": {
        "type": "Point",
        "coordinates": [
          3.366817,
          6.598243
        ]
      },
      "properties": {
        "node_id": "J0529",
        "hours_flooded": 4.71,
        "max_rate_cms": 0.066,
        "total_vol_10e6l": 0.068,
        "max_ponded_m": 0.0,
        "elevation_m": 22.76,
        "flood_class": "Nuisance",
        "colour": "#FFF176",
        "pct_nonconverging": null,
        "label": "J0529 | Nuisance | rate=0.07cms | flooded=4.7h | vol=0.1e6L"
      }
    },
    {
      "type": "Feature",
      "geometry": {
        "type": "Point",
        "coordinates": [
          3.365185,
          6.613992
        ]
      },
      "properties": {
        "node_id": "J0599",
        "hours_flooded": 3.26,
        "max_rate_cms": 0.063,
        "total_vol_10e6l": 0.017,
        "max_ponded_m": 0.0,
        "elevation_m": 32.62,
        "flood_class": "Nuisance",
        "colour": "#FFF176",
        "pct_nonconverging": null,
        "label": "J0599 | Nuisance | rate=0.06cms | flooded=3.3h | vol=0.0e6L"
      }
    },
    {
      "type": "Feature",
      "geometry": {
        "type": "Point",
        "coordinates": [
          3.485374,
          6.573286
        ]
      },
      "properties": {
        "node_id": "J1619",
        "hours_flooded": 0.01,
        "max_rate_cms": 0.062,
        "total_vol_10e6l": 0.0,
        "max_ponded_m": 0.0,
        "elevation_m": 6.25,
        "flood_class": "Nuisance",
        "colour": "#FFF176",
        "pct_nonconverging": null,
        "label": "J1619 | Nuisance | rate=0.06cms | flooded=0.0h | vol=0.0e6L"
      }
    },
    {
      "type": "Feature",
      "geometry": {
        "type": "Point",
        "coordinates": [
          3.393576,
          6.607505
        ]
      },
      "properties": {
        "node_id": "J1929",
        "hours_flooded": 0.01,
        "max_rate_cms": 0.061,
        "total_vol_10e6l": 0.0,
        "max_ponded_m": 0.0,
        "elevation_m": 15.21,
        "flood_class": "Nuisance",
        "colour": "#FFF176",
        "pct_nonconverging": null,
        "label": "J1929 | Nuisance | rate=0.06cms | flooded=0.0h | vol=0.0e6L"
      }
    },
    {
      "type": "Feature",
      "geometry": {
        "type": "Point",
        "coordinates": [
          3.376466,
          6.639952
        ]
      },
      "properties": {
        "node_id": "J2016",
        "hours_flooded": 0.01,
        "max_rate_cms": 0.061,
        "total_vol_10e6l": 0.0,
        "max_ponded_m": 0.0,
        "elevation_m": 38.22,
        "flood_class": "Nuisance",
        "colour": "#FFF176",
        "pct_nonconverging": null,
        "label": "J2016 | Nuisance | rate=0.06cms | flooded=0.0h | vol=0.0e6L"
      }
    },
    {
      "type": "Feature",
      "geometry": {
        "type": "Point",
        "coordinates": [
          3.490136,
          6.603027
        ]
      },
      "properties": {
        "node_id": "J1546",
        "hours_flooded": 1.07,
        "max_rate_cms": 0.058,
        "total_vol_10e6l": 0.131,
        "max_ponded_m": 0.0,
        "elevation_m": 7.44,
        "flood_class": "Nuisance",
        "colour": "#FFF176",
        "pct_nonconverging": null,
        "label": "J1546 | Nuisance | rate=0.06cms | flooded=1.1h | vol=0.1e6L"
      }
    },
    {
      "type": "Feature",
      "geometry": {
        "type": "Point",
        "coordinates": [
          3.38575,
          6.599436
        ]
      },
      "properties": {
        "node_id": "J0367",
        "hours_flooded": 0.01,
        "max_rate_cms": 0.057,
        "total_vol_10e6l": 0.0,
        "max_ponded_m": 0.0,
        "elevation_m": 18.72,
        "flood_class": "Nuisance",
        "colour": "#FFF176",
        "pct_nonconverging": null,
        "label": "J0367 | Nuisance | rate=0.06cms | flooded=0.0h | vol=0.0e6L"
      }
    },
    {
      "type": "Feature",
      "geometry": {
        "type": "Point",
        "coordinates": [
          3.36975,
          6.607299
        ]
      },
      "properties": {
        "node_id": "J0588",
        "hours_flooded": 0.01,
        "max_rate_cms": 0.057,
        "total_vol_10e6l": 0.0,
        "max_ponded_m": 0.0,
        "elevation_m": 40.84,
        "flood_class": "Nuisance",
        "colour": "#FFF176",
        "pct_nonconverging": null,
        "label": "J0588 | Nuisance | rate=0.06cms | flooded=0.0h | vol=0.0e6L"
      }
    },
    {
      "type": "Feature",
      "geometry": {
        "type": "Point",
        "coordinates": [
          3.399007,
          6.547812
        ]
      },
      "properties": {
        "node_id": "J0252",
        "hours_flooded": 0.01,
        "max_rate_cms": 0.056,
        "total_vol_10e6l": 0.0,
        "max_ponded_m": 0.0,
        "elevation_m": 3.28,
        "flood_class": "Nuisance",
        "colour": "#FFF176",
        "pct_nonconverging": null,
        "label": "J0252 | Nuisance | rate=0.06cms | flooded=0.0h | vol=0.0e6L"
      }
    },
    {
      "type": "Feature",
      "geometry": {
        "type": "Point",
        "coordinates": [
          3.397123,
          6.57171
        ]
      },
      "properties": {
        "node_id": "J0303",
        "hours_flooded": 5.3,
        "max_rate_cms": 0.054,
        "total_vol_10e6l": 0.275,
        "max_ponded_m": 0.0,
        "elevation_m": 9.16,
        "flood_class": "Nuisance",
        "colour": "#FFF176",
        "pct_nonconverging": null,
        "label": "J0303 | Nuisance | rate=0.05cms | flooded=5.3h | vol=0.3e6L"
      }
    },
    {
      "type": "Feature",
      "geometry": {
        "type": "Point",
        "coordinates": [
          3.388845,
          6.601012
        ]
      },
      "properties": {
        "node_id": "J1916",
        "hours_flooded": 0.01,
        "max_rate_cms": 0.054,
        "total_vol_10e6l": 0.0,
        "max_ponded_m": 0.0,
        "elevation_m": 17.66,
        "flood_class": "Nuisance",
        "colour": "#FFF176",
        "pct_nonconverging": null,
        "label": "J1916 | Nuisance | rate=0.05cms | flooded=0.0h | vol=0.0e6L"
      }
    },
    {
      "type": "Feature",
      "geometry": {
        "type": "Point",
        "coordinates": [
          3.40139,
          6.5781
        ]
      },
      "properties": {
        "node_id": "J0982",
        "hours_flooded": 0.01,
        "max_rate_cms": 0.053,
        "total_vol_10e6l": 0.0,
        "max_ponded_m": 0.0,
        "elevation_m": 3.47,
        "flood_class": "Nuisance",
        "colour": "#FFF176",
        "pct_nonconverging": null,
        "label": "J0982 | Nuisance | rate=0.05cms | flooded=0.0h | vol=0.0e6L"
      }
    },
    {
      "type": "Feature",
      "geometry": {
        "type": "Point",
        "coordinates": [
          3.403908,
          6.603669
        ]
      },
      "properties": {
        "node_id": "J1846",
        "hours_flooded": 4.55,
        "max_rate_cms": 0.053,
        "total_vol_10e6l": 0.28,
        "max_ponded_m": 0.0,
        "elevation_m": 2.72,
        "flood_class": "Nuisance",
        "colour": "#FFF176",
        "pct_nonconverging": null,
        "label": "J1846 | Nuisance | rate=0.05cms | flooded=4.5h | vol=0.3e6L"
      }
    },
    {
      "type": "Feature",
      "geometry": {
        "type": "Point",
        "coordinates": [
          3.367024,
          6.582845
        ]
      },
      "properties": {
        "node_id": "J2085",
        "hours_flooded": 1.02,
        "max_rate_cms": 0.053,
        "total_vol_10e6l": 0.0,
        "max_ponded_m": 0.0,
        "elevation_m": 3.61,
        "flood_class": "Nuisance",
        "colour": "#FFF176",
        "pct_nonconverging": null,
        "label": "J2085 | Nuisance | rate=0.05cms | flooded=1.0h | vol=0.0e6L"
      }
    },
    {
      "type": "Feature",
      "geometry": {
        "type": "Point",
        "coordinates": [
          3.364811,
          6.626475
        ]
      },
      "properties": {
        "node_id": "J1242",
        "hours_flooded": 0.95,
        "max_rate_cms": 0.052,
        "total_vol_10e6l": 0.0,
        "max_ponded_m": 0.0,
        "elevation_m": 4.56,
        "flood_class": "Nuisance",
        "colour": "#FFF176",
        "pct_nonconverging": null,
        "label": "J1242 | Nuisance | rate=0.05cms | flooded=0.9h | vol=0.0e6L"
      }
    },
    {
      "type": "Feature",
      "geometry": {
        "type": "Point",
        "coordinates": [
          3.39211,
          6.548847
        ]
      },
      "properties": {
        "node_id": "J1786",
        "hours_flooded": 0.5,
        "max_rate_cms": 0.052,
        "total_vol_10e6l": 0.03,
        "max_ponded_m": 0.0,
        "elevation_m": 7.61,
        "flood_class": "Nuisance",
        "colour": "#FFF176",
        "pct_nonconverging": null,
        "label": "J1786 | Nuisance | rate=0.05cms | flooded=0.5h | vol=0.0e6L"
      }
    },
    {
      "type": "Feature",
      "geometry": {
        "type": "Point",
        "coordinates": [
          3.386816,
          6.598251
        ]
      },
      "properties": {
        "node_id": "J1910",
        "hours_flooded": 4.49,
        "max_rate_cms": 0.051,
        "total_vol_10e6l": 0.181,
        "max_ponded_m": 0.0,
        "elevation_m": 16.7,
        "flood_class": "Nuisance",
        "colour": "#FFF176",
        "pct_nonconverging": null,
        "label": "J1910 | Nuisance | rate=0.05cms | flooded=4.5h | vol=0.2e6L"
      }
    },
    {
      "type": "Feature",
      "geometry": {
        "type": "Point",
        "coordinates": [
          3.373787,
          6.601564
        ]
      },
      "properties": {
        "node_id": "J0580",
        "hours_flooded": 0.3,
        "max_rate_cms": 0.05,
        "total_vol_10e6l": 0.033,
        "max_ponded_m": 0.0,
        "elevation_m": 37.77,
        "flood_class": "Nuisance",
        "colour": "#FFF176",
        "pct_nonconverging": null,
        "label": "J0580 | Nuisance | rate=0.05cms | flooded=0.3h | vol=0.0e6L"
      }
    },
    {
      "type": "Feature",
      "geometry": {
        "type": "Point",
        "coordinates": [
          3.400404,
          6.592434
        ]
      },
      "properties": {
        "node_id": "J1016",
        "hours_flooded": 0.01,
        "max_rate_cms": 0.05,
        "total_vol_10e6l": 0.0,
        "max_ponded_m": 0.0,
        "elevation_m": 9.24,
        "flood_class": "Nuisance",
        "colour": "#FFF176",
        "pct_nonconverging": null,
        "label": "J1016 | Nuisance | rate=0.05cms | flooded=0.0h | vol=0.0e6L"
      }
    },
    {
      "type": "Feature",
      "geometry": {
        "type": "Point",
        "coordinates": [
          3.388078,
          6.600332
        ]
      },
      "properties": {
        "node_id": "J1900",
        "hours_flooded": 0.01,
        "max_rate_cms": 0.05,
        "total_vol_10e6l": 0.0,
        "max_ponded_m": 0.0,
        "elevation_m": 17.66,
        "flood_class": "Nuisance",
        "colour": "#FFF176",
        "pct_nonconverging": null,
        "label": "J1900 | Nuisance | rate=0.05cms | flooded=0.0h | vol=0.0e6L"
      }
    },
    {
      "type": "Feature",
      "geometry": {
        "type": "Point",
        "coordinates": [
          3.396662,
          6.591432
        ]
      },
      "properties": {
        "node_id": "J1141",
        "hours_flooded": 0.01,
        "max_rate_cms": 0.049,
        "total_vol_10e6l": 0.0,
        "max_ponded_m": 0.0,
        "elevation_m": 5.72,
        "flood_class": "Nuisance",
        "colour": "#FFF176",
        "pct_nonconverging": null,
        "label": "J1141 | Nuisance | rate=0.05cms | flooded=0.0h | vol=0.0e6L"
      }
    },
    {
      "type": "Feature",
      "geometry": {
        "type": "Point",
        "coordinates": [
          3.374646,
          6.600563
        ]
      },
      "properties": {
        "node_id": "J0576",
        "hours_flooded": 0.47,
        "max_rate_cms": 0.048,
        "total_vol_10e6l": 0.044,
        "max_ponded_m": 0.0,
        "elevation_m": 35.87,
        "flood_class": "Nuisance",
        "colour": "#FFF176",
        "pct_nonconverging": null,
        "label": "J0576 | Nuisance | rate=0.05cms | flooded=0.5h | vol=0.0e6L"
      }
    },
    {
      "type": "Feature",
      "geometry": {
        "type": "Point",
        "coordinates": [
          3.372056,
          6.59967
        ]
      },
      "properties": {
        "node_id": "J0623",
        "hours_flooded": 0.39,
        "max_rate_cms": 0.048,
        "total_vol_10e6l": 0.037,
        "max_ponded_m": 0.0,
        "elevation_m": 30.31,
        "flood_class": "Nuisance",
        "colour": "#FFF176",
        "pct_nonconverging": null,
        "label": "J0623 | Nuisance | rate=0.05cms | flooded=0.4h | vol=0.0e6L"
      }
    },
    {
      "type": "Feature",
      "geometry": {
        "type": "Point",
        "coordinates": [
          3.504571,
          6.546646
        ]
      },
      "properties": {
        "node_id": "J0758",
        "hours_flooded": 0.01,
        "max_rate_cms": 0.048,
        "total_vol_10e6l": 0.0,
        "max_ponded_m": 0.0,
        "elevation_m": 3.13,
        "flood_class": "Nuisance",
        "colour": "#FFF176",
        "pct_nonconverging": null,
        "label": "J0758 | Nuisance | rate=0.05cms | flooded=0.0h | vol=0.0e6L"
      }
    },
    {
      "type": "Feature",
      "geometry": {
        "type": "Point",
        "coordinates": [
          3.392921,
          6.624071
        ]
      },
      "properties": {
        "node_id": "J1384",
        "hours_flooded": 0.01,
        "max_rate_cms": 0.046,
        "total_vol_10e6l": 0.0,
        "max_ponded_m": 0.0,
        "elevation_m": 10.65,
        "flood_class": "Nuisance",
        "colour": "#FFF176",
        "pct_nonconverging": null,
        "label": "J1384 | Nuisance | rate=0.05cms | flooded=0.0h | vol=0.0e6L"
      }
    },
    {
      "type": "Feature",
      "geometry": {
        "type": "Point",
        "coordinates": [
          3.384817,
          6.600112
        ]
      },
      "properties": {
        "node_id": "J0363",
        "hours_flooded": 0.01,
        "max_rate_cms": 0.044,
        "total_vol_10e6l": 0.0,
        "max_ponded_m": 0.0,
        "elevation_m": 21.43,
        "flood_class": "Nuisance",
        "colour": "#FFF176",
        "pct_nonconverging": null,
        "label": "J0363 | Nuisance | rate=0.04cms | flooded=0.0h | vol=0.0e6L"
      }
    },
    {
      "type": "Feature",
      "geometry": {
        "type": "Point",
        "coordinates": [
          3.3752,
          6.599824
        ]
      },
      "properties": {
        "node_id": "J0574",
        "hours_flooded": 0.01,
        "max_rate_cms": 0.044,
        "total_vol_10e6l": 0.0,
        "max_ponded_m": 0.0,
        "elevation_m": 35.95,
        "flood_class": "Nuisance",
        "colour": "#FFF176",
        "pct_nonconverging": null,
        "label": "J0574 | Nuisance | rate=0.04cms | flooded=0.0h | vol=0.0e6L"
      }
    },
    {
      "type": "Feature",
      "geometry": {
        "type": "Point",
        "coordinates": [
          3.403722,
          6.603719
        ]
      },
      "properties": {
        "node_id": "J1847",
        "hours_flooded": 4.46,
        "max_rate_cms": 0.044,
        "total_vol_10e6l": 0.231,
        "max_ponded_m": 0.0,
        "elevation_m": 2.72,
        "flood_class": "Nuisance",
        "colour": "#FFF176",
        "pct_nonconverging": null,
        "label": "J1847 | Nuisance | rate=0.04cms | flooded=4.5h | vol=0.2e6L"
      }
    },
    {
      "type": "Feature",
      "geometry": {
        "type": "Point",
        "coordinates": [
          3.401398,
          6.577891
        ]
      },
      "properties": {
        "node_id": "J0981",
        "hours_flooded": 0.39,
        "max_rate_cms": 0.043,
        "total_vol_10e6l": 0.027,
        "max_ponded_m": 0.0,
        "elevation_m": 3.47,
        "flood_class": "Nuisance",
        "colour": "#FFF176",
        "pct_nonconverging": null,
        "label": "J0981 | Nuisance | rate=0.04cms | flooded=0.4h | vol=0.0e6L"
      }
    },
    {
      "type": "Feature",
      "geometry": {
        "type": "Point",
        "coordinates": [
          3.476205,
          6.650895
        ]
      },
      "properties": {
        "node_id": "J2237",
        "hours_flooded": 1.65,
        "max_rate_cms": 0.042,
        "total_vol_10e6l": 0.001,
        "max_ponded_m": 0.0,
        "elevation_m": 10.34,
        "flood_class": "Nuisance",
        "colour": "#FFF176",
        "pct_nonconverging": null,
        "label": "J2237 | Nuisance | rate=0.04cms | flooded=1.6h | vol=0.0e6L"
      }
    },
    {
      "type": "Feature",
      "geometry": {
        "type": "Point",
        "coordinates": [
          3.405044,
          6.542515
        ]
      },
      "properties": {
        "node_id": "J1832",
        "hours_flooded": 0.01,
        "max_rate_cms": 0.04,
        "total_vol_10e6l": 0.0,
        "max_ponded_m": 0.0,
        "elevation_m": 6.6,
        "flood_class": "Nuisance",
        "colour": "#FFF176",
        "pct_nonconverging": null,
        "label": "J1832 | Nuisance | rate=0.04cms | flooded=0.0h | vol=0.0e6L"
      }
    },
    {
      "type": "Feature",
      "geometry": {
        "type": "Point",
        "coordinates": [
          3.393716,
          6.607643
        ]
      },
      "properties": {
        "node_id": "J1930",
        "hours_flooded": 0.01,
        "max_rate_cms": 0.04,
        "total_vol_10e6l": 0.0,
        "max_ponded_m": 0.0,
        "elevation_m": 15.21,
        "flood_class": "Nuisance",
        "colour": "#FFF176",
        "pct_nonconverging": null,
        "label": "J1930 | Nuisance | rate=0.04cms | flooded=0.0h | vol=0.0e6L"
      }
    },
    {
      "type": "Feature",
      "geometry": {
        "type": "Point",
        "coordinates": [
          3.376248,
          6.630132
        ]
      },
      "properties": {
        "node_id": "J0417",
        "hours_flooded": 0.01,
        "max_rate_cms": 0.038,
        "total_vol_10e6l": 0.0,
        "max_ponded_m": 0.0,
        "elevation_m": 35.53,
        "flood_class": "Nuisance",
        "colour": "#FFF176",
        "pct_nonconverging": null,
        "label": "J0417 | Nuisance | rate=0.04cms | flooded=0.0h | vol=0.0e6L"
      }
    },
    {
      "type": "Feature",
      "geometry": {
        "type": "Point",
        "coordinates": [
          3.370482,
          6.594703
        ]
      },
      "properties": {
        "node_id": "J0542",
        "hours_flooded": 0.01,
        "max_rate_cms": 0.038,
        "total_vol_10e6l": 0.0,
        "max_ponded_m": 0.0,
        "elevation_m": 23.77,
        "flood_class": "Nuisance",
        "colour": "#FFF176",
        "pct_nonconverging": null,
        "label": "J0542 | Nuisance | rate=0.04cms | flooded=0.0h | vol=0.0e6L"
      }
    },
    {
      "type": "Feature",
      "geometry": {
        "type": "Point",
        "coordinates": [
          3.404903,
          6.542599
        ]
      },
      "properties": {
        "node_id": "J1831",
        "hours_flooded": 0.01,
        "max_rate_cms": 0.036,
        "total_vol_10e6l": 0.0,
        "max_ponded_m": 0.0,
        "elevation_m": 6.6,
        "flood_class": "Nuisance",
        "colour": "#FFF176",
        "pct_nonconverging": null,
        "label": "J1831 | Nuisance | rate=0.04cms | flooded=0.0h | vol=0.0e6L"
      }
    },
    {
      "type": "Feature",
      "geometry": {
        "type": "Point",
        "coordinates": [
          3.396506,
          6.608204
        ]
      },
      "properties": {
        "node_id": "J1869",
        "hours_flooded": 4.3,
        "max_rate_cms": 0.035,
        "total_vol_10e6l": 0.182,
        "max_ponded_m": 0.0,
        "elevation_m": 11.37,
        "flood_class": "Nuisance",
        "colour": "#FFF176",
        "pct_nonconverging": null,
        "label": "J1869 | Nuisance | rate=0.04cms | flooded=4.3h | vol=0.2e6L"
      }
    },
    {
      "type": "Feature",
      "geometry": {
        "type": "Point",
        "coordinates": [
          3.484693,
          6.625924
        ]
      },
      "properties": {
        "node_id": "J2177",
        "hours_flooded": 0.01,
        "max_rate_cms": 0.034,
        "total_vol_10e6l": 0.0,
        "max_ponded_m": 0.0,
        "elevation_m": 9.55,
        "flood_class": "Nuisance",
        "colour": "#FFF176",
        "pct_nonconverging": null,
        "label": "J2177 | Nuisance | rate=0.03cms | flooded=0.0h | vol=0.0e6L"
      }
    },
    {
      "type": "Feature",
      "geometry": {
        "type": "Point",
        "coordinates": [
          3.485625,
          6.60383
        ]
      },
      "properties": {
        "node_id": "J0708",
        "hours_flooded": 3.45,
        "max_rate_cms": 0.033,
        "total_vol_10e6l": 0.107,
        "max_ponded_m": 0.0,
        "elevation_m": 1.71,
        "flood_class": "Nuisance",
        "colour": "#FFF176",
        "pct_nonconverging": null,
        "label": "J0708 | Nuisance | rate=0.03cms | flooded=3.5h | vol=0.1e6L"
      }
    },
    {
      "type": "Feature",
      "geometry": {
        "type": "Point",
        "coordinates": [
          3.371751,
          6.579358
        ]
      },
      "properties": {
        "node_id": "J2260",
        "hours_flooded": 1.7,
        "max_rate_cms": 0.033,
        "total_vol_10e6l": 0.093,
        "max_ponded_m": 0.0,
        "elevation_m": 3.71,
        "flood_class": "Nuisance",
        "colour": "#FFF176",
        "pct_nonconverging": null,
        "label": "J2260 | Nuisance | rate=0.03cms | flooded=1.7h | vol=0.1e6L"
      }
    },
    {
      "type": "Feature",
      "geometry": {
        "type": "Point",
        "coordinates": [
          3.386909,
          6.598363
        ]
      },
      "properties": {
        "node_id": "J1911",
        "hours_flooded": 5.15,
        "max_rate_cms": 0.032,
        "total_vol_10e6l": 0.185,
        "max_ponded_m": 0.0,
        "elevation_m": 16.7,
        "flood_class": "Nuisance",
        "colour": "#FFF176",
        "pct_nonconverging": null,
        "label": "J1911 | Nuisance | rate=0.03cms | flooded=5.2h | vol=0.2e6L"
      }
    },
    {
      "type": "Feature",
      "geometry": {
        "type": "Point",
        "coordinates": [
          3.378618,
          6.637361
        ]
      },
      "properties": {
        "node_id": "J0461",
        "hours_flooded": 0.01,
        "max_rate_cms": 0.031,
        "total_vol_10e6l": 0.0,
        "max_ponded_m": 0.0,
        "elevation_m": 31.34,
        "flood_class": "Nuisance",
        "colour": "#FFF176",
        "pct_nonconverging": null,
        "label": "J0461 | Nuisance | rate=0.03cms | flooded=0.0h | vol=0.0e6L"
      }
    },
    {
      "type": "Feature",
      "geometry": {
        "type": "Point",
        "coordinates": [
          3.36477,
          6.626885
        ]
      },
      "properties": {
        "node_id": "J1241",
        "hours_flooded": 1.33,
        "max_rate_cms": 0.029,
        "total_vol_10e6l": 0.0,
        "max_ponded_m": 0.0,
        "elevation_m": 4.56,
        "flood_class": "Nuisance",
        "colour": "#FFF176",
        "pct_nonconverging": null,
        "label": "J1241 | Nuisance | rate=0.03cms | flooded=1.3h | vol=0.0e6L"
      }
    },
    {
      "type": "Feature",
      "geometry": {
        "type": "Point",
        "coordinates": [
          3.401337,
          6.57835
        ]
      },
      "properties": {
        "node_id": "J0983",
        "hours_flooded": 0.01,
        "max_rate_cms": 0.027,
        "total_vol_10e6l": 0.0,
        "max_ponded_m": 0.0,
        "elevation_m": 3.47,
        "flood_class": "Nuisance",
        "colour": "#FFF176",
        "pct_nonconverging": null,
        "label": "J0983 | Nuisance | rate=0.03cms | flooded=0.0h | vol=0.0e6L"
      }
    },
    {
      "type": "Feature",
      "geometry": {
        "type": "Point",
        "coordinates": [
          3.364832,
          6.626267
        ]
      },
      "properties": {
        "node_id": "J1243",
        "hours_flooded": 1.2,
        "max_rate_cms": 0.027,
        "total_vol_10e6l": 0.0,
        "max_ponded_m": 0.0,
        "elevation_m": 4.56,
        "flood_class": "Nuisance",
        "colour": "#FFF176",
        "pct_nonconverging": null,
        "label": "J1243 | Nuisance | rate=0.03cms | flooded=1.2h | vol=0.0e6L"
      }
    },
    {
      "type": "Feature",
      "geometry": {
        "type": "Point",
        "coordinates": [
          3.390828,
          6.603741
        ]
      },
      "properties": {
        "node_id": "J1919",
        "hours_flooded": 0.01,
        "max_rate_cms": 0.027,
        "total_vol_10e6l": 0.0,
        "max_ponded_m": 0.0,
        "elevation_m": 18.46,
        "flood_class": "Nuisance",
        "colour": "#FFF176",
        "pct_nonconverging": null,
        "label": "J1919 | Nuisance | rate=0.03cms | flooded=0.0h | vol=0.0e6L"
      }
    },
    {
      "type": "Feature",
      "geometry": {
        "type": "Point",
        "coordinates": [
          3.393555,
          6.586245
        ]
      },
      "properties": {
        "node_id": "J1079",
        "hours_flooded": 0.06,
        "max_rate_cms": 0.026,
        "total_vol_10e6l": 0.0,
        "max_ponded_m": 0.0,
        "elevation_m": 5.33,
        "flood_class": "Nuisance",
        "colour": "#FFF176",
        "pct_nonconverging": null,
        "label": "J1079 | Nuisance | rate=0.03cms | flooded=0.1h | vol=0.0e6L"
      }
    },
    {
      "type": "Feature",
      "geometry": {
        "type": "Point",
        "coordinates": [
          3.388367,
          6.600726
        ]
      },
      "properties": {
        "node_id": "J1899",
        "hours_flooded": 0.01,
        "max_rate_cms": 0.024,
        "total_vol_10e6l": 0.0,
        "max_ponded_m": 0.0,
        "elevation_m": 17.66,
        "flood_class": "Nuisance",
        "colour": "#FFF176",
        "pct_nonconverging": null,
        "label": "J1899 | Nuisance | rate=0.02cms | flooded=0.0h | vol=0.0e6L"
      }
    },
    {
      "type": "Feature",
      "geometry": {
        "type": "Point",
        "coordinates": [
          3.371873,
          6.579157
        ]
      },
      "properties": {
        "node_id": "J2261",
        "hours_flooded": 2.0,
        "max_rate_cms": 0.023,
        "total_vol_10e6l": 0.072,
        "max_ponded_m": 0.0,
        "elevation_m": 3.71,
        "flood_class": "Nuisance",
        "colour": "#FFF176",
        "pct_nonconverging": null,
        "label": "J2261 | Nuisance | rate=0.02cms | flooded=2.0h | vol=0.1e6L"
      }
    },
    {
      "type": "Feature",
      "geometry": {
        "type": "Point",
        "coordinates": [
          3.373942,
          6.580941
        ]
      },
      "properties": {
        "node_id": "J2163",
        "hours_flooded": 2.03,
        "max_rate_cms": 0.021,
        "total_vol_10e6l": 0.079,
        "max_ponded_m": 0.0,
        "elevation_m": 2.93,
        "flood_class": "Nuisance",
        "colour": "#FFF176",
        "pct_nonconverging": null,
        "label": "J2163 | Nuisance | rate=0.02cms | flooded=2.0h | vol=0.1e6L"
      }
    },
    {
      "type": "Feature",
      "geometry": {
        "type": "Point",
        "coordinates": [
          3.364752,
          6.614618
        ]
      },
      "properties": {
        "node_id": "J0600",
        "hours_flooded": 4.37,
        "max_rate_cms": 0.019,
        "total_vol_10e6l": 0.039,
        "max_ponded_m": 0.0,
        "elevation_m": 32.62,
        "flood_class": "Nuisance",
        "colour": "#FFF176",
        "pct_nonconverging": null,
        "label": "J0600 | Nuisance | rate=0.02cms | flooded=4.4h | vol=0.0e6L"
      }
    },
    {
      "type": "Feature",
      "geometry": {
        "type": "Point",
        "coordinates": [
          3.510671,
          6.559615
        ]
      },
      "properties": {
        "node_id": "J0799",
        "hours_flooded": 0.35,
        "max_rate_cms": 0.019,
        "total_vol_10e6l": 0.0,
        "max_ponded_m": 0.0,
        "elevation_m": 4.36,
        "flood_class": "Nuisance",
        "colour": "#FFF176",
        "pct_nonconverging": null,
        "label": "J0799 | Nuisance | rate=0.02cms | flooded=0.3h | vol=0.0e6L"
      }
    },
    {
      "type": "Feature",
      "geometry": {
        "type": "Point",
        "coordinates": [
          3.393368,
          6.586118
        ]
      },
      "properties": {
        "node_id": "J1080",
        "hours_flooded": 0.01,
        "max_rate_cms": 0.018,
        "total_vol_10e6l": 0.0,
        "max_ponded_m": 0.0,
        "elevation_m": 5.33,
        "flood_class": "Nuisance",
        "colour": "#FFF176",
        "pct_nonconverging": null,
        "label": "J1080 | Nuisance | rate=0.02cms | flooded=0.0h | vol=0.0e6L"
      }
    },
    {
      "type": "Feature",
      "geometry": {
        "type": "Point",
        "coordinates": [
          3.366312,
          6.616308
        ]
      },
      "properties": {
        "node_id": "J1271",
        "hours_flooded": 1.27,
        "max_rate_cms": 0.018,
        "total_vol_10e6l": 0.059,
        "max_ponded_m": 0.0,
        "elevation_m": 40.47,
        "flood_class": "Nuisance",
        "colour": "#FFF176",
        "pct_nonconverging": null,
        "label": "J1271 | Nuisance | rate=0.02cms | flooded=1.3h | vol=0.1e6L"
      }
    },
    {
      "type": "Feature",
      "geometry": {
        "type": "Point",
        "coordinates": [
          3.403168,
          6.603963
        ]
      },
      "properties": {
        "node_id": "J1843",
        "hours_flooded": 0.41,
        "max_rate_cms": 0.018,
        "total_vol_10e6l": 0.011,
        "max_ponded_m": 0.0,
        "elevation_m": 2.99,
        "flood_class": "Nuisance",
        "colour": "#FFF176",
        "pct_nonconverging": null,
        "label": "J1843 | Nuisance | rate=0.02cms | flooded=0.4h | vol=0.0e6L"
      }
    },
    {
      "type": "Feature",
      "geometry": {
        "type": "Point",
        "coordinates": [
          3.374213,
          6.580845
        ]
      },
      "properties": {
        "node_id": "J2165",
        "hours_flooded": 1.84,
        "max_rate_cms": 0.018,
        "total_vol_10e6l": 0.068,
        "max_ponded_m": 0.0,
        "elevation_m": 2.93,
        "flood_class": "Nuisance",
        "colour": "#FFF176",
        "pct_nonconverging": null,
        "label": "J2165 | Nuisance | rate=0.02cms | flooded=1.8h | vol=0.1e6L"
      }
    },
    {
      "type": "Feature",
      "geometry": {
        "type": "Point",
        "coordinates": [
          3.375329,
          6.599572
        ]
      },
      "properties": {
        "node_id": "J1281",
        "hours_flooded": 0.01,
        "max_rate_cms": 0.017,
        "total_vol_10e6l": 0.0,
        "max_ponded_m": 0.0,
        "elevation_m": 35.95,
        "flood_class": "Nuisance",
        "colour": "#FFF176",
        "pct_nonconverging": null,
        "label": "J1281 | Nuisance | rate=0.02cms | flooded=0.0h | vol=0.0e6L"
      }
    },
    {
      "type": "Feature",
      "geometry": {
        "type": "Point",
        "coordinates": [
          3.476238,
          6.65076
        ]
      },
      "properties": {
        "node_id": "J2236",
        "hours_flooded": 3.26,
        "max_rate_cms": 0.017,
        "total_vol_10e6l": 0.028,
        "max_ponded_m": 0.0,
        "elevation_m": 10.34,
        "flood_class": "Nuisance",
        "colour": "#FFF176",
        "pct_nonconverging": null,
        "label": "J2236 | Nuisance | rate=0.02cms | flooded=3.3h | vol=0.0e6L"
      }
    },
    {
      "type": "Feature",
      "geometry": {
        "type": "Point",
        "coordinates": [
          3.374074,
          6.580878
        ]
      },
      "properties": {
        "node_id": "J2164",
        "hours_flooded": 1.86,
        "max_rate_cms": 0.016,
        "total_vol_10e6l": 0.06,
        "max_ponded_m": 0.0,
        "elevation_m": 2.93,
        "flood_class": "Nuisance",
        "colour": "#FFF176",
        "pct_nonconverging": null,
        "label": "J2164 | Nuisance | rate=0.02cms | flooded=1.9h | vol=0.1e6L"
      }
    },
    {
      "type": "Feature",
      "geometry": {
        "type": "Point",
        "coordinates": [
          3.383682,
          6.586472
        ]
      },
      "properties": {
        "node_id": "J0886",
        "hours_flooded": 0.01,
        "max_rate_cms": 0.015,
        "total_vol_10e6l": 0.0,
        "max_ponded_m": 0.0,
        "elevation_m": 5.94,
        "flood_class": "Nuisance",
        "colour": "#FFF176",
        "pct_nonconverging": null,
        "label": "J0886 | Nuisance | rate=0.01cms | flooded=0.0h | vol=0.0e6L"
      }
    },
    {
      "type": "Feature",
      "geometry": {
        "type": "Point",
        "coordinates": [
          3.510713,
          6.559244
        ]
      },
      "properties": {
        "node_id": "J0797",
        "hours_flooded": 0.39,
        "max_rate_cms": 0.014,
        "total_vol_10e6l": 0.0,
        "max_ponded_m": 0.0,
        "elevation_m": 4.36,
        "flood_class": "Nuisance",
        "colour": "#FFF176",
        "pct_nonconverging": null,
        "label": "J0797 | Nuisance | rate=0.01cms | flooded=0.4h | vol=0.0e6L"
      }
    },
    {
      "type": "Feature",
      "geometry": {
        "type": "Point",
        "coordinates": [
          3.368469,
          6.544706
        ]
      },
      "properties": {
        "node_id": "J0014",
        "hours_flooded": 2.39,
        "max_rate_cms": 0.013,
        "total_vol_10e6l": 0.0,
        "max_ponded_m": 0.0,
        "elevation_m": 9.91,
        "flood_class": "Nuisance",
        "colour": "#FFF176",
        "pct_nonconverging": null,
        "label": "J0014 | Nuisance | rate=0.01cms | flooded=2.4h | vol=0.0e6L"
      }
    },
    {
      "type": "Feature",
      "geometry": {
        "type": "Point",
        "coordinates": [
          3.510678,
          6.559462
        ]
      },
      "properties": {
        "node_id": "J0798",
        "hours_flooded": 0.36,
        "max_rate_cms": 0.013,
        "total_vol_10e6l": 0.0,
        "max_ponded_m": 0.0,
        "elevation_m": 4.36,
        "flood_class": "Nuisance",
        "colour": "#FFF176",
        "pct_nonconverging": null,
        "label": "J0798 | Nuisance | rate=0.01cms | flooded=0.4h | vol=0.0e6L"
      }
    },
    {
      "type": "Feature",
      "geometry": {
        "type": "Point",
        "coordinates": [
          3.400096,
          6.605828
        ]
      },
      "properties": {
        "node_id": "J1865",
        "hours_flooded": 0.16,
        "max_rate_cms": 0.013,
        "total_vol_10e6l": 0.003,
        "max_ponded_m": 0.0,
        "elevation_m": 5.67,
        "flood_class": "Nuisance",
        "colour": "#FFF176",
        "pct_nonconverging": null,
        "label": "J1865 | Nuisance | rate=0.01cms | flooded=0.2h | vol=0.0e6L"
      }
    },
    {
      "type": "Feature",
      "geometry": {
        "type": "Point",
        "coordinates": [
          3.39046,
          6.550081
        ]
      },
      "properties": {
        "node_id": "J0216",
        "hours_flooded": 0.97,
        "max_rate_cms": 0.009,
        "total_vol_10e6l": 0.006,
        "max_ponded_m": 0.0,
        "elevation_m": 6.74,
        "flood_class": "Nuisance",
        "colour": "#FFF176",
        "pct_nonconverging": null,
        "label": "J0216 | Nuisance | rate=0.01cms | flooded=1.0h | vol=0.0e6L"
      }
    },
    {
      "type": "Feature",
      "geometry": {
        "type": "Point",
        "coordinates": [
          3.39191,
          6.548792
        ]
      },
      "properties": {
        "node_id": "J1785",
        "hours_flooded": 0.26,
        "max_rate_cms": 0.009,
        "total_vol_10e6l": 0.001,
        "max_ponded_m": 0.0,
        "elevation_m": 7.61,
        "flood_class": "Nuisance",
        "colour": "#FFF176",
        "pct_nonconverging": null,
        "label": "J1785 | Nuisance | rate=0.01cms | flooded=0.3h | vol=0.0e6L"
      }
    },
    {
      "type": "Feature",
      "geometry": {
        "type": "Point",
        "coordinates": [
          3.39026,
          6.549928
        ]
      },
      "properties": {
        "node_id": "J0217",
        "hours_flooded": 0.83,
        "max_rate_cms": 0.008,
        "total_vol_10e6l": 0.005,
        "max_ponded_m": 0.0,
        "elevation_m": 6.74,
        "flood_class": "Nuisance",
        "colour": "#FFF176",
        "pct_nonconverging": null,
        "label": "J0217 | Nuisance | rate=0.01cms | flooded=0.8h | vol=0.0e6L"
      }
    },
    {
      "type": "Feature",
      "geometry": {
        "type": "Point",
        "coordinates": [
          3.374846,
          6.599332
        ]
      },
      "properties": {
        "node_id": "J0631",
        "hours_flooded": 0.01,
        "max_rate_cms": 0.008,
        "total_vol_10e6l": 0.0,
        "max_ponded_m": 0.0,
        "elevation_m": 35.5,
        "flood_class": "Nuisance",
        "colour": "#FFF176",
        "pct_nonconverging": null,
        "label": "J0631 | Nuisance | rate=0.01cms | flooded=0.0h | vol=0.0e6L"
      }
    },
    {
      "type": "Feature",
      "geometry": {
        "type": "Point",
        "coordinates": [
          3.510715,
          6.558872
        ]
      },
      "properties": {
        "node_id": "J0795",
        "hours_flooded": 0.29,
        "max_rate_cms": 0.008,
        "total_vol_10e6l": 0.0,
        "max_ponded_m": 0.0,
        "elevation_m": 4.36,
        "flood_class": "Nuisance",
        "colour": "#FFF176",
        "pct_nonconverging": null,
        "label": "J0795 | Nuisance | rate=0.01cms | flooded=0.3h | vol=0.0e6L"
      }
    },
    {
      "type": "Feature",
      "geometry": {
        "type": "Point",
        "coordinates": [
          3.364861,
          6.625988
        ]
      },
      "properties": {
        "node_id": "J1244",
        "hours_flooded": 1.37,
        "max_rate_cms": 0.008,
        "total_vol_10e6l": 0.0,
        "max_ponded_m": 0.0,
        "elevation_m": 4.56,
        "flood_class": "Nuisance",
        "colour": "#FFF176",
        "pct_nonconverging": null,
        "label": "J1244 | Nuisance | rate=0.01cms | flooded=1.4h | vol=0.0e6L"
      }
    },
    {
      "type": "Feature",
      "geometry": {
        "type": "Point",
        "coordinates": [
          3.390138,
          6.549842
        ]
      },
      "properties": {
        "node_id": "J0218",
        "hours_flooded": 0.78,
        "max_rate_cms": 0.006,
        "total_vol_10e6l": 0.004,
        "max_ponded_m": 0.0,
        "elevation_m": 6.74,
        "flood_class": "Nuisance",
        "colour": "#FFF176",
        "pct_nonconverging": null,
        "label": "J0218 | Nuisance | rate=0.01cms | flooded=0.8h | vol=0.0e6L"
      }
    },
    {
      "type": "Feature",
      "geometry": {
        "type": "Point",
        "coordinates": [
          3.391758,
          6.605011
        ]
      },
      "properties": {
        "node_id": "J1923",
        "hours_flooded": 0.25,
        "max_rate_cms": 0.006,
        "total_vol_10e6l": 0.0,
        "max_ponded_m": 0.0,
        "elevation_m": 17.26,
        "flood_class": "Nuisance",
        "colour": "#FFF176",
        "pct_nonconverging": null,
        "label": "J1923 | Nuisance | rate=0.01cms | flooded=0.2h | vol=0.0e6L"
      }
    },
    {
      "type": "Feature",
      "geometry": {
        "type": "Point",
        "coordinates": [
          3.509248,
          6.555814
        ]
      },
      "properties": {
        "node_id": "J0780",
        "hours_flooded": 0.01,
        "max_rate_cms": 0.005,
        "total_vol_10e6l": 0.0,
        "max_ponded_m": 0.0,
        "elevation_m": 5.65,
        "flood_class": "Nuisance",
        "colour": "#FFF176",
        "pct_nonconverging": null,
        "label": "J0780 | Nuisance | rate=0.01cms | flooded=0.0h | vol=0.0e6L"
      }
    },
    {
      "type": "Feature",
      "geometry": {
        "type": "Point",
        "coordinates": [
          3.510674,
          6.559958
        ]
      },
      "properties": {
        "node_id": "J0800",
        "hours_flooded": 0.29,
        "max_rate_cms": 0.005,
        "total_vol_10e6l": 0.0,
        "max_ponded_m": 0.0,
        "elevation_m": 4.36,
        "flood_class": "Nuisance",
        "colour": "#FFF176",
        "pct_nonconverging": null,
        "label": "J0800 | Nuisance | rate=0.01cms | flooded=0.3h | vol=0.0e6L"
      }
    },
    {
      "type": "Feature",
      "geometry": {
        "type": "Point",
        "coordinates": [
          3.399311,
          6.586484
        ]
      },
      "properties": {
        "node_id": "J0962",
        "hours_flooded": 0.03,
        "max_rate_cms": 0.005,
        "total_vol_10e6l": 0.0,
        "max_ponded_m": 0.0,
        "elevation_m": 7.22,
        "flood_class": "Nuisance",
        "colour": "#FFF176",
        "pct_nonconverging": null,
        "label": "J0962 | Nuisance | rate=0.01cms | flooded=0.0h | vol=0.0e6L"
      }
    },
    {
      "type": "Feature",
      "geometry": {
        "type": "Point",
        "coordinates": [
          3.403004,
          6.54456
        ]
      },
      "properties": {
        "node_id": "J1826",
        "hours_flooded": 0.01,
        "max_rate_cms": 0.005,
        "total_vol_10e6l": 0.0,
        "max_ponded_m": 0.0,
        "elevation_m": 9.46,
        "flood_class": "Nuisance",
        "colour": "#FFF176",
        "pct_nonconverging": null,
        "label": "J1826 | Nuisance | rate=0.01cms | flooded=0.0h | vol=0.0e6L"
      }
    },
    {
      "type": "Feature",
      "geometry": {
        "type": "Point",
        "coordinates": [
          3.364766,
          6.62704
        ]
      },
      "properties": {
        "node_id": "J1240",
        "hours_flooded": 1.48,
        "max_rate_cms": 0.004,
        "total_vol_10e6l": 0.0,
        "max_ponded_m": 0.0,
        "elevation_m": 4.56,
        "flood_class": "Nuisance",
        "colour": "#FFF176",
        "pct_nonconverging": null,
        "label": "J1240 | Nuisance | rate=0.00cms | flooded=1.5h | vol=0.0e6L"
      }
    },
    {
      "type": "Feature",
      "geometry": {
        "type": "Point",
        "coordinates": [
          3.486324,
          6.603161
        ]
      },
      "properties": {
        "node_id": "J1489",
        "hours_flooded": 0.05,
        "max_rate_cms": 0.004,
        "total_vol_10e6l": 0.0,
        "max_ponded_m": 0.0,
        "elevation_m": 2.44,
        "flood_class": "Nuisance",
        "colour": "#FFF176",
        "pct_nonconverging": null,
        "label": "J1489 | Nuisance | rate=0.00cms | flooded=0.1h | vol=0.0e6L"
      }
    },
    {
      "type": "Feature",
      "geometry": {
        "type": "Point",
        "coordinates": [
          3.497131,
          6.606864
        ]
      },
      "properties": {
        "node_id": "J1519",
        "hours_flooded": 0.29,
        "max_rate_cms": 0.004,
        "total_vol_10e6l": 0.001,
        "max_ponded_m": 0.0,
        "elevation_m": 21.63,
        "flood_class": "Nuisance",
        "colour": "#FFF176",
        "pct_nonconverging": null,
        "label": "J1519 | Nuisance | rate=0.00cms | flooded=0.3h | vol=0.0e6L"
      }
    },
    {
      "type": "Feature",
      "geometry": {
        "type": "Point",
        "coordinates": [
          3.386487,
          6.527281
        ]
      },
      "properties": {
        "node_id": "J0138",
        "hours_flooded": 0.01,
        "max_rate_cms": 0.003,
        "total_vol_10e6l": 0.0,
        "max_ponded_m": 0.0,
        "elevation_m": 1.26,
        "flood_class": "Nuisance",
        "colour": "#FFF176",
        "pct_nonconverging": null,
        "label": "J0138 | Nuisance | rate=0.00cms | flooded=0.0h | vol=0.0e6L"
      }
    },
    {
      "type": "Feature",
      "geometry": {
        "type": "Point",
        "coordinates": [
          3.509259,
          6.55559
        ]
      },
      "properties": {
        "node_id": "J0779",
        "hours_flooded": 0.01,
        "max_rate_cms": 0.003,
        "total_vol_10e6l": 0.0,
        "max_ponded_m": 0.0,
        "elevation_m": 5.65,
        "flood_class": "Nuisance",
        "colour": "#FFF176",
        "pct_nonconverging": null,
        "label": "J0779 | Nuisance | rate=0.00cms | flooded=0.0h | vol=0.0e6L"
      }
    },
    {
      "type": "Feature",
      "geometry": {
        "type": "Point",
        "coordinates": [
          3.386776,
          6.528038
        ]
      },
      "properties": {
        "node_id": "J0141",
        "hours_flooded": 0.01,
        "max_rate_cms": 0.002,
        "total_vol_10e6l": 0.0,
        "max_ponded_m": 0.0,
        "elevation_m": 1.26,
        "flood_class": "Nuisance",
        "colour": "#FFF176",
        "pct_nonconverging": null,
        "label": "J0141 | Nuisance | rate=0.00cms | flooded=0.0h | vol=0.0e6L"
      }
    },
    {
      "type": "Feature",
      "geometry": {
        "type": "Point",
        "coordinates": [
          3.386842,
          6.528227
        ]
      },
      "properties": {
        "node_id": "J0142",
        "hours_flooded": 0.01,
        "max_rate_cms": 0.002,
        "total_vol_10e6l": 0.0,
        "max_ponded_m": 0.0,
        "elevation_m": 1.26,
        "flood_class": "Nuisance",
        "colour": "#FFF176",
        "pct_nonconverging": null,
        "label": "J0142 | Nuisance | rate=0.00cms | flooded=0.0h | vol=0.0e6L"
      }
    },
    {
      "type": "Feature",
      "geometry": {
        "type": "Point",
        "coordinates": [
          3.38692,
          6.52849
        ]
      },
      "properties": {
        "node_id": "J0143",
        "hours_flooded": 0.01,
        "max_rate_cms": 0.002,
        "total_vol_10e6l": 0.0,
        "max_ponded_m": 0.0,
        "elevation_m": 1.26,
        "flood_class": "Nuisance",
        "colour": "#FFF176",
        "pct_nonconverging": null,
        "label": "J0143 | Nuisance | rate=0.00cms | flooded=0.0h | vol=0.0e6L"
      }
    },
    {
      "type": "Feature",
      "geometry": {
        "type": "Point",
        "coordinates": [
          3.387383,
          6.529695
        ]
      },
      "properties": {
        "node_id": "J0146",
        "hours_flooded": 0.01,
        "max_rate_cms": 0.002,
        "total_vol_10e6l": 0.0,
        "max_ponded_m": 0.0,
        "elevation_m": 1.26,
        "flood_class": "Nuisance",
        "colour": "#FFF176",
        "pct_nonconverging": null,
        "label": "J0146 | Nuisance | rate=0.00cms | flooded=0.0h | vol=0.0e6L"
      }
    },
    {
      "type": "Feature",
      "geometry": {
        "type": "Point",
        "coordinates": [
          3.38849,
          6.532175
        ]
      },
      "properties": {
        "node_id": "J0152",
        "hours_flooded": 0.01,
        "max_rate_cms": 0.002,
        "total_vol_10e6l": 0.0,
        "max_ponded_m": 0.0,
        "elevation_m": 1.26,
        "flood_class": "Nuisance",
        "colour": "#FFF176",
        "pct_nonconverging": null,
        "label": "J0152 | Nuisance | rate=0.00cms | flooded=0.0h | vol=0.0e6L"
      }
    },
    {
      "type": "Feature",
      "geometry": {
        "type": "Point",
        "coordinates": [
          3.388572,
          6.532356
        ]
      },
      "properties": {
        "node_id": "J0153",
        "hours_flooded": 0.01,
        "max_rate_cms": 0.002,
        "total_vol_10e6l": 0.0,
        "max_ponded_m": 0.0,
        "elevation_m": 1.26,
        "flood_class": "Nuisance",
        "colour": "#FFF176",
        "pct_nonconverging": null,
        "label": "J0153 | Nuisance | rate=0.00cms | flooded=0.0h | vol=0.0e6L"
      }
    },
    {
      "type": "Feature",
      "geometry": {
        "type": "Point",
        "coordinates": [
          3.388788,
          6.532722
        ]
      },
      "properties": {
        "node_id": "J0154",
        "hours_flooded": 0.01,
        "max_rate_cms": 0.002,
        "total_vol_10e6l": 0.0,
        "max_ponded_m": 0.0,
        "elevation_m": 1.26,
        "flood_class": "Nuisance",
        "colour": "#FFF176",
        "pct_nonconverging": null,
        "label": "J0154 | Nuisance | rate=0.00cms | flooded=0.0h | vol=0.0e6L"
      }
    },
    {
      "type": "Feature",
      "geometry": {
        "type": "Point",
        "coordinates": [
          3.39168,
          6.548787
        ]
      },
      "properties": {
        "node_id": "J1784",
        "hours_flooded": 0.05,
        "max_rate_cms": 0.002,
        "total_vol_10e6l": 0.0,
        "max_ponded_m": 0.0,
        "elevation_m": 7.61,
        "flood_class": "Nuisance",
        "colour": "#FFF176",
        "pct_nonconverging": null,
        "label": "J1784 | Nuisance | rate=0.00cms | flooded=0.1h | vol=0.0e6L"
      }
    },
    {
      "type": "Feature",
      "geometry": {
        "type": "Point",
        "coordinates": [
          3.386377,
          6.527051
        ]
      },
      "properties": {
        "node_id": "J0137",
        "hours_flooded": 0.01,
        "max_rate_cms": 0.001,
        "total_vol_10e6l": 0.0,
        "max_ponded_m": 0.0,
        "elevation_m": 1.26,
        "flood_class": "Nuisance",
        "colour": "#FFF176",
        "pct_nonconverging": null,
        "label": "J0137 | Nuisance | rate=0.00cms | flooded=0.0h | vol=0.0e6L"
      }
    },
    {
      "type": "Feature",
      "geometry": {
        "type": "Point",
        "coordinates": [
          3.386614,
          6.527566
        ]
      },
      "properties": {
        "node_id": "J0139",
        "hours_flooded": 0.01,
        "max_rate_cms": 0.001,
        "total_vol_10e6l": 0.0,
        "max_ponded_m": 0.0,
        "elevation_m": 1.26,
        "flood_class": "Nuisance",
        "colour": "#FFF176",
        "pct_nonconverging": null,
        "label": "J0139 | Nuisance | rate=0.00cms | flooded=0.0h | vol=0.0e6L"
      }
    },
    {
      "type": "Feature",
      "geometry": {
        "type": "Point",
        "coordinates": [
          3.386716,
          6.52785
        ]
      },
      "properties": {
        "node_id": "J0140",
        "hours_flooded": 0.01,
        "max_rate_cms": 0.001,
        "total_vol_10e6l": 0.0,
        "max_ponded_m": 0.0,
        "elevation_m": 1.26,
        "flood_class": "Nuisance",
        "colour": "#FFF176",
        "pct_nonconverging": null,
        "label": "J0140 | Nuisance | rate=0.00cms | flooded=0.0h | vol=0.0e6L"
      }
    },
    {
      "type": "Feature",
      "geometry": {
        "type": "Point",
        "coordinates": [
          3.387094,
          6.529003
        ]
      },
      "properties": {
        "node_id": "J0144",
        "hours_flooded": 0.01,
        "max_rate_cms": 0.001,
        "total_vol_10e6l": 0.0,
        "max_ponded_m": 0.0,
        "elevation_m": 1.26,
        "flood_class": "Nuisance",
        "colour": "#FFF176",
        "pct_nonconverging": null,
        "label": "J0144 | Nuisance | rate=0.00cms | flooded=0.0h | vol=0.0e6L"
      }
    },
    {
      "type": "Feature",
      "geometry": {
        "type": "Point",
        "coordinates": [
          3.387277,
          6.529454
        ]
      },
      "properties": {
        "node_id": "J0145",
        "hours_flooded": 0.01,
        "max_rate_cms": 0.001,
        "total_vol_10e6l": 0.0,
        "max_ponded_m": 0.0,
        "elevation_m": 1.26,
        "flood_class": "Nuisance",
        "colour": "#FFF176",
        "pct_nonconverging": null,
        "label": "J0145 | Nuisance | rate=0.00cms | flooded=0.0h | vol=0.0e6L"
      }
    },
    {
      "type": "Feature",
      "geometry": {
        "type": "Point",
        "coordinates": [
          3.38751,
          6.529998
        ]
      },
      "properties": {
        "node_id": "J0147",
        "hours_flooded": 0.01,
        "max_rate_cms": 0.001,
        "total_vol_10e6l": 0.0,
        "max_ponded_m": 0.0,
        "elevation_m": 1.26,
        "flood_class": "Nuisance",
        "colour": "#FFF176",
        "pct_nonconverging": null,
        "label": "J0147 | Nuisance | rate=0.00cms | flooded=0.0h | vol=0.0e6L"
      }
    },
    {
      "type": "Feature",
      "geometry": {
        "type": "Point",
        "coordinates": [
          3.387646,
          6.530323
        ]
      },
      "properties": {
        "node_id": "J0148",
        "hours_flooded": 0.01,
        "max_rate_cms": 0.001,
        "total_vol_10e6l": 0.0,
        "max_ponded_m": 0.0,
        "elevation_m": 1.26,
        "flood_class": "Nuisance",
        "colour": "#FFF176",
        "pct_nonconverging": null,
        "label": "J0148 | Nuisance | rate=0.00cms | flooded=0.0h | vol=0.0e6L"
      }
    },
    {
      "type": "Feature",
      "geometry": {
        "type": "Point",
        "coordinates": [
          3.387903,
          6.530904
        ]
      },
      "properties": {
        "node_id": "J0149",
        "hours_flooded": 0.01,
        "max_rate_cms": 0.001,
        "total_vol_10e6l": 0.0,
        "max_ponded_m": 0.0,
        "elevation_m": 1.26,
        "flood_class": "Nuisance",
        "colour": "#FFF176",
        "pct_nonconverging": null,
        "label": "J0149 | Nuisance | rate=0.00cms | flooded=0.0h | vol=0.0e6L"
      }
    },
    {
      "type": "Feature",
      "geometry": {
        "type": "Point",
        "coordinates": [
          3.38813,
          6.531393
        ]
      },
      "properties": {
        "node_id": "J0150",
        "hours_flooded": 0.01,
        "max_rate_cms": 0.001,
        "total_vol_10e6l": 0.0,
        "max_ponded_m": 0.0,
        "elevation_m": 1.26,
        "flood_class": "Nuisance",
        "colour": "#FFF176",
        "pct_nonconverging": null,
        "label": "J0150 | Nuisance | rate=0.00cms | flooded=0.0h | vol=0.0e6L"
      }
    },
    {
      "type": "Feature",
      "geometry": {
        "type": "Point",
        "coordinates": [
          3.388316,
          6.53179
        ]
      },
      "properties": {
        "node_id": "J0151",
        "hours_flooded": 0.01,
        "max_rate_cms": 0.001,
        "total_vol_10e6l": 0.0,
        "max_ponded_m": 0.0,
        "elevation_m": 1.26,
        "flood_class": "Nuisance",
        "colour": "#FFF176",
        "pct_nonconverging": null,
        "label": "J0151 | Nuisance | rate=0.00cms | flooded=0.0h | vol=0.0e6L"
      }
    },
    {
      "type": "Feature",
      "geometry": {
        "type": "Point",
        "coordinates": [
          3.388912,
          6.532874
        ]
      },
      "properties": {
        "node_id": "J0155",
        "hours_flooded": 0.01,
        "max_rate_cms": 0.001,
        "total_vol_10e6l": 0.0,
        "max_ponded_m": 0.0,
        "elevation_m": 1.26,
        "flood_class": "Nuisance",
        "colour": "#FFF176",
        "pct_nonconverging": null,
        "label": "J0155 | Nuisance | rate=0.00cms | flooded=0.0h | vol=0.0e6L"
      }
    },
    {
      "type": "Feature",
      "geometry": {
        "type": "Point",
        "coordinates": [
          3.389082,
          6.533067
        ]
      },
      "properties": {
        "node_id": "J0156",
        "hours_flooded": 0.01,
        "max_rate_cms": 0.001,
        "total_vol_10e6l": 0.0,
        "max_ponded_m": 0.0,
        "elevation_m": 1.26,
        "flood_class": "Nuisance",
        "colour": "#FFF176",
        "pct_nonconverging": null,
        "label": "J0156 | Nuisance | rate=0.00cms | flooded=0.0h | vol=0.0e6L"
      }
    },
    {
      "type": "Feature",
      "geometry": {
        "type": "Point",
        "coordinates": [
          3.389237,
          6.533193
        ]
      },
      "properties": {
        "node_id": "J0157",
        "hours_flooded": 0.01,
        "max_rate_cms": 0.001,
        "total_vol_10e6l": 0.0,
        "max_ponded_m": 0.0,
        "elevation_m": 1.26,
        "flood_class": "Nuisance",
        "colour": "#FFF176",
        "pct_nonconverging": null,
        "label": "J0157 | Nuisance | rate=0.00cms | flooded=0.0h | vol=0.0e6L"
      }
    },
    {
      "type": "Feature",
      "geometry": {
        "type": "Point",
        "coordinates": [
          3.389388,
          6.533311
        ]
      },
      "properties": {
        "node_id": "J0158",
        "hours_flooded": 0.01,
        "max_rate_cms": 0.001,
        "total_vol_10e6l": 0.0,
        "max_ponded_m": 0.0,
        "elevation_m": 1.26,
        "flood_class": "Nuisance",
        "colour": "#FFF176",
        "pct_nonconverging": null,
        "label": "J0158 | Nuisance | rate=0.00cms | flooded=0.0h | vol=0.0e6L"
      }
    },
    {
      "type": "Feature",
      "geometry": {
        "type": "Point",
        "coordinates": [
          3.483265,
          6.610877
        ]
      },
      "properties": {
        "node_id": "J0693",
        "hours_flooded": 0.06,
        "max_rate_cms": 0.001,
        "total_vol_10e6l": 0.0,
        "max_ponded_m": 0.0,
        "elevation_m": 3.35,
        "flood_class": "Nuisance",
        "colour": "#FFF176",
        "pct_nonconverging": null,
        "label": "J0693 | Nuisance | rate=0.00cms | flooded=0.1h | vol=0.0e6L"
      }
    },
    {
      "type": "Feature",
      "geometry": {
        "type": "Point",
        "coordinates": [
          3.483651,
          6.610365
        ]
      },
      "properties": {
        "node_id": "J0695",
        "hours_flooded": 0.03,
        "max_rate_cms": 0.001,
        "total_vol_10e6l": 0.0,
        "max_ponded_m": 0.0,
        "elevation_m": 3.35,
        "flood_class": "Nuisance",
        "colour": "#FFF176",
        "pct_nonconverging": null,
        "label": "J0695 | Nuisance | rate=0.00cms | flooded=0.0h | vol=0.0e6L"
      }
    },
    {
      "type": "Feature",
      "geometry": {
        "type": "Point",
        "coordinates": [
          3.393228,
          6.58602
        ]
      },
      "properties": {
        "node_id": "J1084",
        "hours_flooded": 0.01,
        "max_rate_cms": 0.001,
        "total_vol_10e6l": 0.0,
        "max_ponded_m": 0.0,
        "elevation_m": 5.33,
        "flood_class": "Nuisance",
        "colour": "#FFF176",
        "pct_nonconverging": null,
        "label": "J1084 | Nuisance | rate=0.00cms | flooded=0.0h | vol=0.0e6L"
      }
    },
    {
      "type": "Feature",
      "geometry": {
        "type": "Point",
        "coordinates": [
          3.398978,
          6.606605
        ]
      },
      "properties": {
        "node_id": "J1164",
        "hours_flooded": 0.07,
        "max_rate_cms": 0.001,
        "total_vol_10e6l": 0.0,
        "max_ponded_m": 0.0,
        "elevation_m": 4.65,
        "flood_class": "Nuisance",
        "colour": "#FFF176",
        "pct_nonconverging": null,
        "label": "J1164 | Nuisance | rate=0.00cms | flooded=0.1h | vol=0.0e6L"
      }
    },
    {
      "type": "Feature",
      "geometry": {
        "type": "Point",
        "coordinates": [
          3.477297,
          6.564612
        ]
      },
      "properties": {
        "node_id": "J1644",
        "hours_flooded": 0.11,
        "max_rate_cms": 0.001,
        "total_vol_10e6l": 0.0,
        "max_ponded_m": 0.0,
        "elevation_m": 6.23,
        "flood_class": "Nuisance",
        "colour": "#FFF176",
        "pct_nonconverging": null,
        "label": "J1644 | Nuisance | rate=0.00cms | flooded=0.1h | vol=0.0e6L"
      }
    },
    {
      "type": "Feature",
      "geometry": {
        "type": "Point",
        "coordinates": [
          3.475612,
          6.559104
        ]
      },
      "properties": {
        "node_id": "J1661",
        "hours_flooded": 0.12,
        "max_rate_cms": 0.001,
        "total_vol_10e6l": 0.0,
        "max_ponded_m": 0.0,
        "elevation_m": 6.87,
        "flood_class": "Nuisance",
        "colour": "#FFF176",
        "pct_nonconverging": null,
        "label": "J1661 | Nuisance | rate=0.00cms | flooded=0.1h | vol=0.0e6L"
      }
    },
    {
      "type": "Feature",
      "geometry": {
        "type": "Point",
        "coordinates": [
          3.505734,
          6.593962
        ]
      },
      "properties": {
        "node_id": "J1976",
        "hours_flooded": 0.02,
        "max_rate_cms": 0.001,
        "total_vol_10e6l": 0.0,
        "max_ponded_m": 0.0,
        "elevation_m": 7.02,
        "flood_class": "Nuisance",
        "colour": "#FFF176",
        "pct_nonconverging": null,
        "label": "J1976 | Nuisance | rate=0.00cms | flooded=0.0h | vol=0.0e6L"
      }
    },
    {
      "type": "Feature",
      "geometry": {
        "type": "Point",
        "coordinates": [
          3.388627,
          6.532619
        ]
      },
      "properties": {
        "node_id": "J2270",
        "hours_flooded": 0.01,
        "max_rate_cms": 0.001,
        "total_vol_10e6l": 0.0,
        "max_ponded_m": 0.0,
        "elevation_m": 1.26,
        "flood_class": "Nuisance",
        "colour": "#FFF176",
        "pct_nonconverging": null,
        "label": "J2270 | Nuisance | rate=0.00cms | flooded=0.0h | vol=0.0e6L"
      }
    },
    {
      "type": "Feature",
      "geometry": {
        "type": "Point",
        "coordinates": [
          3.386896,
          6.528642
        ]
      },
      "properties": {
        "node_id": "J2271",
        "hours_flooded": 0.01,
        "max_rate_cms": 0.001,
        "total_vol_10e6l": 0.0,
        "max_ponded_m": 0.0,
        "elevation_m": 1.26,
        "flood_class": "Nuisance",
        "colour": "#FFF176",
        "pct_nonconverging": null,
        "label": "J2271 | Nuisance | rate=0.00cms | flooded=0.0h | vol=0.0e6L"
      }
    },
    {
      "type": "Feature",
      "geometry": {
        "type": "Point",
        "coordinates": [
          3.386355,
          6.527202
        ]
      },
      "properties": {
        "node_id": "J2272",
        "hours_flooded": 0.01,
        "max_rate_cms": 0.001,
        "total_vol_10e6l": 0.0,
        "max_ponded_m": 0.0,
        "elevation_m": 1.26,
        "flood_class": "Nuisance",
        "colour": "#FFF176",
        "pct_nonconverging": null,
        "label": "J2272 | Nuisance | rate=0.00cms | flooded=0.0h | vol=0.0e6L"
      }
    },
    {
      "type": "Feature",
      "geometry": {
        "type": "Point",
        "coordinates": [
          3.386339,
          6.526831
        ]
      },
      "properties": {
        "node_id": "J0136",
        "hours_flooded": 0.01,
        "max_rate_cms": 0.0,
        "total_vol_10e6l": 0.0,
        "max_ponded_m": 0.0,
        "elevation_m": 1.26,
        "flood_class": "Nuisance",
        "colour": "#FFF176",
        "pct_nonconverging": null,
        "label": "J0136 | Nuisance | rate=0.00cms | flooded=0.0h | vol=0.0e6L"
      }
    },
    {
      "type": "Feature",
      "geometry": {
        "type": "Point",
        "coordinates": [
          3.396605,
          6.546949
        ]
      },
      "properties": {
        "node_id": "J0240",
        "hours_flooded": 0.01,
        "max_rate_cms": 0.0,
        "total_vol_10e6l": 0.0,
        "max_ponded_m": 0.0,
        "elevation_m": 4.1,
        "flood_class": "Nuisance",
        "colour": "#FFF176",
        "pct_nonconverging": null,
        "label": "J0240 | Nuisance | rate=0.00cms | flooded=0.0h | vol=0.0e6L"
      }
    },
    {
      "type": "Feature",
      "geometry": {
        "type": "Point",
        "coordinates": [
          3.397305,
          6.547028
        ]
      },
      "properties": {
        "node_id": "J0243",
        "hours_flooded": 0.01,
        "max_rate_cms": 0.0,
        "total_vol_10e6l": 0.0,
        "max_ponded_m": 0.0,
        "elevation_m": 4.1,
        "flood_class": "Nuisance",
        "colour": "#FFF176",
        "pct_nonconverging": null,
        "label": "J0243 | Nuisance | rate=0.00cms | flooded=0.0h | vol=0.0e6L"
      }
    },
    {
      "type": "Feature",
      "geometry": {
        "type": "Point",
        "coordinates": [
          3.39841,
          6.551663
        ]
      },
      "properties": {
        "node_id": "J0273",
        "hours_flooded": 0.03,
        "max_rate_cms": 0.0,
        "total_vol_10e6l": 0.0,
        "max_ponded_m": 0.0,
        "elevation_m": 7.98,
        "flood_class": "Nuisance",
        "colour": "#FFF176",
        "pct_nonconverging": null,
        "label": "J0273 | Nuisance | rate=0.00cms | flooded=0.0h | vol=0.0e6L"
      }
    },
    {
      "type": "Feature",
      "geometry": {
        "type": "Point",
        "coordinates": [
          3.4038,
          6.548919
        ]
      },
      "properties": {
        "node_id": "J0330",
        "hours_flooded": 0.35,
        "max_rate_cms": 0.0,
        "total_vol_10e6l": 0.0,
        "max_ponded_m": 0.0,
        "elevation_m": 10.76,
        "flood_class": "Nuisance",
        "colour": "#FFF176",
        "pct_nonconverging": null,
        "label": "J0330 | Nuisance | rate=0.00cms | flooded=0.3h | vol=0.0e6L"
      }
    },
    {
      "type": "Feature",
      "geometry": {
        "type": "Point",
        "coordinates": [
          3.374862,
          6.628599
        ]
      },
      "properties": {
        "node_id": "J0411",
        "hours_flooded": 0.01,
        "max_rate_cms": 0.0,
        "total_vol_10e6l": 0.0,
        "max_ponded_m": 0.0,
        "elevation_m": 21.15,
        "flood_class": "Nuisance",
        "colour": "#FFF176",
        "pct_nonconverging": null,
        "label": "J0411 | Nuisance | rate=0.00cms | flooded=0.0h | vol=0.0e6L"
      }
    },
    {
      "type": "Feature",
      "geometry": {
        "type": "Point",
        "coordinates": [
          3.373457,
          6.599453
        ]
      },
      "properties": {
        "node_id": "J0627",
        "hours_flooded": 0.01,
        "max_rate_cms": 0.0,
        "total_vol_10e6l": 0.0,
        "max_ponded_m": 0.0,
        "elevation_m": 34.22,
        "flood_class": "Nuisance",
        "colour": "#FFF176",
        "pct_nonconverging": null,
        "label": "J0627 | Nuisance | rate=0.00cms | flooded=0.0h | vol=0.0e6L"
      }
    },
    {
      "type": "Feature",
      "geometry": {
        "type": "Point",
        "coordinates": [
          3.384803,
          6.582145
        ]
      },
      "properties": {
        "node_id": "J0901",
        "hours_flooded": 0.01,
        "max_rate_cms": 0.0,
        "total_vol_10e6l": 0.0,
        "max_ponded_m": 0.0,
        "elevation_m": 8.63,
        "flood_class": "Nuisance",
        "colour": "#FFF176",
        "pct_nonconverging": null,
        "label": "J0901 | Nuisance | rate=0.00cms | flooded=0.0h | vol=0.0e6L"
      }
    },
    {
      "type": "Feature",
      "geometry": {
        "type": "Point",
        "coordinates": [
          3.389336,
          6.576872
        ]
      },
      "properties": {
        "node_id": "J0914",
        "hours_flooded": 0.03,
        "max_rate_cms": 0.0,
        "total_vol_10e6l": 0.0,
        "max_ponded_m": 0.0,
        "elevation_m": 18.62,
        "flood_class": "Nuisance",
        "colour": "#FFF176",
        "pct_nonconverging": null,
        "label": "J0914 | Nuisance | rate=0.00cms | flooded=0.0h | vol=0.0e6L"
      }
    },
    {
      "type": "Feature",
      "geometry": {
        "type": "Point",
        "coordinates": [
          3.390052,
          6.576099
        ]
      },
      "properties": {
        "node_id": "J0919",
        "hours_flooded": 0.01,
        "max_rate_cms": 0.0,
        "total_vol_10e6l": 0.0,
        "max_ponded_m": 0.0,
        "elevation_m": 21.86,
        "flood_class": "Nuisance",
        "colour": "#FFF176",
        "pct_nonconverging": null,
        "label": "J0919 | Nuisance | rate=0.00cms | flooded=0.0h | vol=0.0e6L"
      }
    },
    {
      "type": "Feature",
      "geometry": {
        "type": "Point",
        "coordinates": [
          3.391837,
          6.595868
        ]
      },
      "properties": {
        "node_id": "J1148",
        "hours_flooded": 0.17,
        "max_rate_cms": 0.0,
        "total_vol_10e6l": 0.0,
        "max_ponded_m": 0.0,
        "elevation_m": 12.75,
        "flood_class": "Nuisance",
        "colour": "#FFF176",
        "pct_nonconverging": null,
        "label": "J1148 | Nuisance | rate=0.00cms | flooded=0.2h | vol=0.0e6L"
      }
    },
    {
      "type": "Feature",
      "geometry": {
        "type": "Point",
        "coordinates": [
          3.496978,
          6.606737
        ]
      },
      "properties": {
        "node_id": "J1518",
        "hours_flooded": 0.02,
        "max_rate_cms": 0.0,
        "total_vol_10e6l": 0.0,
        "max_ponded_m": 0.0,
        "elevation_m": 21.63,
        "flood_class": "Nuisance",
        "colour": "#FFF176",
        "pct_nonconverging": null,
        "label": "J1518 | Nuisance | rate=0.00cms | flooded=0.0h | vol=0.0e6L"
      }
    },
    {
      "type": "Feature",
      "geometry": {
        "type": "Point",
        "coordinates": [
          3.492142,
          6.585147
        ]
      },
      "properties": {
        "node_id": "J1582",
        "hours_flooded": 0.04,
        "max_rate_cms": 0.0,
        "total_vol_10e6l": 0.0,
        "max_ponded_m": 0.0,
        "elevation_m": 5.38,
        "flood_class": "Nuisance",
        "colour": "#FFF176",
        "pct_nonconverging": null,
        "label": "J1582 | Nuisance | rate=0.00cms | flooded=0.0h | vol=0.0e6L"
      }
    },
    {
      "type": "Feature",
      "geometry": {
        "type": "Point",
        "coordinates": [
          3.391449,
          6.548802
        ]
      },
      "properties": {
        "node_id": "J1783",
        "hours_flooded": 0.01,
        "max_rate_cms": 0.0,
        "total_vol_10e6l": 0.0,
        "max_ponded_m": 0.0,
        "elevation_m": 7.61,
        "flood_class": "Nuisance",
        "colour": "#FFF176",
        "pct_nonconverging": null,
        "label": "J1783 | Nuisance | rate=0.00cms | flooded=0.0h | vol=0.0e6L"
      }
    },
    {
      "type": "Feature",
      "geometry": {
        "type": "Point",
        "coordinates": [
          3.401387,
          6.548956
        ]
      },
      "properties": {
        "node_id": "J1838",
        "hours_flooded": 0.09,
        "max_rate_cms": 0.0,
        "total_vol_10e6l": 0.0,
        "max_ponded_m": 0.0,
        "elevation_m": 9.94,
        "flood_class": "Nuisance",
        "colour": "#FFF176",
        "pct_nonconverging": null,
        "label": "J1838 | Nuisance | rate=0.00cms | flooded=0.1h | vol=0.0e6L"
      }
    },
    {
      "type": "Feature",
      "geometry": {
        "type": "Point",
        "coordinates": [
          3.393914,
          6.607782
        ]
      },
      "properties": {
        "node_id": "J1931",
        "hours_flooded": 0.01,
        "max_rate_cms": 0.0,
        "total_vol_10e6l": 0.0,
        "max_ponded_m": 0.0,
        "elevation_m": 15.21,
        "flood_class": "Nuisance",
        "colour": "#FFF176",
        "pct_nonconverging": null,
        "label": "J1931 | Nuisance | rate=0.00cms | flooded=0.0h | vol=0.0e6L"
      }
    },
    {
      "type": "Feature",
      "geometry": {
        "type": "Point",
        "coordinates": [
          3.505249,
          6.594372
        ]
      },
      "properties": {
        "node_id": "J1974",
        "hours_flooded": 0.54,
        "max_rate_cms": 0.0,
        "total_vol_10e6l": 0.0,
        "max_ponded_m": 0.0,
        "elevation_m": 7.02,
        "flood_class": "Nuisance",
        "colour": "#FFF176",
        "pct_nonconverging": null,
        "label": "J1974 | Nuisance | rate=0.00cms | flooded=0.5h | vol=0.0e6L"
      }
    },
    {
      "type": "Feature",
      "geometry": {
        "type": "Point",
        "coordinates": [
          3.48336,
          6.629071
        ]
      },
      "properties": {
        "node_id": "J2219",
        "hours_flooded": 0.05,
        "max_rate_cms": 0.0,
        "total_vol_10e6l": 0.0,
        "max_ponded_m": 0.0,
        "elevation_m": 9.58,
        "flood_class": "Nuisance",
        "colour": "#FFF176",
        "pct_nonconverging": null,
        "label": "J2219 | Nuisance | rate=0.00cms | flooded=0.1h | vol=0.0e6L"
      }
    },
    {
      "type": "Feature",
      "geometry": {
        "type": "Point",
        "coordinates": [
          3.393234,
          6.597401
        ]
      },
      "properties": {
        "node_id": "J2266",
        "hours_flooded": 0.01,
        "max_rate_cms": 0.0,
        "total_vol_10e6l": 0.0,
        "max_ponded_m": 0.0,
        "elevation_m": 10.41,
        "flood_class": "Nuisance",
        "colour": "#FFF176",
        "pct_nonconverging": null,
        "label": "J2266 | Nuisance | rate=0.00cms | flooded=0.0h | vol=0.0e6L"
      }
    }
  ],
  "metadata": {
    "source": "SWMM 5.2.4 Node Flooding Summary",
    "design_storm_mm": 150,
    "storm_duration_hr": 4,
    "pilot_area": "Kosofe, Lagos",
    "n_flooded_nodes": 1185,
    "severity_counts": {
      "Severe": 517,
      "Moderate": 496,
      "Nuisance": 172
    },
    "severity_basis": "peak_overflow_rate_cms"
  }
}